대여소ID,Z1,Z2,cluster,time_group
ST-10,1.38031204635383,-1.32318100636027,4,morning_commute
ST-1000,-1.5594295520056,-1.27579906799305,3,morning_commute
ST-1002,-1.17755567901312,-1.63777552078632,3,morning_commute
ST-1003,-0.345433082440519,2.60314247914493,2,morning_commute
ST-1004,-1.98952252078795,-0.628574813085441,3,morning_commute
ST-1005,-1.46003460572873,-1.41204065799429,3,morning_commute
ST-1006,-1.12960929805848,-1.80842495777407,3,morning_commute
ST-1007,-1.86149085360844,-1.20098623427374,3,morning_commute
ST-1008,-1.70459761248908,-1.52715972298763,3,morning_commute
ST-101,2.84052340384821,-0.628778740629046,1,morning_commute
ST-1010,-2.11625043714761,-1.03706929836238,3,morning_commute
ST-1011,-2.109970498608,-1.23200894038094,3,morning_commute
ST-1012,-2.60718513912061,-1.13817944194245,3,morning_commute
ST-1013,-1.39140390277616,-1.6330807698995,3,morning_commute
ST-1014,-1.97618241374772,-0.621900124196467,3,morning_commute
ST-1015,-0.956782348970729,-1.86232453546423,3,morning_commute
ST-1016,-1.73465998837665,-0.957560132081058,3,morning_commute
ST-1017,-1.0649799111243,-2.06146652314136,3,morning_commute
ST-1018,-1.12086473680999,-1.73626827344477,3,morning_commute
ST-1019,-1.16991317410112,-1.51092862413359,3,morning_commute
ST-102,0.18469856334799,-1.25284968592271,4,morning_commute
ST-1020,2.77721651452558,0.695657555347377,1,morning_commute
ST-1023,0.0431468376407853,2.66001167185308,2,morning_commute
ST-1024,-0.0787329984962947,0.8321558989717,2,morning_commute
ST-1025,0.605187970845812,-0.759617264781549,4,morning_commute
ST-1027,-0.289943988447771,1.30603101483796,2,morning_commute
ST-1028,-0.691397796045797,1.80594679040042,2,morning_commute
ST-1029,0.514349354790361,-0.366701494433213,4,morning_commute
ST-103,-0.133374252901462,-1.09346226515186,4,morning_commute
ST-1031,-0.407244143991662,1.39594563034063,2,morning_commute
ST-1032,-0.120904065280449,0.223309762735739,2,morning_commute
ST-1033,0.169220043984608,0.0430491733646343,4,morning_commute
ST-1034,1.30444633952017,-1.16281335598797,4,morning_commute
ST-1035,0.123604246858418,0.209934152004097,2,morning_commute
ST-1036,0.840859602928372,-0.878157449424226,4,morning_commute
ST-1037,1.08925096731371,-0.00375302713011903,1,morning_commute
ST-1038,0.146100512248593,0.0917141153654988,4,morning_commute
ST-1039,0.0655201582555126,0.482149399353659,2,morning_commute
ST-104,-2.18744880115404,0.556964597299375,2,morning_commute
ST-1040,1.7678242636839,0.409543856167818,1,morning_commute
ST-1041,1.19747714314415,-0.0214024115526277,1,morning_commute
ST-1042,1.92393424201016,0.487256826906453,1,morning_commute
ST-1043,-1.134420885229,2.52028870987055,2,morning_commute
ST-1044,1.15469159075849,0.0783504951832316,1,morning_commute
ST-1045,1.15562770143037,-0.0270500842237552,1,morning_commute
ST-1046,1.20999014740281,0.0523249140026211,1,morning_commute
ST-1047,0.871726832390369,-0.0810817071686508,4,morning_commute
ST-1048,1.55233190628679,-0.00476590767919606,1,morning_commute
ST-1049,1.84752019104448,-0.0864352009636546,1,morning_commute
ST-105,-0.17057237229154,-0.880533263195598,4,morning_commute
ST-1050,1.84050217233332,0.146719080419479,1,morning_commute
ST-1051,1.8843842727564,0.572654947905097,1,morning_commute
ST-1052,-1.77769208685492,0.955803786047019,2,morning_commute
ST-1053,1.58903429745931,0.291450149312498,1,morning_commute
ST-1054,2.11298999389876,0.602496916821083,1,morning_commute
ST-1055,2.08529593133909,0.0657863044519121,1,morning_commute
ST-1056,1.75114391360747,0.342526029008708,1,morning_commute
ST-1058,1.93163075844538,0.409066115654995,1,morning_commute
ST-1059,1.94763893962899,0.452636168946055,1,morning_commute
ST-106,-1.20808993229942,-3.10806790184713,3,morning_commute
ST-1061,1.38207762174556,0.0592189492330144,1,morning_commute
ST-1062,-2.43561926164481,-1.21006541326044,3,morning_commute
ST-1063,-2.47109501819846,-1.31078257436795,3,morning_commute
ST-1064,-2.55569931131989,-1.41755318806022,3,morning_commute
ST-1065,-2.35995903668457,-1.66125904132811,3,morning_commute
ST-1067,-2.12546915988008,-1.52256151357064,3,morning_commute
ST-1069,-1.94107273222131,-1.52228604910018,3,morning_commute
ST-107,-0.239822946660546,-1.21543231751436,4,morning_commute
ST-1070,0.778107039761025,0.780063055712091,1,morning_commute
ST-1072,0.911254068801247,0.851458966115497,1,morning_commute
ST-1075,0.755508992252444,1.30064674918228,1,morning_commute
ST-1076,0.635521803797599,1.57782005899954,1,morning_commute
ST-1077,0.647256430974622,1.34309468534833,1,morning_commute
ST-1078,1.0232958130539,0.985835602021861,1,morning_commute
ST-1079,0.690987122885622,0.917720771202704,1,morning_commute
ST-108,-0.0442694558919549,-0.865080785361813,4,morning_commute
ST-1081,0.791741250800003,0.604486580231804,1,morning_commute
ST-1082,0.224265165953014,1.7586506758316,2,morning_commute
ST-1083,1.15435522622619,0.0906024369645698,1,morning_commute
ST-1084,0.637919739968631,1.36820925036847,1,morning_commute
ST-1085,0.604031988779316,1.76803614148605,1,morning_commute
ST-1086,1.23801986817602,0.492702099768713,1,morning_commute
ST-1087,1.36560823001913,0.137030391302854,1,morning_commute
ST-1088,1.24527670569841,0.501580358751545,1,morning_commute
ST-1089,0.923148368893563,1.04672668029169,1,morning_commute
ST-109,-0.307897971611515,-0.675692121503209,4,morning_commute
ST-1092,1.19613377646918,0.059388803975368,1,morning_commute
ST-1093,-0.00607895394038314,-0.0415921070876026,4,morning_commute
ST-1094,-0.562050898199004,2.31558572092254,2,morning_commute
ST-1095,-0.180750526958185,-0.144899551624422,4,morning_commute
ST-1096,0.456227094806363,-0.840270289123635,4,morning_commute
ST-1097,-0.184697547682146,-0.0798865989266304,4,morning_commute
ST-1098,-0.151636097939404,-0.148169182853413,4,morning_commute
ST-1099,-0.208657523599217,-0.0104282255342661,2,morning_commute
ST-11,1.60064151494169,-1.37250252128702,4,morning_commute
ST-110,1.01784413274755,-1.61289145890308,4,morning_commute
ST-1100,0.716705667183445,0.534593484272846,1,morning_commute
ST-1101,0.354985160283408,0.89496263059473,1,morning_commute
ST-1102,-0.313877846829457,0.82808157429431,2,morning_commute
ST-1103,0.557435552902378,0.867832911218729,1,morning_commute
ST-1104,0.841133471344154,0.764754658430897,1,morning_commute
ST-1105,-0.0465676004426651,0.809172048820364,2,morning_commute
ST-1106,0.345339928951734,0.833098024328064,1,morning_commute
ST-1107,0.648173609587919,0.957531551376706,1,morning_commute
ST-1108,3.10575047463612,0.0387639860768343,1,morning_commute
ST-1109,0.621491964159556,0.950482788623188,1,morning_commute
ST-111,0.0317429497038959,-0.768379608074879,4,morning_commute
ST-1110,0.808327410457719,1.1098338712364,1,morning_commute
ST-1111,-0.0207372768903662,0.108085725469196,2,morning_commute
ST-1114,-0.0742131479960766,0.917667621676604,2,morning_commute
ST-1118,-0.248062450523107,0.939691064634868,2,morning_commute
ST-1119,-0.19779457782861,1.32698613557158,2,morning_commute
ST-112,-0.156493373361585,-0.903759469945389,4,morning_commute
ST-1120,-0.0946571822442695,1.37721846026897,2,morning_commute
ST-1121,-0.251311954997706,1.07163349478675,2,morning_commute
ST-1122,-0.19716630911067,1.11035388171581,2,morning_commute
ST-1123,-0.115551549671311,0.521292316938892,2,morning_commute
ST-1124,-0.0847978613441119,0.955485311454668,2,morning_commute
ST-1125,-0.143805209853688,1.21358941046033,2,morning_commute
ST-1127,-0.426795092305638,0.944718583227273,2,morning_commute
ST-1128,-0.274411104972052,1.0805290470954,2,morning_commute
ST-1129,-0.206567239288327,1.14674969477099,2,morning_commute
ST-113,3.22065835358986,1.03372661141592,1,morning_commute
ST-1130,0.429612905727016,0.603042063822875,1,morning_commute
ST-1131,0.844676514574524,0.656665005923518,1,morning_commute
ST-1132,-0.361167800566211,1.42458063446228,2,morning_commute
ST-1133,1.58247576448274,2.8343131305132,1,morning_commute
ST-1135,0.188219110827425,1.53244952091036,2,morning_commute
ST-1136,-0.300215785951374,1.11098339372009,2,morning_commute
ST-1137,-0.989240302616947,-2.64708810470552,3,morning_commute
ST-114,-0.306334695786297,-0.936598708416095,4,morning_commute
ST-1140,-1.16563554690459,-0.705915578436047,3,morning_commute
ST-1141,-1.38091374023873,-0.445328519622088,3,morning_commute
ST-1142,-1.43046425229721,-0.400878525593303,3,morning_commute
ST-1143,-1.79137545959644,-0.208377160593523,3,morning_commute
ST-1144,-0.809581610464087,-0.823518908424182,3,morning_commute
ST-1146,-1.03453545205461,1.45299371536354,2,morning_commute
ST-1147,-1.35784803951833,-0.606408962847777,3,morning_commute
ST-1148,-1.13881545906701,-0.643095626857791,3,morning_commute
ST-1149,-1.34856994143588,-0.574341721522341,3,morning_commute
ST-1150,0.834819770596229,-1.18756856213956,4,morning_commute
ST-1151,-0.148856827139793,-1.05344605725671,4,morning_commute
ST-1152,2.27707595880092,0.889554079016379,1,morning_commute
ST-1153,1.44779122489364,0.812902619930798,1,morning_commute
ST-1154,2.08891422349408,1.01139101280748,1,morning_commute
ST-1156,-0.528068674667225,-1.00009649881484,4,morning_commute
ST-1157,2.70480594461821,-0.982593878624112,1,morning_commute
ST-1158,1.97495874449819,1.11413221829898,1,morning_commute
ST-116,-1.10088768326828,0.698236735295506,2,morning_commute
ST-1160,-0.758980930994703,-1.12885243943112,3,morning_commute
ST-1161,2.0118909553988,-0.510763334031325,1,morning_commute
ST-1162,1.59587033597822,2.16465698769,1,morning_commute
ST-1163,1.98941838884201,0.36218383678059,1,morning_commute
ST-1164,1.71673530316292,0.80091935886112,1,morning_commute
ST-1165,1.60562020064317,1.68433068432292,1,morning_commute
ST-1166,1.43631982947864,1.76529450227227,1,morning_commute
ST-1167,1.13235737166887,1.98434767445525,1,morning_commute
ST-1168,1.36790877094869,1.78876157620193,1,morning_commute
ST-1169,1.99966349683656,-0.20460233834451,1,morning_commute
ST-117,-1.38543979184894,0.758361063173769,2,morning_commute
ST-1170,3.0921593299289,-0.353022725870624,1,morning_commute
ST-1171,2.13489732767416,-0.304380768995615,1,morning_commute
ST-1172,1.8558170674,0.183298825647332,1,morning_commute
ST-1173,1.74059951867572,-0.294755887746698,1,morning_commute
ST-1174,2.19563708131796,-0.0946986401755344,1,morning_commute
ST-1177,1.1307215529392,1.68674681579303,1,morning_commute
ST-1178,1.57365166305337,0.817818508671337,1,morning_commute
ST-1179,1.39024629029041,1.48001833525462,1,morning_commute
ST-118,-1.13657410430672,0.585662758079108,2,morning_commute
ST-1180,2.08257864227043,0.143814576951012,1,morning_commute
ST-1181,1.3471192031853,1.58661324111878,1,morning_commute
ST-1182,1.77399289157236,1.47985157307057,1,morning_commute
ST-1184,1.09532852764692,1.6389559453928,1,morning_commute
ST-1185,0.802622160539647,1.90354867841433,1,morning_commute
ST-1186,0.781234917646841,1.67260864682438,1,morning_commute
ST-1188,0.558567481586601,-0.297869396842104,4,morning_commute
ST-1189,0.900181033760629,-1.04176057582662,4,morning_commute
ST-119,-1.26995499572051,0.632883420168912,2,morning_commute
ST-1190,0.545848868351795,-1.44502343659426,4,morning_commute
ST-1191,0.0835596319180906,-1.21481793689325,4,morning_commute
ST-1192,-0.113691062597975,-1.05440344170244,4,morning_commute
ST-1193,-0.125265221121617,-0.966051240356333,4,morning_commute
ST-1194,0.0568052798914806,-1.15615742816336,4,morning_commute
ST-1195,0.191250317206197,-0.527559527318895,4,morning_commute
ST-1197,-1.11411180009418,0.361283744478188,2,morning_commute
ST-1198,-1.15560138962048,0.378559176049394,2,morning_commute
ST-1199,0.165316578127056,-1.39520553337552,4,morning_commute
ST-12,1.07023645866554,-1.12643372368054,4,morning_commute
ST-120,-2.42733787628508,-1.88664251020966,3,morning_commute
ST-1200,-1.29409380515804,0.889245549656654,2,morning_commute
ST-1201,-0.70522397397855,0.686739928661345,2,morning_commute
ST-1202,-1.21638974138181,0.883860585651671,2,morning_commute
ST-1203,-0.284392085905131,0.70239765624085,2,morning_commute
ST-1204,0.227597482210271,0.415361965164141,2,morning_commute
ST-1206,-2.07118832927135,0.874081657670882,2,morning_commute
ST-1207,-1.70490275091233,1.05850428343435,2,morning_commute
ST-1208,-0.98149758647631,1.60902115527584,2,morning_commute
ST-121,-1.14948566407949,0.554107647554233,2,morning_commute
ST-1210,-0.776607173082346,0.864788722427588,2,morning_commute
ST-1211,-0.758047324448586,0.738629774923591,2,morning_commute
ST-1212,-1.07162457919304,0.831662217897435,2,morning_commute
ST-1213,0.38166339613037,0.489855683758884,1,morning_commute
ST-1215,-1.28718217138435,0.613794893768211,2,morning_commute
ST-1216,-1.43121072553153,1.3082313052781,2,morning_commute
ST-1217,-0.664144127270386,0.776715455767748,2,morning_commute
ST-1218,-1.18566156033299,-1.08265364369728,3,morning_commute
ST-1219,-1.41993260246842,-0.6097219549635,3,morning_commute
ST-122,-0.532426361463431,-2.37529213332382,3,morning_commute
ST-1220,-0.7486737671094,-0.803652993585243,3,morning_commute
ST-1221,-0.775970461238607,-1.08382623236385,3,morning_commute
ST-1222,-0.729730015532032,-1.44494997616776,3,morning_commute
ST-1223,-0.61329218393624,-1.46011195758797,3,morning_commute
ST-1224,-1.04823096785085,-0.835294794799798,3,morning_commute
ST-1226,-1.31846414016048,-0.911106896326597,3,morning_commute
ST-1227,-1.2708219544392,-1.05555107368021,3,morning_commute
ST-1228,-1.24400252555063,-0.890579486705224,3,morning_commute
ST-1229,-1.80463613064371,-0.484257525155543,3,morning_commute
ST-123,-1.15638829567523,0.720188431354331,2,morning_commute
ST-1230,-0.965579808136506,2.22090800988819,2,morning_commute
ST-1231,-1.76893948498554,-1.01287039321609,3,morning_commute
ST-1233,-1.00453460092385,0.625038419692896,2,morning_commute
ST-1235,-1.44200647891882,-0.44192103848484,3,morning_commute
ST-1236,-1.37183433859254,-1.05119231023483,3,morning_commute
ST-1237,-0.855320607176655,-0.993252557961105,3,morning_commute
ST-1238,-1.28050282308332,-0.526343556041458,3,morning_commute
ST-1239,-1.30904731004876,-0.445287415290392,3,morning_commute
ST-124,-1.1787882168893,0.604501832964726,2,morning_commute
ST-1241,-1.75887583541709,-0.861363625096437,3,morning_commute
ST-1243,-1.36881911085618,-0.253134853722594,3,morning_commute
ST-1245,1.58760009839192,0.778619683821114,1,morning_commute
ST-1246,1.83089146626069,0.596297716000311,1,morning_commute
ST-1247,1.75116188623496,1.52101923668301,1,morning_commute
ST-1248,0.729384802306631,2.08764152295273,1,morning_commute
ST-1249,-1.98333778055757,-1.57909317527027,3,morning_commute
ST-125,-1.22332089353614,0.696773497888265,2,morning_commute
ST-1250,-2.48760066423985,-1.35583956312333,3,morning_commute
ST-1251,-2.16839560756726,-1.5721185238055,3,morning_commute
ST-1252,-2.75909296055903,-0.787290488625609,3,morning_commute
ST-1253,-2.34868081630134,-1.32143545280114,3,morning_commute
ST-1254,-2.43085412768654,-1.13499142777523,3,morning_commute
ST-1259,-0.554870763957576,-0.977788142017559,4,morning_commute
ST-126,-1.39604439224344,0.553199723829739,2,morning_commute
ST-1260,-0.716993410945686,-1.06425353863846,3,morning_commute
ST-1262,-0.113635963577119,-0.556441148297268,4,morning_commute
ST-1263,-0.115524559027095,-1.00434539347892,4,morning_commute
ST-1264,-0.492734007753615,-1.30258387925052,4,morning_commute
ST-1265,-0.815593008717321,-1.04712020316248,3,morning_commute
ST-1266,-0.163341457476858,-0.934635846063235,4,morning_commute
ST-1267,-0.489619161912137,-1.26784124665367,4,morning_commute
ST-1268,-0.475406680221944,-1.3520885131085,4,morning_commute
ST-1269,-0.375530300222482,-1.52950266512585,4,morning_commute
ST-127,-0.932737368058791,2.18274855920396,2,morning_commute
ST-1270,-0.539789528612148,-1.13266529522783,4,morning_commute
ST-1271,0.265898175087954,-1.24483283409816,4,morning_commute
ST-1273,-0.771108298063436,-1.41847598634155,3,morning_commute
ST-1274,-2.23539483095242,-0.984912238290835,3,morning_commute
ST-1275,-0.755047332388837,-1.11441881092569,3,morning_commute
ST-1276,-1.19184735826535,-0.550147976446663,3,morning_commute
ST-1277,-1.33158569637543,-0.841679384340673,3,morning_commute
ST-1278,-0.197059227984948,1.07079289412784,2,morning_commute
ST-1279,-0.161098879276869,1.29268118699818,2,morning_commute
ST-128,-3.11287022544995,0.348536540613907,3,morning_commute
ST-1280,0.0714997535678484,0.545195692702524,2,morning_commute
ST-1281,-0.430693371108723,0.983198766980259,2,morning_commute
ST-1282,0.060689629581726,0.852658033341924,2,morning_commute
ST-1283,-0.148103236450455,0.924165349286337,2,morning_commute
ST-1284,-0.17411839437474,0.94774774543073,2,morning_commute
ST-1285,-0.221685113622369,1.08477467417813,2,morning_commute
ST-1286,-0.283767516415333,1.17724906284774,2,morning_commute
ST-1287,-0.331118384276454,1.05280914743261,2,morning_commute
ST-1288,-0.161053493799569,0.579085409901956,2,morning_commute
ST-1289,-0.0470755611752358,1.58522137307637,2,morning_commute
ST-1290,-0.162674209722718,-2.39325338979338,4,morning_commute
ST-1291,-0.271460621478965,1.17284803278252,2,morning_commute
ST-1292,-0.256320927814967,1.47111739407983,2,morning_commute
ST-1293,3.24714171462053,0.999143192508806,1,morning_commute
ST-1295,-0.318480810165568,1.37692535000177,2,morning_commute
ST-1296,-0.192498164298561,1.43778297048762,2,morning_commute
ST-1297,-0.188863590336991,2.03827231590164,2,morning_commute
ST-1298,-0.985064437929281,-2.39539076969707,3,morning_commute
ST-1299,-0.402475518734482,2.14997113218995,2,morning_commute
ST-13,2.79922267320651,0.459285779337311,1,morning_commute
ST-130,-1.47815220717464,0.56314902716115,2,morning_commute
ST-1300,-0.671254642926337,0.0120377444620913,2,morning_commute
ST-1302,0.0394418431990951,0.359726713129831,2,morning_commute
ST-1303,2.35945263040523,0.163594558202645,1,morning_commute
ST-1305,1.68553955096244,1.00545283572919,1,morning_commute
ST-1306,1.8181737390584,1.10520053665699,1,morning_commute
ST-1307,2.04917134865133,0.560306105509237,1,morning_commute
ST-1308,1.32461717964597,1.78188569063832,1,morning_commute
ST-1309,1.97393448546009,0.85805682007594,1,morning_commute
ST-131,1.74754543329588,2.41719314823589,1,morning_commute
ST-1310,-1.06588744822538,2.31290790638421,2,morning_commute
ST-1311,1.46419595611276,1.79150919623254,1,morning_commute
ST-1312,1.16405759236963,1.94284247574267,1,morning_commute
ST-1313,0.413840365434124,2.89047297797232,1,morning_commute
ST-1314,1.04528737041879,1.83775103167044,1,morning_commute
ST-1315,3.34702652926673,-0.0696927611494178,1,morning_commute
ST-1316,2.96773507949115,-0.598744933838558,1,morning_commute
ST-1317,-0.807425232181883,0.552213264754088,2,morning_commute
ST-1319,0.288629618354442,-2.75603465335107,4,morning_commute
ST-132,-1.26254432682045,0.641028209721291,2,morning_commute
ST-1320,-0.698714633305918,-1.77728154757845,3,morning_commute
ST-1321,0.0107719571208914,-1.62952794758398,4,morning_commute
ST-1322,-0.912659115899537,-1.51193607955563,3,morning_commute
ST-1323,-0.522419197763252,-1.37715205845432,4,morning_commute
ST-1324,0.312836216917559,0.111036796455482,4,morning_commute
ST-1325,0.561648496755833,-0.25138644280584,4,morning_commute
ST-1326,0.911271214462453,-0.988805968409528,4,morning_commute
ST-1327,1.12351561566634,-0.498545145747353,4,morning_commute
ST-1328,2.34974993093063,0.314161706657948,1,morning_commute
ST-1329,-0.414353363123571,1.29647110630989,2,morning_commute
ST-1331,0.952285733836842,-0.94581874008617,4,morning_commute
ST-1332,-0.196971253541187,-0.133870822237934,4,morning_commute
ST-1333,-0.0309451137368305,-0.022522109402159,4,morning_commute
ST-1334,-0.169181288785684,-0.0427440293549641,4,morning_commute
ST-1335,-0.253303540748346,-0.156164602590638,4,morning_commute
ST-1336,3.08461401485287,-0.951332395499718,1,morning_commute
ST-1337,-0.233726631847164,-1.19713897704201,4,morning_commute
ST-1338,-2.57560706567592,-1.14910020214239,3,morning_commute
ST-1339,0.810366373606431,-1.04506505894856,4,morning_commute
ST-134,-1.24709816731793,0.461972311882004,2,morning_commute
ST-1341,0.777373068330177,-0.857945597846663,4,morning_commute
ST-1342,0.672326961172451,-0.143270932359111,4,morning_commute
ST-1343,0.503496044924624,-0.81094229368675,4,morning_commute
ST-1344,1.13499068541662,-0.335929614222415,4,morning_commute
ST-1345,-0.224135036864329,-0.0920109841615174,4,morning_commute
ST-1346,0.108208794309011,-0.205777245668365,4,morning_commute
ST-1347,1.86209535453449,-3.00081893890513,4,morning_commute
ST-1348,0.759563149160301,1.23627131259617,1,morning_commute
ST-1349,-0.015999752245097,0.131858767902538,2,morning_commute
ST-1350,-1.12637564192768,-1.75535635226885,3,morning_commute
ST-1351,-2.23104492606089,-1.55497192894907,3,morning_commute
ST-1352,-2.66049387183169,-1.50771640162426,3,morning_commute
ST-1353,0.035086083942385,-1.87946404685978,4,morning_commute
ST-1354,2.16456520385446,-1.63179346092756,4,morning_commute
ST-1355,1.55914184185765,-0.593942218266775,4,morning_commute
ST-1356,0.851723766569145,-1.73343010300611,4,morning_commute
ST-1357,-0.461368995216138,-1.11279012894741,4,morning_commute
ST-1359,1.31435271426631,2.55777746964887,1,morning_commute
ST-136,-1.3510107693,0.650603651259809,2,morning_commute
ST-1360,1.31691157736113,1.53505759161054,1,morning_commute
ST-1361,1.5615602968908,1.72673415998548,1,morning_commute
ST-1364,0.741982374124214,1.87557448799114,1,morning_commute
ST-1365,1.87974689953351,0.224775634390668,1,morning_commute
ST-1366,1.91029425061004,0.498737710960645,1,morning_commute
ST-1367,1.0812706641634,0.743894966881184,1,morning_commute
ST-1369,-0.354687214181042,-2.25436396842052,4,morning_commute
ST-137,-1.25047063142685,0.82998640638925,2,morning_commute
ST-1370,1.25793778074361,-0.0462429734788436,1,morning_commute
ST-1371,1.84453467605076,0.475389741161672,1,morning_commute
ST-1372,-1.34233811231302,0.646582208832292,2,morning_commute
ST-1373,-1.09267141523236,0.735651801163058,2,morning_commute
ST-1374,-0.721357071508763,0.569258575548611,2,morning_commute
ST-1375,-0.175329986832429,-0.0293546294099593,4,morning_commute
ST-1376,0.500397756955641,-0.0459954018876091,4,morning_commute
ST-1377,-1.64321412013578,2.39799215469069,2,morning_commute
ST-1378,0.0702505625888796,-1.1922151056353,4,morning_commute
ST-1379,0.343849012311432,-0.989757570055401,4,morning_commute
ST-138,-1.60737900273369,1.07735703374718,2,morning_commute
ST-1380,-0.337755972996038,-0.051578011716831,2,morning_commute
ST-1381,-0.268130022673052,0.0270828552955417,2,morning_commute
ST-1383,-0.647944964010231,1.42087780069282,2,morning_commute
ST-1384,-0.887070290917311,1.42249888257408,2,morning_commute
ST-1385,3.21011012327457,0.612914881299685,1,morning_commute
ST-1386,-0.782384633195721,1.38848639939928,2,morning_commute
ST-1387,1.00936223925723,1.12049569444715,1,morning_commute
ST-1388,0.775873573343704,0.50908461212309,1,morning_commute
ST-1389,0.72505663722546,1.06343565234527,1,morning_commute
ST-1390,0.452971927415098,0.715511621171621,1,morning_commute
ST-1391,0.964777621374194,-0.247552226177659,4,morning_commute
ST-1392,-0.201490105840531,1.46218579050648,2,morning_commute
ST-1394,-0.628453661529965,0.976609982834494,2,morning_commute
ST-1395,0.211438882855256,0.77694236243423,2,morning_commute
ST-1396,-0.4347540330027,1.39773241565267,2,morning_commute
ST-1397,1.37366004851997,-1.43366569989,4,morning_commute
ST-1398,-1.93268665523617,-0.702476559337798,3,morning_commute
ST-14,1.91541647945164,1.91460024011288,1,morning_commute
ST-140,-0.718852384835333,0.527068818671122,2,morning_commute
ST-1400,-0.997936245172399,-1.50877755606709,3,morning_commute
ST-1402,-2.66312306980241,-1.41818041452658,3,morning_commute
ST-1403,-1.51446327660004,-0.633231052494261,3,morning_commute
ST-1404,1.78266803837401,1.10274854447044,1,morning_commute
ST-1405,2.81146780762054,1.5494148363076,1,morning_commute
ST-1406,1.64079089131278,1.26158788861646,1,morning_commute
ST-1407,0.953778654045977,1.78887932700066,1,morning_commute
ST-1408,1.03296049703605,1.19195904454574,1,morning_commute
ST-1409,1.03830955400683,0.119733818863742,1,morning_commute
ST-1410,1.27693798885617,0.99009738968296,1,morning_commute
ST-1411,2.67295168843645,-0.889293206516041,1,morning_commute
ST-1413,0.878656739593247,0.982710271680063,1,morning_commute
ST-1414,0.030280959994276,0.807236378088229,2,morning_commute
ST-1416,0.356885011262754,1.53920709432809,1,morning_commute
ST-1417,0.516826587493265,1.25676913470875,1,morning_commute
ST-1418,0.882178247809015,1.54780288390316,1,morning_commute
ST-1419,0.493473289010144,1.6003116428267,1,morning_commute
ST-142,-1.57988834158437,0.747191395965068,2,morning_commute
ST-1420,1.14364425361699,-0.132142403790864,1,morning_commute
ST-1421,1.8177117990715,-0.037387238399747,1,morning_commute
ST-1422,1.17341374984167,0.31350317752624,1,morning_commute
ST-1423,0.812440485950679,0.974742236216321,1,morning_commute
ST-1424,-1.66750499819658,1.05145615840231,2,morning_commute
ST-1425,-0.534602819819072,1.22529595095035,2,morning_commute
ST-1426,-0.728036523539133,1.29333795057238,2,morning_commute
ST-1427,-0.223527281690633,-0.694073751614211,4,morning_commute
ST-1428,-2.68338788027481,-0.450772853608148,3,morning_commute
ST-1429,-0.196796388484735,-1.32403884025885,4,morning_commute
ST-143,-1.59539745340372,0.846907811896084,2,morning_commute
ST-1432,-2.11532666049203,0.865593729549597,2,morning_commute
ST-1433,1.70380813776163,0.513255045757345,1,morning_commute
ST-1434,-0.359029283275414,1.54717981493689,2,morning_commute
ST-1435,-1.34747988888032,0.709569302286123,2,morning_commute
ST-1436,-1.00856545069703,0.713409139422492,2,morning_commute
ST-1437,-1.68917724271023,0.292523295613877,2,morning_commute
ST-1438,1.75094721853407,0.125778123567073,1,morning_commute
ST-1439,-1.42395525325326,0.510410584568829,2,morning_commute
ST-144,-1.77296950643674,0.514101497256293,2,morning_commute
ST-1440,-1.19686343714209,0.501507474377594,2,morning_commute
ST-1441,1.43693499093006,-0.254081951246,1,morning_commute
ST-1442,0.814848384497599,-0.891162400985437,4,morning_commute
ST-1443,0.904009251594359,-0.638890331141778,4,morning_commute
ST-1445,0.831396342200857,-0.337736133576513,4,morning_commute
ST-1446,1.18261673181847,-0.682715463781943,4,morning_commute
ST-1447,-0.851232749444046,0.184640457347119,2,morning_commute
ST-1449,-0.716353086016208,0.391884044488679,2,morning_commute
ST-145,-1.50045162743869,0.594548344368263,2,morning_commute
ST-1451,-0.0955710491954537,-0.114590495473668,4,morning_commute
ST-1452,-0.29426415861759,0.0792489875891145,2,morning_commute
ST-1454,-2.8411212057881,0.0127752079218102,3,morning_commute
ST-1455,-1.0591841757125,0.463999976854197,2,morning_commute
ST-1456,-1.73466641006067,0.753345794248506,2,morning_commute
ST-1457,-1.50958992221781,1.12058171123835,2,morning_commute
ST-1458,-1.09510818051143,0.245097398913995,2,morning_commute
ST-1459,-0.511461132776337,0.964835970436217,2,morning_commute
ST-146,-1.04249605850169,-2.86403781673189,3,morning_commute
ST-1460,-1.51125798573252,1.067365311584,2,morning_commute
ST-1461,0.525542144342061,1.61614557811266,1,morning_commute
ST-1462,1.88147934320483,0.692524580619651,1,morning_commute
ST-1463,0.590961183364342,1.6557938961517,1,morning_commute
ST-1464,0.0170085239791123,1.77326631691215,2,morning_commute
ST-1465,-0.0838116315326484,1.68095037276882,2,morning_commute
ST-1466,-0.18375698647087,1.45432134719363,2,morning_commute
ST-1467,0.172241266659543,1.76754394845751,2,morning_commute
ST-1468,-0.192410346008593,1.53603567301996,2,morning_commute
ST-1469,0.597337853577153,0.812527451113502,1,morning_commute
ST-147,-1.32506016717686,0.767036756838315,2,morning_commute
ST-1470,-0.122210202130069,1.29740975488827,2,morning_commute
ST-1473,-0.383711597321194,1.07640307302118,2,morning_commute
ST-1474,0.02241109779348,0.45446049664557,2,morning_commute
ST-1475,-0.377662799289987,0.866618623449819,2,morning_commute
ST-1476,0.06005359216752,1.27009889259518,2,morning_commute
ST-1477,-3.67135106126038,2.57629013345266,2,morning_commute
ST-1479,0.946187252718521,-0.948002801815976,4,morning_commute
ST-148,-1.28653429569885,0.565516510346941,2,morning_commute
ST-1480,-0.159286880222195,1.05838988735382,2,morning_commute
ST-1481,-0.514739429995658,1.58023464980956,2,morning_commute
ST-1482,-0.565555894889788,-2.74002803248646,3,morning_commute
ST-1483,-0.479047211699788,1.10301375869897,2,morning_commute
ST-1484,-0.170430437445353,-0.10653262980794,4,morning_commute
ST-1485,0.317096027196781,-0.456381707941124,4,morning_commute
ST-1486,0.566614222310111,-0.419436640497229,4,morning_commute
ST-1487,-0.302612998713808,-0.697076802481627,4,morning_commute
ST-1488,0.793895306691163,-0.990573949571443,4,morning_commute
ST-1489,-0.607331992538011,1.91989832354961,2,morning_commute
ST-1490,-0.619666101578353,1.8877117307598,2,morning_commute
ST-1491,0.504988687977022,-0.496725021615365,4,morning_commute
ST-1492,0.703864937528505,-0.437205312203719,4,morning_commute
ST-1493,0.620580272444548,-0.387013594175781,4,morning_commute
ST-1494,1.36547643146545,-1.56110785523272,4,morning_commute
ST-1495,-0.997327305542712,-1.63733647645667,3,morning_commute
ST-1496,-1.17614912415866,-1.6975422477532,3,morning_commute
ST-1497,-1.39373336034938,-1.49520612383606,3,morning_commute
ST-1498,-2.37318555029996,-0.668864501910465,3,morning_commute
ST-1499,-1.30116292423096,-1.22631226659524,3,morning_commute
ST-15,1.18756964467294,-0.866695003281301,4,morning_commute
ST-150,-1.55147012026561,0.472503912246259,2,morning_commute
ST-1500,-1.65439717517385,-1.17783985649689,3,morning_commute
ST-1501,-1.61562928748449,-0.842946639597973,3,morning_commute
ST-1503,-1.05278891007425,-1.22592617420076,3,morning_commute
ST-1504,-1.57237418551367,-1.32967518808467,3,morning_commute
ST-1505,-0.0151928152705308,-2.4293454278094,4,morning_commute
ST-1506,-1.13048370662328,-1.77972832418103,3,morning_commute
ST-1507,-1.4716525502384,-2.08794525699642,3,morning_commute
ST-1508,-1.23258177975934,-1.89356786238714,3,morning_commute
ST-1509,-1.62809718852244,-1.69532287469225,3,morning_commute
ST-151,-1.85506844307016,0.358554445435025,2,morning_commute
ST-1510,-2.19465494766897,-1.71493491347662,3,morning_commute
ST-1511,-1.86819155720088,-1.60052230234025,3,morning_commute
ST-1512,-1.80550534029034,-1.60462331420169,3,morning_commute
ST-1514,-2.54847679306212,-1.40159797338913,3,morning_commute
ST-1515,-1.99911943380053,-1.18508924160862,3,morning_commute
ST-1517,-2.38789653097911,-1.57000938099108,3,morning_commute
ST-1518,-2.57727966150987,-1.41575500785286,3,morning_commute
ST-1519,-2.14198166151206,-1.63955637521898,3,morning_commute
ST-152,-1.52274849758097,0.575349105906766,2,morning_commute
ST-1520,-1.66387909938866,-1.48868407226666,3,morning_commute
ST-1521,-0.736369731620238,-0.970570200834803,3,morning_commute
ST-1522,-1.45864168586096,-0.532994251843477,3,morning_commute
ST-1523,-1.51922344250265,-1.16721888817119,3,morning_commute
ST-1526,-1.37491467732794,-0.835590178292135,3,morning_commute
ST-1527,-1.24076723874146,-0.45217512690276,3,morning_commute
ST-1528,-1.29233691757427,-0.544078387462363,3,morning_commute
ST-1529,-1.34031491058417,-0.794495144230196,3,morning_commute
ST-153,-1.68485769422512,0.77164197694534,2,morning_commute
ST-1531,-1.14592666102168,-0.879133241319076,3,morning_commute
ST-1533,2.38789041842312,2.86233277990081,1,morning_commute
ST-1534,-1.23824187585276,-0.352822426041043,3,morning_commute
ST-1535,-1.25761597672073,-0.594566010881085,3,morning_commute
ST-1536,-1.27733353687459,0.310758888025565,2,morning_commute
ST-1537,-1.20238583783455,-0.777645981519181,3,morning_commute
ST-1538,-1.6122681245516,-0.385430577743,3,morning_commute
ST-1539,-0.717568833285653,-1.72676571552609,3,morning_commute
ST-154,-1.52723036255528,0.66800944425042,2,morning_commute
ST-1540,-0.673654359741396,-1.45068409183392,3,morning_commute
ST-1541,-1.02811960914307,-0.851138157483703,3,morning_commute
ST-1542,-0.267625445516058,-0.941217466617827,4,morning_commute
ST-1543,-0.370722177676632,-1.16973872397557,4,morning_commute
ST-1544,2.46787847055402,1.01628090204694,1,morning_commute
ST-1545,0.90616029102189,-1.09534581711815,4,morning_commute
ST-1546,-0.646379324368656,-1.00482928464566,3,morning_commute
ST-1547,-0.550255555351431,-0.781035501780071,4,morning_commute
ST-1548,-0.453055187817485,-1.17357309363058,4,morning_commute
ST-1549,-0.294246359941971,-0.489833262331796,4,morning_commute
ST-155,-1.81169971927039,0.699724661224753,2,morning_commute
ST-1552,1.60186646805754,2.16485558255687,1,morning_commute
ST-1553,1.835176947218,0.636231616297486,1,morning_commute
ST-1554,1.78488042675485,0.456517279884784,1,morning_commute
ST-1555,1.95976700080085,-0.166659564769928,1,morning_commute
ST-1556,1.66521084925452,1.22728662767731,1,morning_commute
ST-1557,1.38721482465881,0.663997885261985,1,morning_commute
ST-1559,1.66321468248312,1.45344970960303,1,morning_commute
ST-156,-1.8233524209595,0.860405896036915,2,morning_commute
ST-1560,1.49106990979026,1.56508297247873,1,morning_commute
ST-1561,1.31941491611643,1.77429352850852,1,morning_commute
ST-1562,1.64265254053402,1.76043221788499,1,morning_commute
ST-1563,-1.45457374440043,2.33077785051836,2,morning_commute
ST-1564,1.07871950297551,1.80236926470379,1,morning_commute
ST-1565,-0.692290814288778,2.90347294912651,2,morning_commute
ST-1566,1.45091994749227,1.60812872491082,1,morning_commute
ST-1568,1.58998931677516,0.832603547339826,1,morning_commute
ST-157,-1.84168635899115,0.843848327554846,2,morning_commute
ST-1571,1.45246603332188,1.32218836684846,1,morning_commute
ST-1573,1.6609473417876,1.49744878209381,1,morning_commute
ST-1574,1.4391683766015,1.44150332754943,1,morning_commute
ST-1575,1.7631066842657,0.810762680703189,1,morning_commute
ST-1576,1.69767634113826,-0.257327132103572,1,morning_commute
ST-1577,1.67464997589776,1.11914368187135,1,morning_commute
ST-1578,0.634637473820011,1.86215043251905,1,morning_commute
ST-1579,0.437922508565431,1.75779993496876,1,morning_commute
ST-158,-1.85182092028535,0.718373499747259,2,morning_commute
ST-1580,1.14178885132078,0.0940873854705669,1,morning_commute
ST-1582,0.838183090899377,0.624894751840353,1,morning_commute
ST-1584,0.960481452790498,0.715794796835701,1,morning_commute
ST-1585,1.4595359405368,0.256939188494155,1,morning_commute
ST-1586,0.873220930024058,0.414227158877946,1,morning_commute
ST-1588,0.88968593760827,0.188872137097356,1,morning_commute
ST-1589,1.49680842350221,0.512641400223808,1,morning_commute
ST-159,-1.66692605588919,0.647779391306929,2,morning_commute
ST-1590,1.0196386039059,0.517639570362515,1,morning_commute
ST-1592,0.392018339873748,1.62918905199283,1,morning_commute
ST-1593,2.83420460178664,-0.0221036099078441,1,morning_commute
ST-1594,1.74841915493209,0.939432684180978,1,morning_commute
ST-1595,1.462286885175,1.87048184447143,1,morning_commute
ST-1597,1.82235796382564,0.390528126991497,1,morning_commute
ST-1598,1.52549566926958,0.378981811186822,1,morning_commute
ST-1599,0.0104144236095353,-0.24311143979474,4,morning_commute
ST-16,2.94201107921084,-0.668335657591424,1,morning_commute
ST-160,-1.78310395960309,0.617550599298874,2,morning_commute
ST-1601,0.379282386445647,2.13642283983791,1,morning_commute
ST-1602,0.397276245408338,-1.20730582626268,4,morning_commute
ST-1603,-0.102512989095233,-1.02034510440084,4,morning_commute
ST-1605,-1.73689165590841,0.620918995707581,2,morning_commute
ST-1606,-1.50730218776297,0.917560816736487,2,morning_commute
ST-1607,-1.63391543020726,0.698021819187987,2,morning_commute
ST-1608,-1.46936236394421,0.527319582347899,2,morning_commute
ST-1609,-1.1951242840085,0.31798805482142,2,morning_commute
ST-161,-1.6411833911247,0.642494802519816,2,morning_commute
ST-1610,-1.62104540153365,0.445749956065722,2,morning_commute
ST-1611,-1.33855021735427,0.455240442215713,2,morning_commute
ST-1614,2.57814348008198,2.64816698557287,1,morning_commute
ST-1615,0.445134278232736,-0.522932867392507,4,morning_commute
ST-1616,-0.578647138054446,0.00180787918625253,2,morning_commute
ST-1617,-0.3202086059674,-0.0647539767797866,2,morning_commute
ST-1618,-0.744197450684049,-0.0003364578967847,2,morning_commute
ST-1619,-1.32432072853635,0.754631375538086,2,morning_commute
ST-162,-1.1484745755794,0.406363488459766,2,morning_commute
ST-1620,1.66109932278876,-0.17914559158445,1,morning_commute
ST-1621,1.51375007715243,0.0475208394923612,1,morning_commute
ST-1622,-0.236627602430829,2.700990165109,2,morning_commute
ST-1623,1.81251533656119,0.260340806663222,1,morning_commute
ST-1625,-0.933583566363351,0.554667433138816,2,morning_commute
ST-1626,1.53562130676612,-0.17225369701384,1,morning_commute
ST-1627,1.14849632869001,0.339232731748147,1,morning_commute
ST-1628,-1.05136711493005,0.549065199459864,2,morning_commute
ST-1629,-0.450874461790955,-0.0394038700190115,2,morning_commute
ST-163,-1.63383117922239,0.570733909059779,2,morning_commute
ST-1630,0.866790567089284,0.768862894323883,1,morning_commute
ST-1631,-1.62649203226215,-3.05901539410664,3,morning_commute
ST-1632,-0.860240832812268,0.153348740063216,2,morning_commute
ST-1633,2.11329241337734,-0.391174898729652,1,morning_commute
ST-1634,-1.79465997881931,1.12223526669462,2,morning_commute
ST-1636,-1.19265763706788,0.506396679990709,2,morning_commute
ST-1637,-0.659144817535228,0.436763193011991,2,morning_commute
ST-1638,0.949721935376822,0.688972562645069,1,morning_commute
ST-1639,-0.222438532230119,1.23087762769342,2,morning_commute
ST-1640,0.0238704543152702,1.46899027896225,2,morning_commute
ST-1641,-0.148929439893749,1.13393142394343,2,morning_commute
ST-1642,-0.304909208520232,1.10730095797463,2,morning_commute
ST-1643,3.7262509050552,-0.471931781416506,1,morning_commute
ST-1644,0.579300099833389,3.20691339527642,1,morning_commute
ST-1645,-2.39085290709487,-1.46473610773821,3,morning_commute
ST-1646,-2.14439283279765,-1.49729730012615,3,morning_commute
ST-1647,-2.36142974838659,-1.19674450547837,3,morning_commute
ST-1648,-1.24003890357095,-0.695670880295267,3,morning_commute
ST-1649,-0.471092699696508,-1.62096329607005,4,morning_commute
ST-165,-1.45014344711879,0.748968504264961,2,morning_commute
ST-1650,-0.642663145394044,-1.8341552206014,3,morning_commute
ST-1651,-0.61405331884166,-1.21247709094442,3,morning_commute
ST-1652,-0.72895228868492,-1.12514632159286,3,morning_commute
ST-1653,-0.400722221715157,-2.00013180754716,4,morning_commute
ST-1654,2.35275287801619,-1.43183652575305,4,morning_commute
ST-1655,1.96752245358033,0.397712173269642,1,morning_commute
ST-1656,0.171986274790989,1.60778084156524,2,morning_commute
ST-1657,0.59587429433179,1.40932189021,1,morning_commute
ST-1658,2.76035116112778,-0.0948047067346705,1,morning_commute
ST-1659,0.183923540112575,-2.70551698598549,4,morning_commute
ST-1660,0.0579052001000736,-1.33169525673602,4,morning_commute
ST-1661,-0.0696161816586768,-1.08319086159596,4,morning_commute
ST-1662,1.38631904779888,-0.64274852423602,4,morning_commute
ST-1663,0.162331248422766,-1.39516958862701,4,morning_commute
ST-1664,0.16700255356425,-0.991061467123555,4,morning_commute
ST-1665,-0.128850920849217,1.05851700021534,2,morning_commute
ST-1667,0.98884979501152,-0.986281731087018,4,morning_commute
ST-1668,-1.44186511808122,0.677744587048647,2,morning_commute
ST-1669,-1.36087707707521,0.842880142910635,2,morning_commute
ST-167,-1.20259742644589,0.673726730300618,2,morning_commute
ST-1670,-1.14686157678484,0.935571763756194,2,morning_commute
ST-1671,-0.135808642771759,0.0762572689654971,2,morning_commute
ST-1672,0.189968804940415,1.24956345150611,2,morning_commute
ST-1674,0.662950527204596,-0.773323252099284,4,morning_commute
ST-1675,0.949342939721924,-0.756044566680442,4,morning_commute
ST-1676,-2.49346023032608,-1.32510467741423,3,morning_commute
ST-1677,-0.682783348970216,-1.72444839834031,3,morning_commute
ST-1678,2.17504070476307,-2.42783884020938,4,morning_commute
ST-1679,1.49879963828658,1.52758394637817,1,morning_commute
ST-168,-1.64657200241437,0.908460526587548,2,morning_commute
ST-1680,1.82149703454231,1.08728942776041,1,morning_commute
ST-1681,0.923234887216834,0.539772403396318,1,morning_commute
ST-1682,1.3851285026983,-0.235664189440332,1,morning_commute
ST-1683,0.736285547268577,-1.5607569651097,4,morning_commute
ST-1684,1.18256329264669,0.115987858450024,1,morning_commute
ST-1685,1.19490830468964,0.84455444977894,1,morning_commute
ST-1686,1.87061990165544,-0.152773298511022,1,morning_commute
ST-1687,1.12750288764201,0.00748815413223997,1,morning_commute
ST-1688,-2.3444629334416,-1.49424489121616,3,morning_commute
ST-1689,-2.29625028203128,-1.36607970916246,3,morning_commute
ST-169,-1.0973401659342,0.38544433203091,2,morning_commute
ST-1690,-0.0671229065848511,-2.96049839776247,4,morning_commute
ST-1691,0.577495755503307,-0.464222319989118,4,morning_commute
ST-1692,1.16625932115455,-1.37783548186372,4,morning_commute
ST-1693,2.25780346486222,-1.19579483352381,4,morning_commute
ST-1694,-2.20163848681818,-1.37900285891263,3,morning_commute
ST-1695,-1.6581232833479,-1.10283838381768,3,morning_commute
ST-1696,-0.821844522857416,-1.54067277557445,3,morning_commute
ST-1697,-0.544582356029531,-0.980065560853662,4,morning_commute
ST-1698,-0.667338524806403,-1.82242155358991,3,morning_commute
ST-1699,-0.425512968890445,-1.56477645327782,4,morning_commute
ST-17,0.850906071526812,-1.0775219511656,4,morning_commute
ST-170,-1.56936008637,0.709838439604523,2,morning_commute
ST-1700,-0.10868681536025,-1.57925103288347,4,morning_commute
ST-1701,-0.312826627517988,-1.94563549077277,4,morning_commute
ST-1702,0.164765217031268,-1.5905415323399,4,morning_commute
ST-1703,0.807084739684522,1.77175611110593,1,morning_commute
ST-1704,1.35156664829022,3.02596153963166,1,morning_commute
ST-1705,1.47673742908802,0.335216854881593,1,morning_commute
ST-1706,0.951370944856514,1.45541973791046,1,morning_commute
ST-1707,0.64169518810367,1.41672755538438,1,morning_commute
ST-1708,-2.65717529241115,-1.20794159910386,3,morning_commute
ST-1709,-2.37585896180148,-1.51013578622752,3,morning_commute
ST-171,-1.93223828758524,0.776632995345735,2,morning_commute
ST-1710,-2.47951472187835,-1.46774647786146,3,morning_commute
ST-1711,-4.20453430111296,-1.14921109658639,3,morning_commute
ST-1712,-2.40501640168628,-1.4443593696018,3,morning_commute
ST-1713,-2.40329263746129,-1.41462292296677,3,morning_commute
ST-1714,-2.36360612658394,-1.52964527805488,3,morning_commute
ST-1715,-2.46107455142102,-1.42927811440179,3,morning_commute
ST-1716,0.964014955083046,1.28764503164695,1,morning_commute
ST-1717,0.85251101674015,0.800705012367471,1,morning_commute
ST-1718,-2.44485737039679,-1.43893627228798,3,morning_commute
ST-1719,1.14577832964803,0.544287379476888,1,morning_commute
ST-172,-1.79563297755706,0.833757024980282,2,morning_commute
ST-1720,1.10753392118028,0.355825229289362,1,morning_commute
ST-1721,0.364963855227399,0.16235817537818,4,morning_commute
ST-1722,0.0147982009555913,-1.18687644181808,4,morning_commute
ST-1723,-0.434782275205475,0.612936217996074,2,morning_commute
ST-1724,-0.553280721427185,1.06725165408075,2,morning_commute
ST-1725,0.654531224691766,1.22782000176391,1,morning_commute
ST-1726,0.59790909545872,0.741278055120324,1,morning_commute
ST-1727,-2.48257118163611,-1.29188771024343,3,morning_commute
ST-1728,0.81136925250266,0.521061617719581,1,morning_commute
ST-1729,0.69861048485039,1.04815469298826,1,morning_commute
ST-173,-1.66075698324241,0.719143860062312,2,morning_commute
ST-1730,0.590912314691952,0.632481729169672,1,morning_commute
ST-1731,-1.17364450511354,-1.61082943300435,3,morning_commute
ST-1732,-1.6353127038159,-0.369749053984296,3,morning_commute
ST-1733,-1.04194324893308,-1.06716063109757,3,morning_commute
ST-1734,-1.5128233435569,-0.661230793528809,3,morning_commute
ST-1735,1.39070512912692,1.37547563663082,1,morning_commute
ST-1736,-1.00895908086189,-1.41179741235367,3,morning_commute
ST-1739,1.92708409004804,0.648418693432855,1,morning_commute
ST-174,-1.66597676461107,0.723550479442592,2,morning_commute
ST-1740,-0.0242479066372497,0.687636128213902,2,morning_commute
ST-1742,2.09602358578836,1.04102753758771,1,morning_commute
ST-1745,-1.93816420186014,0.357952132103078,2,morning_commute
ST-1746,-0.150680482827535,0.357309728288696,2,morning_commute
ST-1747,-1.1328169224294,0.536371870692847,2,morning_commute
ST-1748,-0.957152114015244,2.47908644654982,2,morning_commute
ST-175,-1.23992404352704,0.478630163743227,2,morning_commute
ST-1750,1.73410459318875,0.890177626328929,1,morning_commute
ST-1751,-0.396288471975514,2.17405781912938,2,morning_commute
ST-1752,2.70303480508098,0.866799442100706,1,morning_commute
ST-1753,-1.01018351189077,-0.834172080438409,3,morning_commute
ST-1754,1.73331819485667,-1.66630926142724,4,morning_commute
ST-1756,-1.37337992746636,0.675780660386644,2,morning_commute
ST-1757,-0.578655964744706,-0.972729525819298,3,morning_commute
ST-1758,-0.763759158277598,0.342039727679721,2,morning_commute
ST-1759,-1.37315080690256,0.750419790726205,2,morning_commute
ST-176,-1.22347140346852,0.63812819638948,2,morning_commute
ST-1760,-0.122474958383847,-0.356259912487074,4,morning_commute
ST-1761,-0.808799658494838,0.475013456991342,2,morning_commute
ST-1762,2.16724570294204,0.613258600871944,1,morning_commute
ST-1763,1.21113199740244,0.10705497825302,1,morning_commute
ST-1764,1.29021089341141,0.113014586581336,1,morning_commute
ST-1765,0.936514780576288,-0.266057462096678,4,morning_commute
ST-1766,1.40305135267781,0.260099009313483,1,morning_commute
ST-1767,1.79498526683048,0.196592084083109,1,morning_commute
ST-1768,-1.10163193612036,0.786610800890044,2,morning_commute
ST-1769,-0.984135098716413,0.723741601164034,2,morning_commute
ST-177,-0.989209049639144,0.469434908968881,2,morning_commute
ST-1770,-2.95729464979015,0.504585375279785,2,morning_commute
ST-1771,-0.989379590793566,0.662020490005473,2,morning_commute
ST-1772,-0.847439505717578,0.499588638805883,2,morning_commute
ST-1773,-0.777411520711497,0.348288073491474,2,morning_commute
ST-1774,-1.18465509351384,0.741157274070192,2,morning_commute
ST-1775,-1.00007187112532,1.10784345396749,2,morning_commute
ST-1776,-0.977195979499984,1.13859452619634,2,morning_commute
ST-1777,-1.02982023548015,0.681996308804673,2,morning_commute
ST-1778,-1.477587383858,0.592248903458289,2,morning_commute
ST-1779,-1.56185923635991,0.508188177744285,2,morning_commute
ST-178,-1.35581486931406,0.812333904843019,2,morning_commute
ST-1780,-1.48051560367427,0.448534110517847,2,morning_commute
ST-1781,-1.27453098626673,0.195595888239527,2,morning_commute
ST-1782,-1.32268806048613,0.465149249441792,2,morning_commute
ST-1783,-2.293153533938,0.507011970032472,2,morning_commute
ST-1785,-1.74454910564547,0.5157206861206,2,morning_commute
ST-1786,-0.0742791199237022,0.658619944304582,2,morning_commute
ST-1787,-1.64328531759371,1.82477063977743,2,morning_commute
ST-1788,0.270029897187296,2.94162441347311,2,morning_commute
ST-1789,0.835995728823631,0.364054246702075,1,morning_commute
ST-1790,2.79101314746034,-0.931236447921549,1,morning_commute
ST-1791,-1.06621384250735,0.596831711679781,2,morning_commute
ST-1792,-2.82398254859666,2.2986007408683,2,morning_commute
ST-1793,0.750874017205774,1.15003432628429,1,morning_commute
ST-1794,0.911854118168779,0.927332448373434,1,morning_commute
ST-1795,0.821172508135939,-0.123620082745837,4,morning_commute
ST-1796,0.959024000123167,0.652262706338474,1,morning_commute
ST-1797,1.61300581673339,0.306359366507816,1,morning_commute
ST-1798,-2.05477889130473,0.212694659759261,2,morning_commute
ST-1799,-1.83559499559562,0.733875281269654,2,morning_commute
ST-18,1.14329677505813,-1.31856947107891,4,morning_commute
ST-180,-0.990936649495938,0.737093870530522,2,morning_commute
ST-1800,-2.46128904939297,2.24117434566205,2,morning_commute
ST-1801,-1.98420568837188,0.751815466342022,2,morning_commute
ST-1802,-1.12290958578774,0.710187812888581,2,morning_commute
ST-1803,-3.4043120687359,0.739580627571034,2,morning_commute
ST-1804,-1.54194312391196,0.633941654364116,2,morning_commute
ST-1805,-1.37639295886529,0.719244428848262,2,morning_commute
ST-1807,-1.65060997780858,0.638531139077146,2,morning_commute
ST-1808,-1.7426679124164,0.58939218543892,2,morning_commute
ST-1809,-1.55595340417069,0.64383853600914,2,morning_commute
ST-181,-1.48736770175168,0.686008454898908,2,morning_commute
ST-1810,-1.51235379856202,0.566150217178074,2,morning_commute
ST-1811,-1.76126055043408,0.625295998242903,2,morning_commute
ST-1812,-1.43447016847389,0.402865137075634,2,morning_commute
ST-1813,-1.05765841891972,0.397564838835792,2,morning_commute
ST-1814,-0.929161183271462,0.620671340381295,2,morning_commute
ST-1815,-1.52433865895705,0.533224761774081,2,morning_commute
ST-1816,-1.92821931584476,0.948762050133839,2,morning_commute
ST-1817,-1.82073477458926,0.895003604939935,2,morning_commute
ST-1818,-1.97962658859849,0.850776850976135,2,morning_commute
ST-1819,-1.90398276871219,0.737769448532808,2,morning_commute
ST-182,-2.07461441022336,-2.12390458681239,3,morning_commute
ST-1820,-2.22666480731839,0.995998408448275,2,morning_commute
ST-1822,-1.28696743350468,0.494995202439955,2,morning_commute
ST-1823,-1.32701465259811,0.886533369732796,2,morning_commute
ST-1824,-1.218587764552,0.767297682533165,2,morning_commute
ST-1825,-1.82624616665364,1.1925002225618,2,morning_commute
ST-1826,-1.62563323488791,0.762810993705227,2,morning_commute
ST-1827,-0.738284858968054,0.906301708820731,2,morning_commute
ST-1828,0.983649092310531,-0.537753206602328,4,morning_commute
ST-1829,-1.74866669603843,0.648515386355747,2,morning_commute
ST-183,-1.08084937457837,0.872221824852953,2,morning_commute
ST-1830,-2.37439980236901,2.14400146131621,2,morning_commute
ST-1831,1.78948540373343,0.49227570633246,1,morning_commute
ST-1832,-0.330002697197707,2.55823808088956,2,morning_commute
ST-1833,2.01759067495938,0.100661569002556,1,morning_commute
ST-1834,0.887634601905686,-0.0855316508694376,4,morning_commute
ST-1835,1.2923218587128,0.321184142225434,1,morning_commute
ST-1836,1.11014019175641,-0.0770161803535169,1,morning_commute
ST-1837,1.23487846562968,-0.0577368619390627,1,morning_commute
ST-1838,1.34522101109508,-0.00802857702993429,1,morning_commute
ST-1839,1.18104709208508,0.0859188585651762,1,morning_commute
ST-1840,2.03180650079694,0.357875599899651,1,morning_commute
ST-1841,0.837678973530587,0.281079063597086,1,morning_commute
ST-1842,1.36890914467603,-0.0403039841552402,1,morning_commute
ST-1843,-2.16891524793469,1.84910276296634,2,morning_commute
ST-1844,1.96658555622648,0.396236070808889,1,morning_commute
ST-1845,1.73132628703676,0.0909562174402681,1,morning_commute
ST-1846,1.80721682646274,0.434493481049016,1,morning_commute
ST-1847,-1.80969621627354,2.70622472886878,2,morning_commute
ST-1848,1.0649890861495,0.0390661926257458,1,morning_commute
ST-1849,1.71785794321587,0.103309226865445,1,morning_commute
ST-185,-0.953189683619732,0.643450305570014,2,morning_commute
ST-1850,1.84793351211147,0.316659191729726,1,morning_commute
ST-1851,0.766410978706094,0.654246473486358,1,morning_commute
ST-1852,0.982237399212742,1.04100769972741,1,morning_commute
ST-1853,0.733631168822447,1.45662358760335,1,morning_commute
ST-1854,0.490654602686415,1.31779067288585,1,morning_commute
ST-1855,0.587450824583206,1.48166272656199,1,morning_commute
ST-1856,-2.87980543228801,-0.873532410433002,3,morning_commute
ST-1857,0.750990305657778,0.796477706303141,1,morning_commute
ST-1858,0.81195250819573,1.26611859928286,1,morning_commute
ST-1859,0.928645419571125,0.446125356759443,1,morning_commute
ST-186,-1.22509984104071,0.496016922226029,2,morning_commute
ST-1860,0.589093376742672,1.53219615251288,1,morning_commute
ST-1861,0.17888923130023,1.26573152371086,2,morning_commute
ST-1862,1.09305572928531,0.507651432616846,1,morning_commute
ST-1864,1.06152287599768,0.89280243838491,1,morning_commute
ST-1865,-0.0352377385641454,-1.33828250351858,4,morning_commute
ST-1866,0.947873218929437,0.662252629791175,1,morning_commute
ST-1867,1.12262431532115,0.447375847150655,1,morning_commute
ST-1868,0.993420553606846,0.622223318885243,1,morning_commute
ST-1869,0.9053659809476,1.29480418117738,1,morning_commute
ST-187,-0.735592957415091,0.478899020024407,2,morning_commute
ST-1870,1.11008832952471,1.12617876921429,1,morning_commute
ST-1871,0.768681412729262,1.60773206455313,1,morning_commute
ST-1872,0.716478291224946,1.47864412871005,1,morning_commute
ST-1873,1.36043105563372,0.783327179255031,1,morning_commute
ST-1874,1.05494524515442,0.808344079620379,1,morning_commute
ST-1875,1.45264282259349,0.356986128502141,1,morning_commute
ST-1876,0.764227165443682,1.2754327073121,1,morning_commute
ST-1877,0.455255339496498,1.59133908991625,1,morning_commute
ST-1878,0.997398083291796,0.797526848750589,1,morning_commute
ST-1879,1.39541179120209,1.72258214484671,1,morning_commute
ST-188,2.86930583864268,0.732622099008384,1,morning_commute
ST-1880,1.28513992982806,1.53113298285145,1,morning_commute
ST-1881,1.47501745713093,1.44804134832589,1,morning_commute
ST-1882,1.22078880628387,1.46849561246933,1,morning_commute
ST-1883,1.58761039141717,0.778115363890643,1,morning_commute
ST-1884,1.78302191054914,1.038056885352,1,morning_commute
ST-1885,1.89117106013867,1.2598362779261,1,morning_commute
ST-1886,1.57577630996231,1.40838234308446,1,morning_commute
ST-1887,2.262729215568,0.842546722831973,1,morning_commute
ST-1888,1.20067637320314,1.68559368322409,1,morning_commute
ST-1889,1.92728261322576,1.29292505991873,1,morning_commute
ST-189,-0.556160434298117,0.675461718323959,2,morning_commute
ST-1890,-3.19945980124668,2.47929896863417,2,morning_commute
ST-1891,0.79929631937782,1.58589847442273,1,morning_commute
ST-1892,0.836170190006119,2.0700967148319,1,morning_commute
ST-1893,1.52161004835075,1.39161303075891,1,morning_commute
ST-1894,0.983442752139254,1.71328936113823,1,morning_commute
ST-1895,2.08971018245001,-0.29848832912896,1,morning_commute
ST-1896,1.54535388597105,1.33374959334039,1,morning_commute
ST-1897,1.49057981785371,1.3435384745047,1,morning_commute
ST-1899,1.91879385097136,0.203707666695145,1,morning_commute
ST-19,0.634698806188135,-1.28232229120634,4,morning_commute
ST-190,-1.05233272731514,1.91539833591035,2,morning_commute
ST-1900,1.6746785379598,0.510799550671641,1,morning_commute
ST-1901,1.53680718062402,1.92843426157448,1,morning_commute
ST-1902,1.69432946250951,1.19081161037886,1,morning_commute
ST-1903,1.83862700945274,1.40140434045113,1,morning_commute
ST-1904,1.80535260922031,1.48483445998231,1,morning_commute
ST-1905,1.56348068203142,1.59840307076526,1,morning_commute
ST-1906,1.79672906749066,0.597107756604943,1,morning_commute
ST-1908,2.08024964448857,-0.370985000160428,1,morning_commute
ST-1909,1.99951477851885,-0.435803509236637,1,morning_commute
ST-1910,1.89074116862443,-0.407084431476096,1,morning_commute
ST-1911,3.65659830853092,-1.37425487238482,1,morning_commute
ST-1912,3.23474795983087,-0.817293008629062,1,morning_commute
ST-1913,-3.01989997361324,-1.30214204289182,3,morning_commute
ST-1914,2.21384378545578,0.592460577377476,1,morning_commute
ST-1915,1.92673260917676,0.35905284623931,1,morning_commute
ST-1916,1.78580445351253,0.442110001866051,1,morning_commute
ST-1917,0.818462965616785,1.29835185333124,1,morning_commute
ST-1918,0.441605797580532,0.821172629854123,1,morning_commute
ST-1919,2.45194036671332,0.203481904776299,1,morning_commute
ST-1920,2.07745144737637,0.197199512078639,1,morning_commute
ST-1921,1.60427016763976,2.016470646372,1,morning_commute
ST-1922,1.43458247246468,1.55258610296742,1,morning_commute
ST-1923,1.96865934838314,-0.141366159942477,1,morning_commute
ST-1924,1.97356292972284,0.31026214067383,1,morning_commute
ST-1925,1.69444955011773,1.93007638785689,1,morning_commute
ST-1926,1.89678903163238,0.880891153966471,1,morning_commute
ST-1927,-2.44666207708758,2.00443359437915,2,morning_commute
ST-1929,1.86029440365264,0.204906159985864,1,morning_commute
ST-193,-1.27634086420292,1.40188652347438,2,morning_commute
ST-1930,-0.651872827504078,3.04771955798604,2,morning_commute
ST-1932,-1.61657820495882,-0.128921323426061,3,morning_commute
ST-1933,-1.39375639158665,-0.271483027088438,3,morning_commute
ST-1934,-1.17135693902274,-0.399827914229448,3,morning_commute
ST-1935,-0.492757953142477,-0.387870007183235,4,morning_commute
ST-1936,-1.09285333330872,-0.249070810106218,3,morning_commute
ST-1937,-1.39237670945955,-0.834575179504809,3,morning_commute
ST-1938,-1.37491011728469,-0.582431658113135,3,morning_commute
ST-1939,-1.27749943463169,-0.146430196311617,3,morning_commute
ST-194,-0.974638203464537,0.630889758687518,2,morning_commute
ST-1940,-1.44647525255093,-0.295111496739628,3,morning_commute
ST-1941,-1.29935581771669,-0.23144576327575,3,morning_commute
ST-1943,-3.93765641776114,2.75350404919009,2,morning_commute
ST-1944,-0.758309074980088,0.277250424377279,2,morning_commute
ST-1945,-1.7045531628786,0.229511548758239,2,morning_commute
ST-1946,-1.5589426387199,-0.198421751338258,3,morning_commute
ST-1947,-0.0700216122951052,-0.024498029895196,4,morning_commute
ST-1948,-0.518130178280383,-0.0511027853705037,2,morning_commute
ST-1949,-0.0274724397395599,-0.115880802931861,4,morning_commute
ST-195,-1.52891282759555,0.555210691054603,2,morning_commute
ST-1950,1.39043555989378,-0.628292722141382,4,morning_commute
ST-1952,-1.27672635305072,-0.381146151980725,3,morning_commute
ST-1953,-1.11123025687801,-0.0786404376583067,2,morning_commute
ST-1954,-1.57438341225376,-0.201126555220076,3,morning_commute
ST-1955,-0.940554823698282,-0.571706813200489,3,morning_commute
ST-1956,-0.162860013509514,0.832207925111693,2,morning_commute
ST-1957,-1.67426766870781,-0.016147575231692,3,morning_commute
ST-1958,-1.26188122654398,-0.822021505020238,3,morning_commute
ST-1959,-1.37342082733092,-0.305000928149828,3,morning_commute
ST-196,-1.28813563826826,0.834842507107231,2,morning_commute
ST-1960,-1.49208059442653,-0.249510331997712,3,morning_commute
ST-1961,-1.17349105226462,-1.00237279366023,3,morning_commute
ST-1962,-1.39903212000912,-0.751663440029983,3,morning_commute
ST-1963,-1.36143310735508,-0.960797730328168,3,morning_commute
ST-1964,-1.00135088346616,-1.20861782716578,3,morning_commute
ST-1965,-1.27793925774248,-0.977212988312205,3,morning_commute
ST-1966,-1.22457373194321,-0.800487557386843,3,morning_commute
ST-1967,-0.82455426430864,-1.75056958856983,3,morning_commute
ST-1968,-0.548138483472527,-1.91925890711194,3,morning_commute
ST-1969,0.323665514199122,-1.81882371791235,4,morning_commute
ST-197,-0.660267844458541,0.446088175418977,2,morning_commute
ST-1970,0.0251508813934046,-1.88020830038931,4,morning_commute
ST-1971,0.24685947313396,-1.63757339644558,4,morning_commute
ST-1972,-0.632505113371856,-1.93378028210832,3,morning_commute
ST-1973,-0.412984319978303,-1.98382761906877,4,morning_commute
ST-1974,-0.491132264245517,-1.43782798356425,4,morning_commute
ST-1975,-0.723407616493699,-1.45282081227856,3,morning_commute
ST-1976,-0.743827185010128,-1.63629022926124,3,morning_commute
ST-1977,-0.553217444176762,-1.67079700658932,3,morning_commute
ST-1978,-0.790310670777038,-1.78637313955185,3,morning_commute
ST-1979,-3.45031903450998,2.11616455158712,2,morning_commute
ST-198,-1.19957234403506,0.500089846321946,2,morning_commute
ST-1982,-0.34529308254876,-1.33730818035825,4,morning_commute
ST-1983,-0.489991464787234,-1.47146970398092,4,morning_commute
ST-1985,0.000444589681244358,-1.65072675509958,4,morning_commute
ST-1986,-0.13448456061589,-1.79523429395464,4,morning_commute
ST-1989,-2.1697712760103,2.12559497627265,2,morning_commute
ST-199,-0.650488862191722,0.920459877689332,2,morning_commute
ST-1990,-0.203443666405521,-1.58211174693349,4,morning_commute
ST-1991,-0.413676672320499,-1.30517980118795,4,morning_commute
ST-1992,-0.774499295344753,-1.89323853441836,3,morning_commute
ST-1993,-2.11736823903128,-0.816393127122858,3,morning_commute
ST-1994,-1.11016742495058,-1.66374251429959,3,morning_commute
ST-1995,-1.29484099356123,-1.54646753461768,3,morning_commute
ST-1996,-1.51472318963449,-1.36697229419027,3,morning_commute
ST-1997,-1.32373773563509,-1.69156951612207,3,morning_commute
ST-1999,-1.2281146354814,-1.9627514103156,3,morning_commute
ST-20,1.23497700894159,-1.36034813715957,4,morning_commute
ST-200,0.308615222195595,0.300649883819069,1,morning_commute
ST-2000,-1.83010471970306,-1.84816333019124,3,morning_commute
ST-2001,-0.962855078948972,-1.59397097118793,3,morning_commute
ST-2002,-0.931179227112312,-1.81081920437989,3,morning_commute
ST-2003,-1.77485471490949,-1.24373578290258,3,morning_commute
ST-2005,-1.59416111784577,-1.47828055942136,3,morning_commute
ST-2006,-0.816753284862242,-1.13286047644411,3,morning_commute
ST-2007,-1.25760183100473,-1.32140613292372,3,morning_commute
ST-2008,-2.09601789789977,-0.550212360407681,3,morning_commute
ST-2009,-3.43018673689477,2.05936084012844,2,morning_commute
ST-201,0.792557040387502,-0.120469144976255,4,morning_commute
ST-2011,-1.58806637065061,-1.29556235983611,3,morning_commute
ST-2012,-1.40959991439129,-1.3322014006046,3,morning_commute
ST-2013,-1.39864895364585,-1.27737967066316,3,morning_commute
ST-2014,-1.56641068744889,-1.28375546926603,3,morning_commute
ST-2015,-0.40256796239676,2.18885837302459,2,morning_commute
ST-2016,-1.36790355909048,-1.31074774458535,3,morning_commute
ST-2017,-1.2692976560014,-1.48184879141909,3,morning_commute
ST-2018,-1.16268050732748,-1.89406799553352,3,morning_commute
ST-2019,2.45648878020172,-1.3516841806925,4,morning_commute
ST-202,1.44419155863787,-2.92180844724922,4,morning_commute
ST-2020,-1.97553096057059,-1.55188268944752,3,morning_commute
ST-2021,-3.52732173343143,0.484551014868012,3,morning_commute
ST-2022,-2.1380517305626,-1.23437441110464,3,morning_commute
ST-2023,-2.31893748895601,-1.56958131656799,3,morning_commute
ST-2024,-1.93381094051536,-1.5765065208892,3,morning_commute
ST-2025,-1.50965957607216,-1.60836848959672,3,morning_commute
ST-2026,-2.26568896518761,-1.49131766696906,3,morning_commute
ST-2027,-1.90744492798259,-1.19867648971148,3,morning_commute
ST-2028,-2.0894478569869,-1.17962174964359,3,morning_commute
ST-2029,-2.04665265916536,-1.49888510500851,3,morning_commute
ST-203,0.559623599210554,-0.328174132527981,4,morning_commute
ST-2030,3.43225003988428,0.368429409853762,1,morning_commute
ST-2031,-2.35037389521724,-1.42020959058613,3,morning_commute
ST-2032,-2.21395703628865,-1.36278228814819,3,morning_commute
ST-2033,-2.39052068368232,-1.49146638591552,3,morning_commute
ST-2034,-2.39022038827912,-1.44953230561879,3,morning_commute
ST-2035,-2.29548301934979,-1.5263188288352,3,morning_commute
ST-2036,-2.41075006168484,-1.42616606821587,3,morning_commute
ST-2037,-2.31086891949755,-1.53148322590149,3,morning_commute
ST-2038,-2.20828655105252,-2.1305873218682,3,morning_commute
ST-2039,-1.19279079283649,-1.5804098984855,3,morning_commute
ST-204,0.417489517355359,-1.14813335579679,4,morning_commute
ST-2040,-2.32962808222381,-1.49228072546992,3,morning_commute
ST-2041,-2.31009903920788,-1.41384682485361,3,morning_commute
ST-2042,-2.40240873925458,-1.39719965143162,3,morning_commute
ST-2043,2.12933445006355,0.0753681746855679,1,morning_commute
ST-2044,-2.18184330876276,-1.44126353073266,3,morning_commute
ST-2045,-2.38972571217585,-1.49778114623112,3,morning_commute
ST-2046,-2.17412186714316,-1.16819669507936,3,morning_commute
ST-2047,-2.29188691473118,-1.4974941400291,3,morning_commute
ST-2048,-2.51606310915609,-1.49550203879025,3,morning_commute
ST-2049,-2.51462231707475,-1.598447055392,3,morning_commute
ST-205,0.691293202886911,-0.871443869804399,4,morning_commute
ST-2050,-2.58854077288131,-1.41261913802391,3,morning_commute
ST-2052,-2.86852842432622,-2.83646371105885,3,morning_commute
ST-2053,-2.83028967338997,-0.197950761880944,3,morning_commute
ST-2054,-1.76996515570462,-1.11499488546469,3,morning_commute
ST-2056,-2.41590045856046,-1.37646452476843,3,morning_commute
ST-2057,-1.90569164055706,-1.13543817043103,3,morning_commute
ST-2058,-2.53751662730365,-1.46197359580172,3,morning_commute
ST-2059,-2.03840454175879,-1.4822078187774,3,morning_commute
ST-206,0.600356693462794,-0.582660460161746,4,morning_commute
ST-2061,-1.35458505664658,2.43065984456597,2,morning_commute
ST-2062,-0.307658417556659,1.18227626660012,2,morning_commute
ST-2063,-0.190873363174513,1.09091586430383,2,morning_commute
ST-2066,-0.223595521317741,1.78415031668829,2,morning_commute
ST-2067,-0.396640532705615,0.616253129608185,2,morning_commute
ST-2068,-0.143134621452302,0.60460950772667,2,morning_commute
ST-2069,0.753031481035474,1.00243107481035,1,morning_commute
ST-207,0.713359880516871,-0.987093757737721,4,morning_commute
ST-2070,-0.30619304161979,0.832826303182899,2,morning_commute
ST-2071,-1.15782148487662,1.30562849998263,2,morning_commute
ST-2073,-0.52233733178122,0.679831402461404,2,morning_commute
ST-2074,-0.0639706044555185,0.504527850242842,2,morning_commute
ST-2075,-0.11533442551084,0.316710289403084,2,morning_commute
ST-2076,0.0319655928050586,0.325988535883945,2,morning_commute
ST-2077,-0.14195543833198,0.924259795581783,2,morning_commute
ST-2078,0.117790294760904,0.585324134953219,2,morning_commute
ST-2079,-0.102689164122736,1.26137717430301,2,morning_commute
ST-208,2.88650566113345,-0.914619502012197,1,morning_commute
ST-2080,-0.125254511696549,0.837277795397555,2,morning_commute
ST-2081,-0.197064149191815,0.75461753473169,2,morning_commute
ST-2083,0.537143680505226,0.762256415941665,1,morning_commute
ST-2084,-2.9902894158683,0.294220479030402,3,morning_commute
ST-2085,-0.309259786371967,1.09982505537631,2,morning_commute
ST-2086,-0.46272883269824,1.85071348987323,2,morning_commute
ST-2087,-0.414335173132582,1.0413214161946,2,morning_commute
ST-2088,-0.091504472036634,1.30915557538362,2,morning_commute
ST-2089,0.0353931304803696,1.62991511149015,2,morning_commute
ST-209,3.28970961896957,-2.45894365016386,4,morning_commute
ST-2091,-0.299472590071567,-1.32244554950175,4,morning_commute
ST-2093,-1.55334967288762,1.84794041163082,2,morning_commute
ST-2094,-0.297748757211261,1.1130038021866,2,morning_commute
ST-2095,-0.0824743816349178,1.25109671967433,2,morning_commute
ST-2096,-0.260127064582261,1.5392780895756,2,morning_commute
ST-2097,-0.0965397273964204,1.63407889616047,2,morning_commute
ST-2098,-3.35274227828978,2.24564598457375,2,morning_commute
ST-2099,0.528418943586535,0.56775734273325,1,morning_commute
ST-21,0.688555515899232,-1.35946910980053,4,morning_commute
ST-210,1.31981135278564,-1.36677350243106,4,morning_commute
ST-2100,-1.43924518142298,2.6485612316046,2,morning_commute
ST-2101,0.235309449499927,0.567617118262901,2,morning_commute
ST-2102,0.340242717014612,0.452652259668538,1,morning_commute
ST-2103,1.16084891199925,0.820555815288362,1,morning_commute
ST-2104,-0.0593086077504084,1.52921921536019,2,morning_commute
ST-2105,-3.42240710836136,2.35408788315865,2,morning_commute
ST-2106,-0.0193320072963491,1.55482764697383,2,morning_commute
ST-2107,-0.0784184958449573,1.5568297571594,2,morning_commute
ST-211,1.29270696824483,-1.57548945718027,4,morning_commute
ST-2110,-0.301787542565085,1.44665350082092,2,morning_commute
ST-2111,-2.37632051838928,0.614777930088736,2,morning_commute
ST-2112,-0.36483111982037,1.40187039609593,2,morning_commute
ST-2113,-0.234238065735364,1.5997491873678,2,morning_commute
ST-2114,-2.73710455834799,2.4115605408433,2,morning_commute
ST-2115,0.0747284914331004,1.66559432074416,2,morning_commute
ST-2116,-0.504390347072204,1.6576359624696,2,morning_commute
ST-2117,-0.306807988072276,1.8123843575578,2,morning_commute
ST-2119,-0.299415719876754,1.32773215546951,2,morning_commute
ST-212,1.06574819536613,-1.28703769706038,4,morning_commute
ST-2120,-0.279320537499691,1.28860758452889,2,morning_commute
ST-2123,0.353022858525468,0.0802500485708796,4,morning_commute
ST-2124,1.12538520578077,0.635705553721052,1,morning_commute
ST-2125,0.601654169372261,0.93606773393724,1,morning_commute
ST-2126,1.00693045783528,0.890660321918769,1,morning_commute
ST-2127,0.679544731868231,1.06008663994018,1,morning_commute
ST-2129,0.413696984052629,0.770847440740651,1,morning_commute
ST-213,0.560065679845793,-0.304330206568044,4,morning_commute
ST-2130,0.302849402005895,0.578728932239221,1,morning_commute
ST-2132,0.205657858256691,0.973479785564584,2,morning_commute
ST-2133,0.959659363505314,0.850799989654559,1,morning_commute
ST-2134,0.581238124190675,0.840467561528353,1,morning_commute
ST-2135,1.31908118082356,0.983646297927409,1,morning_commute
ST-2136,0.988337285950109,1.25427883103417,1,morning_commute
ST-2137,0.608828302402426,0.814422034286636,1,morning_commute
ST-2138,-2.88804465886005,0.507420039277668,2,morning_commute
ST-2139,-4.01882664035734,1.03171439774038,2,morning_commute
ST-214,0.629614779898382,-0.196476109257364,4,morning_commute
ST-2140,-1.753265381989,1.65777509994085,2,morning_commute
ST-2141,-3.51525261182675,1.25241097264225,2,morning_commute
ST-2142,-3.65655559155976,1.18887102690492,2,morning_commute
ST-2144,-2.26804988327609,2.17300197823467,2,morning_commute
ST-2145,-1.62553673433836,1.14661998556993,2,morning_commute
ST-2146,2.02293484027917,-1.65113937015012,4,morning_commute
ST-2147,1.09314337739717,-1.6099182103178,4,morning_commute
ST-2148,1.32740000541579,-1.76010937771325,4,morning_commute
ST-2149,1.18014280523868,-1.65431952614337,4,morning_commute
ST-215,2.15794199152413,-0.0809806180254443,1,morning_commute
ST-2150,1.5048212027638,-1.72096312038546,4,morning_commute
ST-2151,0.915648987326554,1.71670183100025,1,morning_commute
ST-2152,1.06608204161252,-1.31985591649577,4,morning_commute
ST-2153,0.736609704349212,-1.38455209822079,4,morning_commute
ST-2154,0.605863163054616,-0.479200469447763,4,morning_commute
ST-2155,-2.64540390434935,2.43694611870322,2,morning_commute
ST-2156,1.52133887353998,-1.77642638975538,4,morning_commute
ST-2157,1.20769560572175,-1.44567158703116,4,morning_commute
ST-2159,-2.98515812613321,1.71552673480725,2,morning_commute
ST-216,1.13910042654611,-0.936248019174554,4,morning_commute
ST-2160,1.26565086952386,-1.43818365400625,4,morning_commute
ST-2161,0.176318702349278,-0.194546597283737,4,morning_commute
ST-2162,-3.35248861261942,2.25283406838043,2,morning_commute
ST-2163,1.19498521277013,-1.37156272448462,4,morning_commute
ST-2164,1.24737103238706,-1.5241784288744,4,morning_commute
ST-2165,1.19757795939758,-1.46971403432789,4,morning_commute
ST-2166,1.07060839121932,-1.67257330394023,4,morning_commute
ST-2167,1.19026657427281,-1.42486979066518,4,morning_commute
ST-2168,1.22343147045065,-1.36567596607384,4,morning_commute
ST-2169,1.65613062235585,-2.09858663689652,4,morning_commute
ST-217,0.012416526499151,0.131406613332953,2,morning_commute
ST-2171,-0.711813765048648,2.32457241353348,2,morning_commute
ST-2172,0.692452258573895,-0.402136923868145,4,morning_commute
ST-2173,1.13239466765809,-0.472530170615657,4,morning_commute
ST-2174,0.923620073917279,-0.674597207052108,4,morning_commute
ST-2175,0.669742701831467,-0.766236789769682,4,morning_commute
ST-2176,0.906529017192799,-0.827251604392731,4,morning_commute
ST-2177,0.81994154523152,-0.546757901790317,4,morning_commute
ST-2178,2.48956813247506,0.430759236478014,1,morning_commute
ST-2179,1.37416301776656,-0.402133263912631,4,morning_commute
ST-218,-0.324516720063377,1.07599994637704,2,morning_commute
ST-2181,2.29191360460666,-0.368362607629838,1,morning_commute
ST-2182,1.35462054389402,-0.762267384111528,4,morning_commute
ST-2183,-0.0175961442953302,0.805882388291515,2,morning_commute
ST-2184,0.643303980466217,-0.891514295640858,4,morning_commute
ST-2185,2.52936904073996,-1.46917579901392,4,morning_commute
ST-2186,-3.44082660184415,2.14598667596923,2,morning_commute
ST-2187,1.16240257892454,-0.704162202368799,4,morning_commute
ST-2188,1.09634537477555,0.0561709427663712,1,morning_commute
ST-2189,4.42830134219518,-0.35359446579999,1,morning_commute
ST-219,0.891252498027899,-0.413978678243004,4,morning_commute
ST-2190,0.298021560884443,0.0815918958204606,4,morning_commute
ST-2191,1.64619785446906,-0.833931757520139,4,morning_commute
ST-2192,-2.49650416872049,0.644267075442294,2,morning_commute
ST-2193,-2.7719064171164,2.85309252566769,2,morning_commute
ST-2194,0.497715867111223,-1.32423907416373,4,morning_commute
ST-2195,0.447780098585236,-1.08421778554176,4,morning_commute
ST-2196,0.288655644781807,0.383004942288748,1,morning_commute
ST-2197,0.362257810832444,2.94159895561526,2,morning_commute
ST-2198,-1.36687264337954,0.982966809268782,2,morning_commute
ST-2199,-0.329435621657452,-0.320683998985123,4,morning_commute
ST-22,0.795256136159996,-0.674555399261195,4,morning_commute
ST-220,1.31867131537796,-0.962185577851494,4,morning_commute
ST-2200,0.594917858512441,0.0259036951198928,4,morning_commute
ST-2201,0.963498965095102,-0.436432803649735,4,morning_commute
ST-2202,0.863565932027191,-0.660966098347075,4,morning_commute
ST-2203,-3.08088153918214,-0.176285971868461,3,morning_commute
ST-2204,1.33929603729484,-1.25681655925838,4,morning_commute
ST-2205,0.994567021147745,-1.37537455904141,4,morning_commute
ST-2206,1.18623738654445,-1.25083880931598,4,morning_commute
ST-2207,1.3654056669101,-1.15725029546717,4,morning_commute
ST-2208,1.34608140960981,-1.18347611441283,4,morning_commute
ST-2209,2.88109197951368,1.49255613267483,1,morning_commute
ST-221,1.14000812851135,-1.35345902851912,4,morning_commute
ST-2210,1.31789247940418,-1.23052362328345,4,morning_commute
ST-2211,0.20932287422057,2.16158330674747,2,morning_commute
ST-2212,0.876461803025155,-0.903191985004596,4,morning_commute
ST-2213,1.29391524307928,-1.29527415537167,4,morning_commute
ST-2214,1.19806114486135,-1.27402717851429,4,morning_commute
ST-2215,1.22137682199103,-1.19076765758719,4,morning_commute
ST-2216,1.05059878223709,-1.3243065401895,4,morning_commute
ST-2217,1.37356636457311,-1.308550748479,4,morning_commute
ST-2218,-0.118702220997205,2.30972044806172,2,morning_commute
ST-2219,-1.19459467353561,0.877760314702108,2,morning_commute
ST-222,1.31617145853936,-1.34905134832724,4,morning_commute
ST-2221,-0.81096211890416,1.0234725518801,2,morning_commute
ST-2222,-0.470591948514904,0.194040362074875,2,morning_commute
ST-2223,0.154465501761633,0.227858832549331,2,morning_commute
ST-2224,-1.11382397388978,2.40515454186199,2,morning_commute
ST-2225,-1.33937781461823,0.994396055517525,2,morning_commute
ST-2226,-1.30328630621471,1.12159461347825,2,morning_commute
ST-2227,-1.52930903625292,1.12031077986466,2,morning_commute
ST-2229,-1.66532329873192,0.783524754190522,2,morning_commute
ST-223,1.03737914565333,-1.35643418636325,4,morning_commute
ST-2231,0.00979362682765816,0.446988729168481,2,morning_commute
ST-2232,0.390824094438467,0.641719375705969,1,morning_commute
ST-2233,-1.00865725720949,1.11653683001548,2,morning_commute
ST-2234,-1.74042340477585,1.39289732464353,2,morning_commute
ST-2235,-0.627776764350473,0.849936435198316,2,morning_commute
ST-2236,0.0313136051595115,0.582872717933703,2,morning_commute
ST-2237,-0.158160658435312,0.348467187332178,2,morning_commute
ST-2238,-0.0894587834417793,2.2121617629704,2,morning_commute
ST-2239,1.09144869001995,-0.458157526161291,4,morning_commute
ST-224,1.49957486973849,-1.32154349814815,4,morning_commute
ST-2240,1.12504162419261,-1.20339327206066,4,morning_commute
ST-2241,-0.463295413962511,1.50919231398174,2,morning_commute
ST-2242,0.172563531920985,0.223839499732705,2,morning_commute
ST-2243,1.09982576018709,-1.22654457416488,4,morning_commute
ST-2244,-0.447844274569888,1.2868316463228,2,morning_commute
ST-2245,-0.309723128644362,1.20776352674873,2,morning_commute
ST-2246,0.183616156028358,-0.678366038494081,4,morning_commute
ST-2247,0.983130776011294,-1.42444776424729,4,morning_commute
ST-2250,0.480417399952366,-0.679132922208117,4,morning_commute
ST-2252,0.791388160247839,-0.608787124040663,4,morning_commute
ST-2253,0.641695462594748,-0.921883161342686,4,morning_commute
ST-2256,-3.23745016737443,2.40416179940846,2,morning_commute
ST-2257,0.950080973342551,-1.21064855998777,4,morning_commute
ST-2259,-0.51409920695626,1.20382822015598,2,morning_commute
ST-226,1.46825214272973,-1.42215719368537,4,morning_commute
ST-2260,0.0782634201671166,0.726390158873341,2,morning_commute
ST-2261,0.215517548241662,-0.0411105262236122,4,morning_commute
ST-2262,0.03407409306815,-0.564263445430043,4,morning_commute
ST-2263,-0.176982549774005,0.92447913038673,2,morning_commute
ST-2264,0.787914984050203,-0.754989794461426,4,morning_commute
ST-2265,0.0310212589563646,0.0556393880105478,4,morning_commute
ST-2266,-0.203831286935491,0.113411498325778,2,morning_commute
ST-2267,-0.957029675895693,0.77472583868833,2,morning_commute
ST-2268,1.00887592792597,2.37519525471384,1,morning_commute
ST-2269,-1.0780251963062,0.44811142224048,2,morning_commute
ST-227,1.19515510325713,-1.5200101418133,4,morning_commute
ST-2270,-0.387339131238076,0.0197171130918007,2,morning_commute
ST-2271,-1.15610709619885,0.550871395604048,2,morning_commute
ST-2272,-1.27895065075174,0.477589858539346,2,morning_commute
ST-2273,-1.28588014920179,0.767881378342072,2,morning_commute
ST-2274,-0.912553435985825,0.274281338231536,2,morning_commute
ST-2275,2.28649210836535,-1.17495675462663,4,morning_commute
ST-2276,-1.25013095078823,0.608211632707993,2,morning_commute
ST-2277,0.749467598971793,-2.46447596439425,4,morning_commute
ST-2278,-0.255711931776013,-0.269341640982909,4,morning_commute
ST-2279,-1.0547311148894,0.582993654031267,2,morning_commute
ST-228,-1.10880412499233,0.856841394645391,2,morning_commute
ST-2280,-0.617484370613995,0.320771302194396,2,morning_commute
ST-2281,-0.814718572865262,0.477394802357861,2,morning_commute
ST-2282,-0.295326073469327,-0.0573651700756639,2,morning_commute
ST-2283,-0.246783376289533,-0.0730601688268056,4,morning_commute
ST-2284,-0.252745164469481,-0.391202283293664,4,morning_commute
ST-2285,0.238520087785859,0.11409032870755,4,morning_commute
ST-2286,-1.02562731937225,2.65075433569764,2,morning_commute
ST-2287,0.146811853347078,0.442938375445378,2,morning_commute
ST-2288,-0.320411653805138,0.170089619497078,2,morning_commute
ST-2289,0.267173046563742,0.377188923599285,2,morning_commute
ST-229,-2.38727794364494,0.896602995579475,2,morning_commute
ST-2290,0.0383278844511038,-0.120859726511579,4,morning_commute
ST-2291,0.262191470988562,-0.149572627913565,4,morning_commute
ST-2292,0.12573166426453,-0.098878585334491,4,morning_commute
ST-2293,-0.173227725458572,0.00518280157296694,2,morning_commute
ST-2294,-0.217194025130924,0.0204248877495058,2,morning_commute
ST-2295,-0.148949225484051,-0.11284772306028,4,morning_commute
ST-2296,-1.71063838513217,0.790122988921704,2,morning_commute
ST-2297,-1.83592398853513,2.33050746676041,2,morning_commute
ST-2298,0.821593243602737,-0.982395815198272,4,morning_commute
ST-2299,-0.259847032915307,-0.274868898803264,4,morning_commute
ST-23,0.627807425933155,-1.2634339431638,4,morning_commute
ST-230,-1.14891199503698,0.838081040206624,2,morning_commute
ST-2300,-0.0382176098439625,-0.5259040698136,4,morning_commute
ST-2301,-0.256210143956571,-0.251730950844184,4,morning_commute
ST-2302,0.896417197349402,-1.20323882160696,4,morning_commute
ST-2303,2.73087918467599,2.57102747593541,1,morning_commute
ST-2305,0.124349072482091,-1.25717542506442,4,morning_commute
ST-2307,-3.98099082805226,1.99496179461458,2,morning_commute
ST-2308,0.0227845004542945,-1.29213612484856,4,morning_commute
ST-2309,0.0998710879514601,-1.2074749337518,4,morning_commute
ST-231,1.16898315350774,-1.25733818547515,4,morning_commute
ST-2310,-0.123379247877172,-1.0381873581467,4,morning_commute
ST-2311,0.618104984928423,3.44153817631559,1,morning_commute
ST-2312,-0.0768863318164515,-0.789783588761537,4,morning_commute
ST-2314,0.212351804292195,-1.41270204381654,4,morning_commute
ST-2315,-3.27005098385096,2.1568502458674,2,morning_commute
ST-2316,-0.568692259415193,2.33931395927082,2,morning_commute
ST-2317,0.692965477051036,2.85306350728267,1,morning_commute
ST-2318,-0.282357217883855,-0.862807737422715,4,morning_commute
ST-232,1.24432682250865,-1.30130696954307,4,morning_commute
ST-2320,-0.163640721166167,-0.858776599572154,4,morning_commute
ST-2321,-0.03465031684503,-0.921134478645153,4,morning_commute
ST-2325,-0.151747431286912,-1.08664886725195,4,morning_commute
ST-2326,-0.531427298247052,-0.307883482005198,4,morning_commute
ST-2327,-0.450103276517392,-0.400184567154872,4,morning_commute
ST-2329,-0.753669560180462,0.114912676728962,2,morning_commute
ST-233,-1.29342120257931,0.99947212405891,2,morning_commute
ST-2330,-0.0485449031758763,-0.837418421066567,4,morning_commute
ST-2331,-0.493246311280579,-0.826757080782897,4,morning_commute
ST-2332,0.270904018056483,-0.512800137326254,4,morning_commute
ST-2333,-0.535046320205094,-0.181481142521929,2,morning_commute
ST-2334,-0.12109024023929,-1.09413286360636,4,morning_commute
ST-2335,-0.797194634767947,0.15103988573136,2,morning_commute
ST-2337,-1.39607735057231,0.190828844536045,2,morning_commute
ST-2338,-0.266893984357218,-0.477481476008795,4,morning_commute
ST-2339,-0.220450217944933,-0.0665301028915394,4,morning_commute
ST-234,-1.11803267768052,0.624531695881722,2,morning_commute
ST-2340,-0.766589068954609,-0.381832744151289,3,morning_commute
ST-2341,-0.198743381133911,-0.71412259143769,4,morning_commute
ST-2342,-0.622964333017696,-0.435583737185655,3,morning_commute
ST-2343,0.488718767861384,-0.00441184547466865,4,morning_commute
ST-2344,-1.97073973003418,2.22912292028905,2,morning_commute
ST-2346,-2.59348098999746,0.555190705608132,2,morning_commute
ST-2349,3.18206997065345,-1.10248453884193,1,morning_commute
ST-235,-1.35242318358041,0.429957068553456,2,morning_commute
ST-2350,0.646525906443265,-1.13248394345078,4,morning_commute
ST-2351,1.30364039900141,-0.905564574222569,4,morning_commute
ST-2352,1.19982826772441,-1.18373238731102,4,morning_commute
ST-2353,0.326767405221161,-1.4972136289142,4,morning_commute
ST-2354,-1.50145957609871,1.79867167366098,2,morning_commute
ST-2355,2.2390733254235,0.778852163119931,1,morning_commute
ST-2356,1.01159785670173,-1.14686114827614,4,morning_commute
ST-2357,0.813035470378436,-1.29658170996949,4,morning_commute
ST-2358,-0.244750714331634,-1.50107423758823,4,morning_commute
ST-2359,2.11407882713214,0.987755116086208,1,morning_commute
ST-236,-0.471583584237186,0.249543115466656,2,morning_commute
ST-2361,0.370745527250619,-1.2457670472069,4,morning_commute
ST-2362,2.17189445372475,0.754773586840481,1,morning_commute
ST-2363,2.10472439597784,0.796038955926934,1,morning_commute
ST-2364,2.29808141136826,1.10034699621924,1,morning_commute
ST-2365,1.36020860093907,-0.453487918857691,4,morning_commute
ST-2366,0.44204590286828,-0.759321619427781,4,morning_commute
ST-2367,0.479340501849299,-0.374939017043406,4,morning_commute
ST-2368,2.12799481131739,0.655784180073407,1,morning_commute
ST-2369,0.0585866955105304,-1.22031291876191,4,morning_commute
ST-237,-0.314500856367297,-0.00940795067309975,2,morning_commute
ST-2370,-0.204199633618653,-1.29419888339781,4,morning_commute
ST-2371,-0.438278166409334,-1.34173412205653,4,morning_commute
ST-2373,-0.48804367349248,-1.32938935524041,4,morning_commute
ST-2374,-0.594553037786499,-1.49266154101214,3,morning_commute
ST-2375,-0.613536408914375,-1.1834404623814,3,morning_commute
ST-2378,-2.63097645437799,1.22820018002557,2,morning_commute
ST-2379,-0.336753734814911,-0.889585459215541,4,morning_commute
ST-238,-0.125938574894775,0.0592705559027606,2,morning_commute
ST-2380,-0.24221435238081,-1.05534879851122,4,morning_commute
ST-2382,-0.0397313319634781,-1.27968440212463,4,morning_commute
ST-2383,-0.267848544121888,-0.610022266373091,4,morning_commute
ST-2384,1.68600292830003,1.82365756969647,1,morning_commute
ST-2385,-1.47662286047268,3.00042769212927,2,morning_commute
ST-2388,2.88293564853719,-0.651261278965265,1,morning_commute
ST-2389,-0.175873840517174,2.00603297611244,2,morning_commute
ST-239,1.10652874643832,-0.72252196862735,4,morning_commute
ST-2390,2.66635384787995,0.843100528918514,1,morning_commute
ST-2391,3.84094091204025,1.36376078533234,1,morning_commute
ST-2393,-0.624819753817097,-1.02671402255966,3,morning_commute
ST-2394,-0.67208202990924,-1.20440921481265,3,morning_commute
ST-2395,-1.64048308191786,-1.41016880105711,3,morning_commute
ST-2396,-1.43027746816902,-1.23178950608536,3,morning_commute
ST-2397,-1.37306434957449,-1.16167734497035,3,morning_commute
ST-2398,-1.52745364644975,-1.45809871802457,3,morning_commute
ST-2399,1.108060971492,2.73988761295454,1,morning_commute
ST-24,0.601302720342637,-1.03530568318151,4,morning_commute
ST-240,0.0829393508443728,0.402261893340334,2,morning_commute
ST-2401,0.730724113816261,0.545747705799558,1,morning_commute
ST-2402,1.22094048597188,0.357820471907844,1,morning_commute
ST-2403,-0.462182143312485,0.396378218824643,2,morning_commute
ST-2404,1.49433391634948,1.73041643144878,1,morning_commute
ST-2405,0.0735242708504516,0.953631686868883,2,morning_commute
ST-2406,-0.274251726394719,0.716807191758608,2,morning_commute
ST-2407,-0.156876757231194,-1.38959625302725,4,morning_commute
ST-2408,-0.224291169126158,-1.03481609742053,4,morning_commute
ST-2409,0.770575333036116,1.51687695854531,1,morning_commute
ST-241,-0.758728541599664,-0.236210605736845,2,morning_commute
ST-2410,0.944071604299851,1.55811249750284,1,morning_commute
ST-2411,-2.50482658628121,-1.33309340586332,3,morning_commute
ST-2412,-2.64136699653724,-1.48044025716167,3,morning_commute
ST-2414,2.04523157243994,0.0761086891581999,1,morning_commute
ST-2415,1.99024255417934,-0.262487895381705,1,morning_commute
ST-2416,1.61330931786401,1.93671943274701,1,morning_commute
ST-2417,1.52203682047742,1.73486064668979,1,morning_commute
ST-2419,-2.54815404518706,-1.31284416152941,3,morning_commute
ST-242,-0.455036131480403,-0.0428772695505268,2,morning_commute
ST-2420,-0.301877447889572,-0.0466430882234769,2,morning_commute
ST-2421,6.49456589913884,-0.635628090556817,1,morning_commute
ST-2422,-1.39956994890312,0.674691613891615,2,morning_commute
ST-2423,2.79131934914701,2.02319817373345,1,morning_commute
ST-2424,1.41454183129552,0.247360361659415,1,morning_commute
ST-2425,0.737994540801349,-0.721237916453488,4,morning_commute
ST-2427,-1.92047235472243,0.898283662488616,2,morning_commute
ST-2428,-0.299329962891171,-1.23519634027078,4,morning_commute
ST-2429,-1.48155926651339,2.26508281645045,2,morning_commute
ST-243,-0.449387302790525,-0.180007587696806,2,morning_commute
ST-2430,-0.516007963259551,0.57441905255937,2,morning_commute
ST-2431,-1.43391932474052,0.527780310565855,2,morning_commute
ST-2432,-1.13027871863279,0.636527717634128,2,morning_commute
ST-2433,-1.13630875752825,0.983206850726362,2,morning_commute
ST-2434,-1.08046250402549,1.29545896304831,2,morning_commute
ST-2435,-1.01061019760826,-0.660910118924433,3,morning_commute
ST-2436,2.69143851638496,1.59113696165282,1,morning_commute
ST-2437,0.943736519687382,-0.72985311223482,4,morning_commute
ST-2438,0.721287143572569,-1.11508887618503,4,morning_commute
ST-2439,1.63488831046966,-0.559077890937898,4,morning_commute
ST-244,-1.1643880136852,0.308078521716908,2,morning_commute
ST-2440,1.42356616225276,-0.460032850286027,4,morning_commute
ST-2441,1.01906673135287,-0.923040409509456,4,morning_commute
ST-2442,1.31508749338276,-0.271504863402464,4,morning_commute
ST-2443,1.11045137116698,0.193058022028472,1,morning_commute
ST-2444,1.23020346231149,-0.125898730529225,1,morning_commute
ST-2445,1.96017898601005,0.680253539709664,1,morning_commute
ST-2446,1.34357669395535,-0.511221124363741,4,morning_commute
ST-2447,0.90353770972791,-0.660596956459186,4,morning_commute
ST-2448,0.413591015649117,-0.473435091069035,4,morning_commute
ST-2449,0.865844788482434,-0.758993974214978,4,morning_commute
ST-245,0.16425277026658,-0.185152654904957,4,morning_commute
ST-2450,0.890106174904281,-0.892497331955137,4,morning_commute
ST-2451,0.760148604636409,-0.437016390549482,4,morning_commute
ST-2452,1.48515938244846,-0.807353654090109,4,morning_commute
ST-2453,1.82810456676449,-0.120343189580103,1,morning_commute
ST-2455,0.803154629726877,-0.536415241711378,4,morning_commute
ST-2456,0.94951127617082,-0.691540685537676,4,morning_commute
ST-2457,0.971437301210664,-0.417387630543633,4,morning_commute
ST-2458,0.0190760260301063,1.20020893754884,2,morning_commute
ST-2459,0.623064784497248,0.885840324227435,1,morning_commute
ST-246,0.346867560365513,-0.389350926081296,4,morning_commute
ST-2460,2.81818551565891,-0.471984530302012,1,morning_commute
ST-2461,0.140192200460426,1.00351386893893,2,morning_commute
ST-2462,-2.10690101548253,-0.649070969457994,3,morning_commute
ST-2463,-1.5937013523457,-0.455134606913962,3,morning_commute
ST-2464,-0.53083561076469,-1.39051775801119,4,morning_commute
ST-2465,-0.464324648682574,-1.21223059365508,4,morning_commute
ST-2466,-0.182456145722248,-0.81612232782878,4,morning_commute
ST-2467,-0.272441999931779,-0.844599896832113,4,morning_commute
ST-2468,-0.0899949945208311,-0.398302896074425,4,morning_commute
ST-2469,1.54061006380076,-0.690604536137667,4,morning_commute
ST-247,-0.36337095620126,-0.358599754115663,4,morning_commute
ST-2470,0.159412135748689,-0.205811826738651,4,morning_commute
ST-2471,2.30249619997015,0.718995128947964,1,morning_commute
ST-2472,-1.39122972369987,0.665794483335994,2,morning_commute
ST-2473,-1.23197485235391,0.985324270323779,2,morning_commute
ST-2474,1.18936281121895,1.61557194631084,1,morning_commute
ST-2476,-2.52148918059677,-1.18793915331563,3,morning_commute
ST-2477,-2.41814103881189,-1.13539195564383,3,morning_commute
ST-2478,-0.970481528950803,-1.87731543700013,3,morning_commute
ST-2479,-1.55427930799667,-1.64464035457544,3,morning_commute
ST-248,-0.714552623366145,-0.366469234760492,3,morning_commute
ST-2480,-1.77001334359815,-1.61006446839823,3,morning_commute
ST-2481,-1.96132604086699,-1.38217795774797,3,morning_commute
ST-2482,-2.49636481209672,-1.22270093063094,3,morning_commute
ST-2483,-2.33181002925654,-1.42255735496526,3,morning_commute
ST-2484,-2.31175710375135,-1.12378223475019,3,morning_commute
ST-2486,-2.41394256132165,-1.20029226050197,3,morning_commute
ST-2487,-1.69390563760636,-1.62656806237927,3,morning_commute
ST-2488,-2.31840413905047,-1.02902103142668,3,morning_commute
ST-2489,-2.20302779914767,-1.35618289714636,3,morning_commute
ST-249,-0.35180728614772,-0.202799679640906,4,morning_commute
ST-2490,-2.14192702415147,-1.40024685611424,3,morning_commute
ST-2491,-2.35357872117725,-1.55584273461995,3,morning_commute
ST-2492,-1.37000059930305,-1.5339057684172,3,morning_commute
ST-2493,-1.87601279703277,-1.64199664829006,3,morning_commute
ST-2494,-1.45839998769348,-1.8184700440384,3,morning_commute
ST-2496,-0.165698347570669,-0.288055827867075,4,morning_commute
ST-2497,-0.569629098681932,-0.500115727448475,4,morning_commute
ST-2498,-0.050401302983674,-0.514215871404107,4,morning_commute
ST-2499,-0.410671326734017,0.084908700301096,2,morning_commute
ST-25,1.09164466798075,-1.21766097840187,4,morning_commute
ST-250,0.548072593145142,-3.22883835625836,4,morning_commute
ST-2500,-0.270765245595787,-0.420822303354442,4,morning_commute
ST-2501,-0.729547437642062,0.141527048011542,2,morning_commute
ST-2502,-1.28172502473058,0.524864213673859,2,morning_commute
ST-2503,2.32582599245403,0.426544804905355,1,morning_commute
ST-2504,-0.866991664181097,0.484533900629686,2,morning_commute
ST-2505,0.115722594771039,0.163877679427034,4,morning_commute
ST-2506,-0.087596874558128,0.215760677835121,2,morning_commute
ST-2507,-1.32729775479825,0.405462929838284,2,morning_commute
ST-2508,-1.09693714903649,0.230708881456547,2,morning_commute
ST-2509,-0.604438950616421,0.0341262749937474,2,morning_commute
ST-251,-1.0306256833427,0.313213556759131,2,morning_commute
ST-2510,0.378829482955392,2.1081243490476,1,morning_commute
ST-2511,-1.21986982391994,0.540638443075464,2,morning_commute
ST-2512,2.72317808089714,3.01183803931112,1,morning_commute
ST-2513,-1.47197313075754,0.675128975473964,2,morning_commute
ST-2514,-1.34044473793678,0.955620994521914,2,morning_commute
ST-2516,-1.42164954548349,0.440695714338127,2,morning_commute
ST-2517,-1.25296643670421,0.626636540510349,2,morning_commute
ST-2518,-1.24329809990376,0.787047888223628,2,morning_commute
ST-2519,-0.105109212735835,-0.227527403508528,4,morning_commute
ST-252,0.192935467566936,-0.702316587165604,4,morning_commute
ST-2520,-0.990157827116477,0.360709525903203,2,morning_commute
ST-2521,-1.28750760250399,0.89863778154717,2,morning_commute
ST-2522,-1.48822998031073,0.858045923134868,2,morning_commute
ST-2523,-2.60645503065474,-0.435312553865272,3,morning_commute
ST-2524,0.10296341727452,1.65607147554897,2,morning_commute
ST-2525,-1.56951810122794,0.63099327216249,2,morning_commute
ST-2526,-1.69247918985264,0.347369442219948,2,morning_commute
ST-2527,-1.32709795039994,0.825229855071386,2,morning_commute
ST-2528,0.746295997249664,-0.435313214900564,4,morning_commute
ST-2529,-1.12999567828065,1.27751781442653,2,morning_commute
ST-253,-0.0338773392996151,-0.789099953897012,4,morning_commute
ST-2530,0.827972921984108,-1.31464239937188,4,morning_commute
ST-2531,1.10905808568682,-1.33365278769921,4,morning_commute
ST-2532,1.24505028731009,-1.39366402695793,4,morning_commute
ST-2533,1.22813358092131,-1.31276530888376,4,morning_commute
ST-2534,1.61602892722742,-1.45387380484462,4,morning_commute
ST-2535,1.2276361524848,-1.63518465740508,4,morning_commute
ST-2536,1.35846087721024,-1.42913398148142,4,morning_commute
ST-2537,1.32240052534993,-1.62456707070885,4,morning_commute
ST-2538,-2.3877718853469,-1.48513383617599,3,morning_commute
ST-2539,-1.96951498529247,-1.59679861348974,3,morning_commute
ST-254,0.298196144424452,-1.06408075429964,4,morning_commute
ST-2540,-0.780153380371927,2.48154881774189,2,morning_commute
ST-2541,0.0554055532047608,-1.03024524958207,4,morning_commute
ST-2542,-0.102478873290774,-0.883951608457985,4,morning_commute
ST-2543,-0.473976182748008,-0.385558341490723,4,morning_commute
ST-2544,-0.00821330633485058,-1.04153591609612,4,morning_commute
ST-2545,-0.0200932476828215,-1.67308222168092,4,morning_commute
ST-2546,0.137360208642433,-1.37594760560257,4,morning_commute
ST-2547,0.0997696340325384,-1.28706926302448,4,morning_commute
ST-2548,1.39120743562977,1.76338796768937,1,morning_commute
ST-2549,-0.285586651069902,1.29827438701051,2,morning_commute
ST-255,0.206292559022314,-1.15806383549443,4,morning_commute
ST-2550,-0.291137106967582,-3.28806984515757,4,morning_commute
ST-2551,-1.89513858431545,-1.42486555587984,3,morning_commute
ST-2552,-2.11019709090119,-1.72192506922085,3,morning_commute
ST-2553,-0.647216585472814,-1.81437635185765,3,morning_commute
ST-2554,-2.57485002250534,0.984630883219808,2,morning_commute
ST-2555,-2.53207854854233,-1.37788472170966,3,morning_commute
ST-2556,-2.55638510097245,-1.22696934533894,3,morning_commute
ST-2557,-2.0209674845088,-1.62086045088782,3,morning_commute
ST-2558,-2.07283178521296,-1.59528325355895,3,morning_commute
ST-2559,-1.17061023898067,-0.98043421333546,3,morning_commute
ST-256,0.883507136724632,-0.529444296338678,4,morning_commute
ST-2560,-0.404998956572968,-0.31039877579732,4,morning_commute
ST-2561,0.697141541734575,-1.49178646744175,4,morning_commute
ST-2562,1.55174850228553,2.01928725056497,1,morning_commute
ST-2563,-0.957348914098953,-1.26597593436072,3,morning_commute
ST-2564,-0.841458121095994,-1.45294059639851,3,morning_commute
ST-2565,-1.56740401208476,0.80644190955168,2,morning_commute
ST-2567,1.93103962436159,0.524922637314356,1,morning_commute
ST-2568,2.04284508179041,-0.214619136336749,1,morning_commute
ST-2569,-2.42734305101117,-1.5935037381847,3,morning_commute
ST-257,0.137412621961634,-1.46978536366056,4,morning_commute
ST-2570,1.31889684164392,1.61498894325264,1,morning_commute
ST-2571,1.10583411954651,0.444820461061574,1,morning_commute
ST-2572,0.715875639228103,1.50802737289248,1,morning_commute
ST-2573,1.18925635092588,2.40493702200569,1,morning_commute
ST-2574,1.15843394615867,0.193975339886283,1,morning_commute
ST-2575,0.731057276738701,0.989582002344906,1,morning_commute
ST-2576,0.52171531813169,1.26561340300271,1,morning_commute
ST-2577,0.612879825838643,0.827912031147906,1,morning_commute
ST-2578,0.980089025550324,1.06555840186165,1,morning_commute
ST-2579,0.59809104866848,1.17744014278652,1,morning_commute
ST-258,0.12877242809776,-1.36273389554053,4,morning_commute
ST-2580,1.26214994087243,0.212963046656498,1,morning_commute
ST-2581,0.545532564041408,1.56052141579814,1,morning_commute
ST-2582,-0.762962478968848,2.33590228095851,2,morning_commute
ST-2583,0.78966269149922,1.39553735625724,1,morning_commute
ST-2584,0.657917251810614,1.67904639814099,1,morning_commute
ST-2585,0.584775220988826,1.4307670784609,1,morning_commute
ST-2586,0.803255346081887,1.30831900279007,1,morning_commute
ST-2587,0.656607028542843,1.68678644371856,1,morning_commute
ST-2588,0.2657112180498,1.5362510821998,2,morning_commute
ST-2589,0.827330797430061,1.44685535856472,1,morning_commute
ST-259,0.0273523228206806,-1.09704553780917,4,morning_commute
ST-2590,0.534407327863825,2.04177326550804,1,morning_commute
ST-2591,0.464478653618232,1.44042419703364,1,morning_commute
ST-2592,1.01206034673041,0.227545806702276,1,morning_commute
ST-2593,1.38784606177869,0.575178587004317,1,morning_commute
ST-2594,1.0410715081842,0.298727274445778,1,morning_commute
ST-2595,1.11058132398103,0.210430703408563,1,morning_commute
ST-2596,0.915781813706803,0.405491764789876,1,morning_commute
ST-2597,0.575350719541915,2.45516753359771,1,morning_commute
ST-2598,-0.0977507146084762,1.81987451236972,2,morning_commute
ST-2599,0.438996940996719,1.55610413662716,1,morning_commute
ST-26,0.566939760240894,-1.16630274065667,4,morning_commute
ST-260,-0.48678735006132,-0.221602268696057,2,morning_commute
ST-2600,0.802881134192047,1.33487604634028,1,morning_commute
ST-2601,0.938334989871871,0.34837493641816,1,morning_commute
ST-2602,1.21834302681765,1.01749049628387,1,morning_commute
ST-2603,0.429938380553544,1.39459102842216,1,morning_commute
ST-2604,-0.968412540179045,2.18128604008207,2,morning_commute
ST-2605,0.57843409884119,1.56492535445657,1,morning_commute
ST-2606,0.680751301779447,1.53977291512953,1,morning_commute
ST-2607,0.985151925580505,1.22154512520761,1,morning_commute
ST-2608,1.17755313835863,0.277693897569825,1,morning_commute
ST-2609,1.01139303401277,0.212093963654886,1,morning_commute
ST-261,-1.34639434469712,-1.03293379758228,3,morning_commute
ST-2610,0.481375127547266,0.755485384374653,1,morning_commute
ST-2611,-2.36408966993718,-1.43894165222572,3,morning_commute
ST-2612,-3.04889636325004,0.366213152548298,3,morning_commute
ST-2613,-2.50605095928166,-1.59836443355036,3,morning_commute
ST-2614,-0.556503325584236,-0.6976991174077,4,morning_commute
ST-2615,0.565537097549516,-1.4536471282393,4,morning_commute
ST-2616,-0.454498177765566,-1.20245351869319,4,morning_commute
ST-2617,-0.560875793927468,-1.45699994299779,3,morning_commute
ST-2618,-0.0725954747405179,2.77091865103116,2,morning_commute
ST-2619,1.05168100776018,1.06890456437666,1,morning_commute
ST-262,-0.46525458367363,-0.164705043315891,2,morning_commute
ST-2620,1.41414487588655,2.84125966024494,1,morning_commute
ST-2621,1.13751778210088,0.358353828859763,1,morning_commute
ST-2622,3.06327498619678,1.28701786897037,1,morning_commute
ST-2623,-1.57399517677451,0.540749375448571,2,morning_commute
ST-2624,-0.976293732643818,1.47653427637539,2,morning_commute
ST-2625,-1.61203200953299,0.525580389978394,2,morning_commute
ST-2626,-1.39826749860253,0.439787729021346,2,morning_commute
ST-2627,-2.36123663952241,-1.2103579115772,3,morning_commute
ST-2628,0.00981240671929131,0.0475482278358999,4,morning_commute
ST-2629,-0.0801499063519427,-0.0532304294243353,4,morning_commute
ST-2630,-0.301648275632943,0.0330494476099458,2,morning_commute
ST-2631,-0.562145095230702,0.131681734436765,2,morning_commute
ST-2632,-0.122483408793559,-0.283020563999644,4,morning_commute
ST-2633,-0.0865527695719563,0.0991817788928914,2,morning_commute
ST-2634,-0.0820441395125018,-0.559135487020766,4,morning_commute
ST-2635,-0.340692237262068,-0.0800059686453052,2,morning_commute
ST-2636,-0.428133743085754,0.000601814816804713,2,morning_commute
ST-2637,-1.45596679544998,-0.558213900118482,3,morning_commute
ST-2638,-1.32705445894951,-0.283354014594081,3,morning_commute
ST-2639,-1.39915732263553,-0.402015833031725,3,morning_commute
ST-264,0.597846662722666,2.08102549763156,1,morning_commute
ST-2641,-1.29169570468153,-0.453439593074077,3,morning_commute
ST-2642,-1.38975588623748,-0.433359480953706,3,morning_commute
ST-2643,-0.0592310951274923,-1.78583953715658,4,morning_commute
ST-2644,-0.0819300724108097,-1.9219787623752,4,morning_commute
ST-2645,-0.142744504028385,-1.84334049993633,4,morning_commute
ST-2646,-0.282113592327973,-1.98107050615087,4,morning_commute
ST-2647,-0.189339536154893,-1.71034025936192,4,morning_commute
ST-2648,-0.274984608866272,-2.13959133101247,4,morning_commute
ST-2649,0.812908178918563,-0.815482974686381,4,morning_commute
ST-265,-1.14123668677609,0.36493185468254,2,morning_commute
ST-2650,1.29295157331821,-0.836748724815966,4,morning_commute
ST-2651,0.55384664973833,-0.323017737264236,4,morning_commute
ST-2652,0.345087650251916,-0.508566799201843,4,morning_commute
ST-2653,-0.46513016000636,-1.12230423804392,4,morning_commute
ST-2654,-0.315398854162039,-1.074522566598,4,morning_commute
ST-2655,1.44638627087909,1.72422813687721,1,morning_commute
ST-2656,1.86696227207009,1.45766999936681,1,morning_commute
ST-2657,1.79841829118332,1.00906588742649,1,morning_commute
ST-2658,1.88695651653808,0.249931469401861,1,morning_commute
ST-2659,1.85774695109825,0.0976183710032895,1,morning_commute
ST-266,-0.162973939872361,0.173145051817339,2,morning_commute
ST-2660,3.44417232597451,-0.500271057844618,1,morning_commute
ST-2661,1.56216277793983,2.35864116650111,1,morning_commute
ST-2662,1.4588419340938,2.00419578335964,1,morning_commute
ST-2663,1.84443420233535,0.0654814255255308,1,morning_commute
ST-2664,1.99382916669321,-0.0716037860462213,1,morning_commute
ST-2665,0.310633685737168,3.15742797208362,2,morning_commute
ST-2666,1.24450815411712,1.41833084506806,1,morning_commute
ST-2667,1.46214546575511,-0.283720632955451,1,morning_commute
ST-2668,1.46610133351453,1.56377742888284,1,morning_commute
ST-2669,1.29377953873539,0.346664486081313,1,morning_commute
ST-267,-0.0663483672670995,0.0713118346454296,2,morning_commute
ST-2670,2.39867305343237,-0.21355261808397,1,morning_commute
ST-2671,1.68319095305879,0.529332168676806,1,morning_commute
ST-2672,2.60178534778726,1.6442107251184,1,morning_commute
ST-2673,1.70424552203941,-0.109297288826192,1,morning_commute
ST-2674,1.64447180156698,1.74401106373603,1,morning_commute
ST-2675,0.861174020136247,2.09879791506256,1,morning_commute
ST-2676,0.894559370469309,2.04912693681174,1,morning_commute
ST-2677,0.700240324818242,1.89592730624922,1,morning_commute
ST-2678,1.35479127823433,1.35654916707597,1,morning_commute
ST-2679,1.83238903695075,-0.263451737407117,1,morning_commute
ST-268,-0.837624113975084,-0.0306242849767023,2,morning_commute
ST-2680,1.21079245034665,1.14615174549035,1,morning_commute
ST-2681,0.757160726511375,1.95599103223974,1,morning_commute
ST-2682,1.84968850234654,0.51585610531302,1,morning_commute
ST-2683,-0.708717759727222,-1.13927173635962,3,morning_commute
ST-2684,1.29335492942111,1.21337697842157,1,morning_commute
ST-2685,1.22171169428623,1.5593743310846,1,morning_commute
ST-2686,1.85838529131609,1.31255976304443,1,morning_commute
ST-2688,1.93610050344826,-0.170757282644179,1,morning_commute
ST-2689,1.70333600860555,1.30768566955685,1,morning_commute
ST-269,-0.793093478660129,0.431496212449414,2,morning_commute
ST-2690,1.79283714349169,-0.209510498819384,1,morning_commute
ST-2691,1.55218526283347,1.67774824871787,1,morning_commute
ST-2692,-1.67269058777581,-1.37744275520263,3,morning_commute
ST-2693,-1.41682277519682,0.726570174457188,2,morning_commute
ST-2694,0.341654354562455,-1.54732647717502,4,morning_commute
ST-2695,-4.62173591771247,3.3008067533929,2,morning_commute
ST-2696,1.82683576229024,0.39583276239903,1,morning_commute
ST-2697,1.48081305880562,0.170527875608447,1,morning_commute
ST-2698,-0.14936216743327,1.52434263849394,2,morning_commute
ST-2699,-1.22720145607452,-1.31117329326449,3,morning_commute
ST-27,-0.63859862174351,0.804528426177357,2,morning_commute
ST-270,-1.01382895654766,0.105384910580214,2,morning_commute
ST-2700,0.00416709538251867,1.13357211278997,2,morning_commute
ST-2701,-0.355282563162256,0.932050479763823,2,morning_commute
ST-2702,-0.129022134950472,0.828055413649577,2,morning_commute
ST-2703,0.0263907767361565,0.514942168021341,2,morning_commute
ST-2704,-0.651955580442691,0.814479448043903,2,morning_commute
ST-2705,-0.296224459716178,0.814103720045883,2,morning_commute
ST-2706,-0.366479347965299,0.99946105480661,2,morning_commute
ST-2707,0.318905192668482,0.613245749121827,1,morning_commute
ST-2708,-0.46939356808946,1.09442695440529,2,morning_commute
ST-2709,-0.241481734868638,1.30831669696108,2,morning_commute
ST-271,-1.06310959869997,0.424654417860408,2,morning_commute
ST-2710,-0.0745362526368474,1.62115784765094,2,morning_commute
ST-2711,-0.392968620036053,1.27491867626942,2,morning_commute
ST-2712,-0.212485687876943,0.974583238230803,2,morning_commute
ST-2713,-0.359758976748686,0.765470349221195,2,morning_commute
ST-2714,0.367170510928356,0.595221716195033,1,morning_commute
ST-2715,-0.124640604888751,0.464757770439188,2,morning_commute
ST-2716,-0.140498220006685,0.979958923563345,2,morning_commute
ST-2717,-0.192896370538295,1.23581360555075,2,morning_commute
ST-2718,-0.268341656966884,1.06539631005335,2,morning_commute
ST-2719,-0.468185810311513,1.10108900248176,2,morning_commute
ST-272,-1.13094901809804,0.44437246459726,2,morning_commute
ST-2720,-0.394347542892495,0.878537899382961,2,morning_commute
ST-2721,2.13564239619781,0.483922493474093,1,morning_commute
ST-2722,0.155796960961469,0.989375116420366,2,morning_commute
ST-2723,0.0151079695557605,1.09883999653277,2,morning_commute
ST-2724,0.0548826507150298,1.29604255104922,2,morning_commute
ST-2725,0.643736530074928,1.16148173859746,1,morning_commute
ST-2726,-0.215564407296138,1.29242424084392,2,morning_commute
ST-2727,0.598636839575349,0.83753581263307,1,morning_commute
ST-2728,1.14084951267365,0.507554255381748,1,morning_commute
ST-2729,-0.408249480481216,0.873589983647978,2,morning_commute
ST-273,-1.00533663838832,0.469545292551612,2,morning_commute
ST-2730,0.328120804193526,1.5333075248895,2,morning_commute
ST-2731,0.28642250274281,0.568174336103528,2,morning_commute
ST-2732,1.21757331484949,0.0231043041185699,1,morning_commute
ST-2733,1.77949751114388,-0.0403207045668371,1,morning_commute
ST-2734,2.21247706046574,0.106994613691658,1,morning_commute
ST-2736,1.81163941791266,0.233478882975256,1,morning_commute
ST-2737,2.15280988522497,0.387145912487705,1,morning_commute
ST-2738,1.22530187415161,-0.0960251191601534,1,morning_commute
ST-2739,1.72708138679135,0.459020800909768,1,morning_commute
ST-274,-1.07630941134483,0.241824132342191,2,morning_commute
ST-2740,1.28452562970822,0.0153207562548486,1,morning_commute
ST-2742,1.23506398939889,-0.40157904957543,4,morning_commute
ST-2743,1.66638861714652,0.486845482948264,1,morning_commute
ST-2744,1.48428653880882,0.616731162962792,1,morning_commute
ST-2745,1.87347405526806,0.367560012760029,1,morning_commute
ST-2746,3.22367991947438,-0.668414762333322,1,morning_commute
ST-2747,1.32095434424325,-0.195615589125523,1,morning_commute
ST-2748,1.23948370891644,-0.0556356012111096,1,morning_commute
ST-2749,1.2707351018338,-0.152112246030351,1,morning_commute
ST-275,-0.534698947069999,0.720490436957586,2,morning_commute
ST-2750,1.2739105667074,0.0276449557171766,1,morning_commute
ST-2751,1.44595565861597,0.14996938416371,1,morning_commute
ST-2752,-2.45204361037817,-1.27501766287821,3,morning_commute
ST-2753,-1.48768554383462,-0.347226807643948,3,morning_commute
ST-2754,-0.291946405457747,1.25762330078479,2,morning_commute
ST-2755,0.933351802120946,3.4085328505595,1,morning_commute
ST-2756,1.04535928344532,-0.314751433372636,4,morning_commute
ST-2757,1.1315192707908,1.18458942774421,1,morning_commute
ST-2759,-1.5688441444865,-1.48286164900879,3,morning_commute
ST-276,-0.572627275108283,0.289129476879192,2,morning_commute
ST-2760,-1.41005521612422,-1.3233362204596,3,morning_commute
ST-2761,-1.70206942183161,-1.34860614529227,3,morning_commute
ST-2762,-1.70464678583404,-1.45366506907876,3,morning_commute
ST-2763,-1.55422579632937,-1.24753782328778,3,morning_commute
ST-2764,-1.40169765267382,-1.60325638004084,3,morning_commute
ST-2765,-1.59118556342663,-1.20473061672108,3,morning_commute
ST-2766,-1.54557192713649,2.27618213134468,2,morning_commute
ST-2767,-1.65167452494843,-1.43021212623802,3,morning_commute
ST-2768,-1.63501571202039,-0.948687470969254,3,morning_commute
ST-2769,-2.18289108580621,-0.687132006882387,3,morning_commute
ST-277,-0.702793081194876,-1.57726897077172,3,morning_commute
ST-2770,-2.03312238665826,-0.933955023294355,3,morning_commute
ST-2771,-1.84118274233227,-0.918954714271752,3,morning_commute
ST-2772,-2.12120733539899,-0.13835975073791,3,morning_commute
ST-2773,-1.18741926146755,-1.76371900979298,3,morning_commute
ST-2774,-1.09123509604394,-1.66420045799659,3,morning_commute
ST-2775,0.341099175982588,-1.04619428557266,4,morning_commute
ST-2776,0.402718283584858,-0.797911598967012,4,morning_commute
ST-2777,0.827300748423965,-0.696943514857363,4,morning_commute
ST-2778,0.329323934711307,-0.807130374135875,4,morning_commute
ST-2779,0.756987149385748,-0.694448868321451,4,morning_commute
ST-278,-0.596614423047653,-1.74698592342642,3,morning_commute
ST-2780,-0.542717714955397,1.1516490659613,2,morning_commute
ST-2781,0.356540800935113,0.853479286147819,1,morning_commute
ST-2782,0.491782359083769,0.00177450201042822,4,morning_commute
ST-2783,0.279473549593552,0.191753060652718,4,morning_commute
ST-2784,3.2688599340214,0.427956269713284,1,morning_commute
ST-2785,0.787968776717242,-0.923003702003659,4,morning_commute
ST-2786,-1.03489434004031,0.826910459085365,2,morning_commute
ST-2787,-0.53314861122213,-0.0248050352987287,2,morning_commute
ST-2788,1.50697885583024,1.54296334997231,1,morning_commute
ST-2789,-2.4722568791574,-0.976398423350733,3,morning_commute
ST-279,-0.806562869575742,-1.63135563314891,3,morning_commute
ST-2790,-2.54544557924468,-1.59094685470232,3,morning_commute
ST-2791,-0.122797998585421,0.713210181049464,2,morning_commute
ST-2792,-0.207168361063025,0.917937582816497,2,morning_commute
ST-2793,0.0817097995571472,0.551858396125406,2,morning_commute
ST-2794,-1.97286611719759,-1.14472154689575,3,morning_commute
ST-2795,0.176409554069493,-0.157226223651327,4,morning_commute
ST-2796,0.75414870475009,0.928346446275659,1,morning_commute
ST-2797,0.899401179335529,0.454251201894788,1,morning_commute
ST-2798,0.631351924512469,1.12169677945109,1,morning_commute
ST-2799,-0.0335354163498026,1.35530952555408,2,morning_commute
ST-28,0.373617152920202,-0.918339368680751,4,morning_commute
ST-280,-0.856837235826946,-1.68146364894074,3,morning_commute
ST-2800,0.289668865120125,-1.07345663383977,4,morning_commute
ST-2801,-0.0230184082143677,-1.20442650930108,4,morning_commute
ST-2802,-1.19474727077612,2.92180203800182,2,morning_commute
ST-2803,0.683820452561124,-1.51356143898054,4,morning_commute
ST-2804,-0.313427050717173,1.7674284515732,2,morning_commute
ST-2805,-1.06641166883884,1.89609346639027,2,morning_commute
ST-2806,-0.856623205827784,-1.79646680076604,3,morning_commute
ST-2807,-0.513253549201802,-1.80844856384845,3,morning_commute
ST-2808,-0.774586208772809,-1.08048265488213,3,morning_commute
ST-2809,-0.42976760280941,-1.43372466662817,4,morning_commute
ST-281,-0.785204048346873,-1.57387994160101,3,morning_commute
ST-2810,0.097103904219112,-1.8336268701625,4,morning_commute
ST-2811,-0.835014707078809,-1.77073730794851,3,morning_commute
ST-2812,-0.925545123656668,-1.69224532981964,3,morning_commute
ST-2813,0.428376832816301,-1.72064053925824,4,morning_commute
ST-2814,0.324977474462027,-1.57130123718795,4,morning_commute
ST-2815,-0.552481611630419,-1.68535387320063,3,morning_commute
ST-2816,-0.745633300255362,-1.47722704682361,3,morning_commute
ST-2817,-0.695903310479867,-1.11354433733897,3,morning_commute
ST-2818,-0.428150332335537,2.27297714189548,2,morning_commute
ST-2819,-0.488257987921937,-1.46575237732671,4,morning_commute
ST-282,-0.885595403862195,-1.69757394025865,3,morning_commute
ST-2820,-0.806089093857701,-1.43591495938408,3,morning_commute
ST-2821,-0.130337017962605,-1.97289743276013,4,morning_commute
ST-2822,-0.377704123896015,-1.90198658688889,4,morning_commute
ST-2823,-0.472732143861967,-1.23192257156546,4,morning_commute
ST-2824,0.533872004040332,0.151287275484472,1,morning_commute
ST-2825,0.860807985855606,-1.06789656330063,4,morning_commute
ST-2826,-2.01502636751369,0.552209842834207,2,morning_commute
ST-2827,0.0661907144735883,-0.669056475271221,4,morning_commute
ST-2828,-1.11190822840856,-0.195746788278993,3,morning_commute
ST-2829,-0.668418118642368,-0.286548548425643,2,morning_commute
ST-283,-0.926163372189809,1.36224921085907,2,morning_commute
ST-2830,0.0438989501328786,-1.47923549380149,4,morning_commute
ST-2831,-2.73976924072596,-1.36717669936384,3,morning_commute
ST-2832,-2.49281014308434,-1.39016533513863,3,morning_commute
ST-2833,0.903092423515115,0.677521087240256,1,morning_commute
ST-2834,-0.336627440259865,-0.672028968257867,4,morning_commute
ST-2835,-0.348517173848231,1.25761849757354,2,morning_commute
ST-2836,-0.0484237652263961,2.28641464632696,2,morning_commute
ST-2837,1.67505773568625,0.651736944393891,1,morning_commute
ST-2838,0.711750858196862,2.02271976103134,1,morning_commute
ST-2839,1.9733205648439,0.196335091104563,1,morning_commute
ST-284,-0.262681627945272,-1.37364476243606,4,morning_commute
ST-2840,-0.455219868642599,2.81656797753848,2,morning_commute
ST-2841,1.55606839634359,0.105284390013222,1,morning_commute
ST-2842,-0.529473553872261,-1.22958238070113,4,morning_commute
ST-2843,-0.031173755296011,-0.725459158242128,4,morning_commute
ST-2844,-0.951304247716964,-1.68583650600387,3,morning_commute
ST-2845,-1.19063664578327,0.758959785598262,2,morning_commute
ST-2846,-0.220020900349426,-0.368498612315322,4,morning_commute
ST-2847,1.40508467548696,1.4555261189866,1,morning_commute
ST-2848,2.17359172542736,2.16330977198267,1,morning_commute
ST-2849,-0.165267630803493,1.62265895740949,2,morning_commute
ST-285,-0.694302068261253,-1.42300385387755,3,morning_commute
ST-2850,3.00369245975499,-0.760158507374895,1,morning_commute
ST-2851,-0.652106047900062,-1.01723256617287,3,morning_commute
ST-2852,-0.775016201594591,-1.95715669221158,3,morning_commute
ST-2853,1.88883339644311,0.523796752511127,1,morning_commute
ST-2854,1.78972381535033,0.575143680787192,1,morning_commute
ST-2855,-1.06194704784956,-0.210249810236682,3,morning_commute
ST-2856,2.19232934198158,-0.0420461971355579,1,morning_commute
ST-2857,-2.53240760053324,-0.794548910881666,3,morning_commute
ST-2858,-2.22716499774268,-1.40813774125004,3,morning_commute
ST-2859,-0.354919669508459,1.27977357683749,2,morning_commute
ST-286,-0.49153534935107,-1.1386030352305,4,morning_commute
ST-2860,-0.345401633917353,-0.271368413835872,4,morning_commute
ST-2861,0.257666781997858,0.381380554852823,2,morning_commute
ST-2862,1.76349855905617,0.238917461377152,1,morning_commute
ST-2865,-0.00213687631474778,-1.42142615486065,4,morning_commute
ST-2866,0.785793759663158,-0.901156873315026,4,morning_commute
ST-2867,1.44776363430803,1.6494321076202,1,morning_commute
ST-2868,0.52263633460207,1.74589395426234,1,morning_commute
ST-2869,1.26229393916186,1.47200542523754,1,morning_commute
ST-287,-0.528857594976965,-1.91036447499826,3,morning_commute
ST-2870,1.5152199407528,1.42476896704765,1,morning_commute
ST-2871,-2.64252968243641,-1.38085306565705,3,morning_commute
ST-2872,-0.153209442765142,-1.17825610548036,4,morning_commute
ST-2873,-0.590615158012169,-0.778301295217032,3,morning_commute
ST-2874,1.14108906867396,-1.31195003608305,4,morning_commute
ST-2875,1.68832661014293,2.28670818627584,1,morning_commute
ST-2876,0.954072122851889,0.421034679734058,1,morning_commute
ST-2877,0.909516698848108,0.759269343997591,1,morning_commute
ST-2878,0.644727506415264,1.19752887098324,1,morning_commute
ST-2879,-1.22804183463357,-1.29975384807032,3,morning_commute
ST-288,-0.412267068611447,-1.95994092569458,4,morning_commute
ST-2880,1.55608608967454,-0.693645172421512,4,morning_commute
ST-2881,-2.60451536457553,1.79192116855266,2,morning_commute
ST-2882,1.60983689195791,0.705151916872973,1,morning_commute
ST-2883,-2.44347695430757,-1.12021365955435,3,morning_commute
ST-2884,-2.43135404237259,-1.66017050443391,3,morning_commute
ST-2885,-2.20060353300568,-1.33379528296094,3,morning_commute
ST-2886,-2.5396884121134,-1.66268617080854,3,morning_commute
ST-2887,-1.35548290828198,-1.31487019994657,3,morning_commute
ST-2888,-2.35385943086506,-1.57352053573433,3,morning_commute
ST-2889,-4.15898195208595,-0.94240992203035,3,morning_commute
ST-289,-0.638905572959473,-1.72637720145089,3,morning_commute
ST-2890,0.198201933810719,3.06398642766314,2,morning_commute
ST-2891,0.251869509123994,-1.36979157999444,4,morning_commute
ST-2892,-0.794261153581794,-1.21824812570644,3,morning_commute
ST-2893,-0.903327225094405,-0.0295128492564305,2,morning_commute
ST-2894,-1.61466409559792,1.88658432745445,2,morning_commute
ST-2895,-1.39317184189239,-0.448451180941211,3,morning_commute
ST-2896,-0.0342047353326663,0.457149586398545,2,morning_commute
ST-2897,1.39549488140996,-1.26882210690108,4,morning_commute
ST-2898,-0.289568661754176,0.705247080396859,2,morning_commute
ST-2899,0.187826501631848,-1.46071507872072,4,morning_commute
ST-29,-0.000715029152896202,-0.657867531800424,4,morning_commute
ST-290,-0.523172761571641,-1.43782163714211,4,morning_commute
ST-2900,-0.541688176340211,-2.87213029192684,3,morning_commute
ST-2901,0.18589963732028,-1.11243473020214,4,morning_commute
ST-2902,0.283711271913532,-1.44204252515943,4,morning_commute
ST-2903,-1.15934501334817,0.265315599036866,2,morning_commute
ST-2904,-0.13775960436023,-0.599838854447418,4,morning_commute
ST-2905,1.07555295737316,-1.62336815079572,4,morning_commute
ST-2906,-0.144361161814082,-0.0330401421081268,4,morning_commute
ST-2907,0.645552731020676,2.02940610859033,1,morning_commute
ST-2908,1.69597684462977,0.297326406820576,1,morning_commute
ST-2909,1.46028299497332,0.417997470055699,1,morning_commute
ST-291,0.0876698435670691,-1.72348139872132,4,morning_commute
ST-2910,-1.80895445409975,-0.656159347688657,3,morning_commute
ST-2911,-0.846877671263447,0.0979438830746433,2,morning_commute
ST-2912,-1.45406136287147,-0.513603089419475,3,morning_commute
ST-2913,-1.50060782328967,-0.536978583453166,3,morning_commute
ST-2914,0.105331774159845,1.21017195410318,2,morning_commute
ST-2915,1.01240258832041,0.890431655177927,1,morning_commute
ST-2916,1.49486235865259,1.10635755477006,1,morning_commute
ST-2917,0.553219222022911,1.27061315769377,1,morning_commute
ST-2918,1.25035475219675,-0.865245037807334,4,morning_commute
ST-292,-0.662470421290658,-1.82852442052489,3,morning_commute
ST-2920,-0.651528525482257,-1.84456627612507,3,morning_commute
ST-2921,-0.343417058449965,-0.191034413352084,4,morning_commute
ST-2922,-0.233651109386829,-0.086407912023972,4,morning_commute
ST-2923,-1.16595012648527,0.664917237260205,2,morning_commute
ST-2924,0.85113471887618,-0.562672168201225,4,morning_commute
ST-2925,1.45557746355061,1.76914909173957,1,morning_commute
ST-2926,1.46551903645384,2.02539030912809,1,morning_commute
ST-2927,1.42450785089044,1.9802724898869,1,morning_commute
ST-2928,-1.89682767581297,0.925476102825064,2,morning_commute
ST-2929,1.04939006316963,-0.0746304398143307,1,morning_commute
ST-293,-0.247021004910438,-2.00065112298395,4,morning_commute
ST-2931,-1.55185317099964,-0.551115690779878,3,morning_commute
ST-2932,-1.434360638201,-0.423860120843455,3,morning_commute
ST-2933,-0.139891872113667,1.49239321122752,2,morning_commute
ST-2934,1.9714685045412,0.152212585358045,1,morning_commute
ST-2935,-0.976038748944436,0.483048154120946,2,morning_commute
ST-2936,0.854817583870037,1.97119406067376,1,morning_commute
ST-2937,0.59777582619981,1.59055177936557,1,morning_commute
ST-2938,0.423873005925296,1.83654343964625,1,morning_commute
ST-2939,0.774369252131845,1.42804372110894,1,morning_commute
ST-294,-0.528781530219315,-1.87015073767483,3,morning_commute
ST-2940,1.32834948523598,-0.338413268985439,4,morning_commute
ST-2941,0.570248350798258,1.41522501479122,1,morning_commute
ST-2942,0.090311313378441,0.0597271574728506,4,morning_commute
ST-2943,-2.33098107708417,-1.45657982605884,3,morning_commute
ST-2944,-1.83915121529295,-1.55066994272935,3,morning_commute
ST-2945,-2.57366713910478,-1.53377707878015,3,morning_commute
ST-2946,-0.830102601175061,-1.68098552720202,3,morning_commute
ST-2947,-2.65280677488824,-1.19624109736303,3,morning_commute
ST-2948,2.25041999789947,0.894462395821051,1,morning_commute
ST-2949,-1.66949231300415,-0.56382790361734,3,morning_commute
ST-295,-0.353752944755558,-1.92410615903271,4,morning_commute
ST-2950,-2.4304270262318,1.32710827854383,2,morning_commute
ST-2951,2.60556961701937,2.28070339152877,1,morning_commute
ST-2952,-0.308494631226269,-0.0233838530398016,2,morning_commute
ST-2953,-0.530102540190466,-0.606807098859585,4,morning_commute
ST-2954,-0.193597416285622,1.24596459299171,2,morning_commute
ST-2955,0.712635388900456,0.220933066231687,1,morning_commute
ST-2956,0.468799525843452,-0.527738012063884,4,morning_commute
ST-2957,0.669237214525594,1.57242026660156,1,morning_commute
ST-2958,-0.725879345229072,-1.64190298957438,3,morning_commute
ST-2959,-0.647340516767999,-1.0849617598916,3,morning_commute
ST-296,0.401636375977368,-1.55548648620535,4,morning_commute
ST-2960,-1.57340816574612,-1.22289736621465,3,morning_commute
ST-2961,-1.43114996616679,-1.20574652098167,3,morning_commute
ST-2962,1.48094137666256,1.57210113419503,1,morning_commute
ST-2964,-1.44296427924521,-0.612643971230911,3,morning_commute
ST-2965,-2.70228301473208,-1.351877192764,3,morning_commute
ST-2966,1.83359236419997,0.386503817276392,1,morning_commute
ST-2967,-0.596343867944155,1.32897754556908,2,morning_commute
ST-2969,-0.195042357025323,0.0265283635904809,2,morning_commute
ST-297,0.155265035220531,-1.51379276505686,4,morning_commute
ST-2970,-1.12341844084974,1.11112276393052,2,morning_commute
ST-2971,0.276355004272946,0.718049285236172,2,morning_commute
ST-2972,0.645484736705435,1.50669346880393,1,morning_commute
ST-2973,-2.92130837301354,-0.896841284721378,3,morning_commute
ST-2974,1.16118758824315,-1.49952904503888,4,morning_commute
ST-2975,0.798545168580672,-1.10200671883525,4,morning_commute
ST-2976,0.642457221810158,0.233031273874156,1,morning_commute
ST-2977,1.10546015813857,-1.59065173847584,4,morning_commute
ST-2978,0.779778304615572,-0.450432249018798,4,morning_commute
ST-2979,1.20564796997719,-1.26600668224361,4,morning_commute
ST-298,0.297362035880756,-1.65200465208946,4,morning_commute
ST-2980,0.80620471516616,-0.385002982774706,4,morning_commute
ST-2981,1.20733812371426,-1.46193277135994,4,morning_commute
ST-2982,0.923930416207316,2.34765608075207,1,morning_commute
ST-2983,0.444871620384007,0.506136992395261,1,morning_commute
ST-2984,0.697398120828876,1.60786501757254,1,morning_commute
ST-2985,0.43289929856013,1.65423629099417,1,morning_commute
ST-2986,0.775498145377542,1.29715754801364,1,morning_commute
ST-2987,0.564830879761555,1.46120357183596,1,morning_commute
ST-2988,1.02216539500161,1.09184359837088,1,morning_commute
ST-2989,0.521020174809691,-0.416402017745708,4,morning_commute
ST-299,-0.00601917233689373,-1.12174836488732,4,morning_commute
ST-2990,2.82524629569814,1.65875204790437,1,morning_commute
ST-2991,0.832213701145297,0.770558310284674,1,morning_commute
ST-2992,-2.35190338940931,-1.3270139819454,3,morning_commute
ST-2993,-2.47541037854353,-1.44441646934532,3,morning_commute
ST-2994,-1.39647705049871,-1.67291941381078,3,morning_commute
ST-2995,-0.493074103485365,-1.07115912346923,4,morning_commute
ST-2996,-0.431588461564684,-1.14706642435596,4,morning_commute
ST-2997,-1.47695294630709,-0.560535504535583,3,morning_commute
ST-2998,-0.850204831111357,2.22902052142229,2,morning_commute
ST-2999,-1.43948303980969,-0.564153557775767,3,morning_commute
ST-3,2.99483383087528,0.537017919292808,1,morning_commute
ST-30,1.03465806360558,-0.781377307557284,4,morning_commute
ST-300,-0.360540991780052,-1.11065672492409,4,morning_commute
ST-3000,1.58592978831133,1.43836377817873,1,morning_commute
ST-3002,-0.213014623048017,-0.85192709247356,4,morning_commute
ST-3003,-0.139618618783131,-0.993879113361299,4,morning_commute
ST-3004,0.71511503235118,1.45898886358529,1,morning_commute
ST-3005,1.0180953481738,0.0552402255323498,1,morning_commute
ST-3006,-0.314783993986049,0.0123210862732269,2,morning_commute
ST-3007,-2.11169966659892,1.90358226395088,2,morning_commute
ST-3008,0.551040492364202,-0.687281808619281,4,morning_commute
ST-3009,1.84390488824255,0.688269890766207,1,morning_commute
ST-301,-0.311992779774412,2.60194312418405,2,morning_commute
ST-3010,4.69214253880117,-1.31944486370473,1,morning_commute
ST-3011,-0.599933651574425,-1.91097696724482,3,morning_commute
ST-3012,0.352814526261493,-1.04434093429018,4,morning_commute
ST-3013,-0.76249251184124,-0.908370799645364,3,morning_commute
ST-3014,-1.73450236237987,2.40806524070316,2,morning_commute
ST-3015,-0.32219253674211,1.05602225707231,2,morning_commute
ST-3017,0.400505261167722,-1.44645282577205,4,morning_commute
ST-3018,-1.36973010116806,2.33942070362671,2,morning_commute
ST-3019,0.973768922630878,-0.802305430409388,4,morning_commute
ST-302,-0.399226205356134,-1.42048938508875,4,morning_commute
ST-3020,0.121144471274842,0.0187016665152668,4,morning_commute
ST-3021,0.875820670835499,-0.906121367029771,4,morning_commute
ST-3022,0.04983048915443,2.0517500596064,2,morning_commute
ST-3023,-0.12156117679898,0.0963400329431768,2,morning_commute
ST-3024,-0.0691472232404553,0.0998159430731485,2,morning_commute
ST-3025,-0.226487960896843,-0.148646795830893,4,morning_commute
ST-3026,0.0106331175877039,1.4473592491724,2,morning_commute
ST-3027,-1.11187813655765,0.990589408105268,2,morning_commute
ST-3028,-0.280047477294888,0.734193787172503,2,morning_commute
ST-3029,-1.54176906378749,-0.534608355709267,3,morning_commute
ST-303,-0.628869458230172,-1.55459995586644,3,morning_commute
ST-3030,-0.67482350700185,-1.59897890442062,3,morning_commute
ST-3031,-2.77684069017637,-1.27425057565346,3,morning_commute
ST-3032,-1.49994032220062,-0.393212379950092,3,morning_commute
ST-3033,1.20923383229356,-1.41334669324626,4,morning_commute
ST-3034,2.80234933454943,1.14447065035259,1,morning_commute
ST-3035,-0.291711162815856,-0.149936688749997,4,morning_commute
ST-3036,-0.0115588036502503,0.0500646057539135,4,morning_commute
ST-3037,-0.739096717761896,-0.288791629210682,3,morning_commute
ST-3038,-0.351917943069797,0.30381624835926,2,morning_commute
ST-3039,-0.314499673293604,0.135113021716564,2,morning_commute
ST-304,-0.548540884452346,-1.41143068689254,3,morning_commute
ST-3040,-0.588208596829699,-1.08265294548756,3,morning_commute
ST-3041,-0.194464435065431,-1.07898393606417,4,morning_commute
ST-3042,-0.429713656433659,-0.493566385765621,4,morning_commute
ST-3043,-0.0376297650207573,-0.89973978132334,4,morning_commute
ST-3044,-0.146267012939637,-0.829323560010842,4,morning_commute
ST-3045,-0.88821779318177,1.48618332005994,2,morning_commute
ST-3046,-0.734293013400589,0.921536720387013,2,morning_commute
ST-3047,-1.61712865192779,-1.31610877757387,3,morning_commute
ST-3048,-2.07184610363237,-0.680519966731199,3,morning_commute
ST-3049,1.49652715053968,1.36727365567776,1,morning_commute
ST-305,3.49520946620028,0.845787443425317,1,morning_commute
ST-3050,-0.178115211187527,1.46532052746951,2,morning_commute
ST-3051,-0.862990540020493,0.827218547990417,2,morning_commute
ST-3052,-1.38264053344702,0.498241681804255,2,morning_commute
ST-3053,-1.43473497204154,1.04973386506157,2,morning_commute
ST-3054,-0.168568247767278,0.621092748210869,2,morning_commute
ST-3055,-0.855979543707236,-1.13571487888293,3,morning_commute
ST-3056,2.01635865235728,-0.493402502814503,1,morning_commute
ST-3057,3.13870939007749,1.2511386202699,1,morning_commute
ST-3058,-0.31481153442953,0.792119892939548,2,morning_commute
ST-3059,-1.44131181451715,-1.28992372208508,3,morning_commute
ST-306,-0.0280749461435562,-1.66866196207868,4,morning_commute
ST-3060,1.3464413540617,-0.297650886107045,4,morning_commute
ST-3061,0.0118725705384344,-1.612035362042,4,morning_commute
ST-3062,1.12100819461115,-1.42903077749743,4,morning_commute
ST-3063,-0.526396125158517,1.05497025512673,2,morning_commute
ST-3064,0.0407394361080671,-0.873837693600781,4,morning_commute
ST-3065,1.35376801635518,-0.288345539017648,4,morning_commute
ST-3066,1.95743327118422,-0.107328987995276,1,morning_commute
ST-3067,-1.39794671438354,-0.320294566960163,3,morning_commute
ST-3068,-1.4057214498966,-1.84770135262091,3,morning_commute
ST-3069,0.669988827668379,-0.121456481118279,4,morning_commute
ST-307,0.277725772967768,-1.61638863635627,4,morning_commute
ST-3070,1.10806476436229,0.085374914585547,1,morning_commute
ST-3071,0.628464842821175,1.40827356726211,1,morning_commute
ST-3072,-0.688508017853471,-2.88285169775396,3,morning_commute
ST-3073,-2.42792188512011,-2.27515340425965,3,morning_commute
ST-3075,-1.26511636369704,0.779227736773185,2,morning_commute
ST-3076,0.933276627533646,-0.531279936108911,4,morning_commute
ST-3077,1.53388461553486,0.736254058754645,1,morning_commute
ST-3078,1.50503825240946,0.180154237325551,1,morning_commute
ST-3079,1.19602051944509,1.15233061611414,1,morning_commute
ST-308,-1.30369564846459,-1.63185743131827,3,morning_commute
ST-3080,0.381771624919362,-0.512386640918217,4,morning_commute
ST-3081,1.05322648987913,-0.536011355944239,4,morning_commute
ST-3082,0.477177943331996,-0.691171796188687,4,morning_commute
ST-3083,1.47505168783705,-1.19878905748076,4,morning_commute
ST-3084,-2.00469077528917,-1.64599802427771,3,morning_commute
ST-3085,1.73315320744451,-0.00757876512677724,1,morning_commute
ST-3086,2.05403250927428,0.508835808771661,1,morning_commute
ST-3087,1.64913296037939,0.330267121894182,1,morning_commute
ST-3088,-1.18296088003603,-1.19805404391299,3,morning_commute
ST-3089,-1.3729085449664,-0.929086362865322,3,morning_commute
ST-309,-1.18851047629807,-1.80404757917614,3,morning_commute
ST-3090,-1.38498718004697,0.68212462076522,2,morning_commute
ST-3091,-0.30032217935169,1.01488380039229,2,morning_commute
ST-3092,0.380533376721451,0.988443369514215,1,morning_commute
ST-3093,-0.2998104422611,1.65832888299408,2,morning_commute
ST-3094,-1.92110880876893,-1.65734013718628,3,morning_commute
ST-3095,1.31902609147807,-1.3857208251444,4,morning_commute
ST-3096,1.82722973552707,0.0287716606852319,1,morning_commute
ST-3097,0.297373011221495,0.814007686131363,2,morning_commute
ST-3098,1.35448821602968,-0.105788099631886,1,morning_commute
ST-3099,-0.415410676149105,-0.306054524626483,4,morning_commute
ST-31,0.367053091072423,-0.968613778798321,4,morning_commute
ST-310,-1.30826848573329,-1.75945354290529,3,morning_commute
ST-3100,-2.50134409438154,-1.39024753088648,3,morning_commute
ST-3101,0.528006679628507,0.723501170383405,1,morning_commute
ST-3102,0.211134609898989,-1.65061306024349,4,morning_commute
ST-3103,-1.52732842621333,-0.475908762574868,3,morning_commute
ST-3104,-1.25543247797033,-1.6579811524074,3,morning_commute
ST-3105,-0.415827406521488,-1.22235254135232,4,morning_commute
ST-3106,1.42043598977869,-0.968185473252696,4,morning_commute
ST-3107,-1.38093858524349,0.94794660107355,2,morning_commute
ST-3108,2.12766596722566,0.996132421504852,1,morning_commute
ST-3109,1.41750569597953,1.35119213482116,1,morning_commute
ST-311,-1.38637120048148,-1.38593209047078,3,morning_commute
ST-3110,-0.0833503924457203,1.00293600457489,2,morning_commute
ST-3111,1.84198129091909,0.981637090573551,1,morning_commute
ST-3112,1.681088283988,0.822170970527962,1,morning_commute
ST-3113,0.910788274584245,-1.41061927350941,4,morning_commute
ST-3114,0.826333468622135,-1.4601400684951,4,morning_commute
ST-3115,1.32927258411637,1.60761708149319,1,morning_commute
ST-3116,-0.39662071347542,1.07386775459652,2,morning_commute
ST-3117,-0.337442952955612,-1.3613504480891,4,morning_commute
ST-3118,-1.43217509792733,-1.52004542234764,3,morning_commute
ST-3119,-0.0582324620521098,1.6897831058941,2,morning_commute
ST-312,-1.38880002721119,-1.41254585106324,3,morning_commute
ST-3120,-0.0642863681637609,-0.845199142873676,4,morning_commute
ST-3121,-0.0137702106684019,-0.801057074501182,4,morning_commute
ST-3122,0.0797505417852108,0.361557346976585,2,morning_commute
ST-3123,-0.689178682074202,1.38282721454619,2,morning_commute
ST-3124,-1.14324435359394,-1.08399316346736,3,morning_commute
ST-3125,-1.89729851086736,-1.5503570165822,3,morning_commute
ST-3126,-0.276239032996692,1.17077351000368,2,morning_commute
ST-3127,0.95633718454147,-0.963280865728729,4,morning_commute
ST-3128,-2.35995720223258,-1.46233840039103,3,morning_commute
ST-3129,-2.33713481670336,-0.791370733976388,3,morning_commute
ST-313,-1.81040816834179,-1.12491339373698,3,morning_commute
ST-3130,0.738520157032761,-0.61154649033918,4,morning_commute
ST-3131,1.27232034175788,0.170752549859618,1,morning_commute
ST-3132,2.7583344115627,0.296809432841043,1,morning_commute
ST-3133,0.796119250142534,1.02221904834519,1,morning_commute
ST-3134,0.349844515580386,1.53701796212824,1,morning_commute
ST-3135,0.511462180678996,-0.809772718609188,4,morning_commute
ST-3136,-1.88901381816908,-1.39895331278071,3,morning_commute
ST-3137,-2.43001474070353,-1.27551610143069,3,morning_commute
ST-3138,0.521307824068252,-0.0813781601414159,4,morning_commute
ST-3139,1.05546032693356,-1.18827839643897,4,morning_commute
ST-314,0.800854566382135,2.89165499112468,1,morning_commute
ST-3140,0.696421682737629,-0.71961513284805,4,morning_commute
ST-3141,1.07748441061302,0.389950722624736,1,morning_commute
ST-3142,-0.250808778121128,-1.77754428633417,4,morning_commute
ST-3143,-0.622057389597769,-1.03460380600091,3,morning_commute
ST-3144,1.9169649453834,0.677863796003665,1,morning_commute
ST-3145,-2.42669512969686,-1.66477313050088,3,morning_commute
ST-3146,-2.05883021306346,-1.28291401676873,3,morning_commute
ST-3147,1.70018917056996,-0.0080993088232555,1,morning_commute
ST-3148,1.29057281342773,0.0975140261189092,1,morning_commute
ST-3149,-0.385804268754808,1.14752252251417,2,morning_commute
ST-315,-1.38225460373181,-1.36347912369528,3,morning_commute
ST-3150,1.07984263083597,0.830080247055115,1,morning_commute
ST-3151,0.848229237915719,0.519869329056527,1,morning_commute
ST-3152,0.621997623121543,0.611973463492728,1,morning_commute
ST-3153,0.896724301839121,1.11720677331237,1,morning_commute
ST-3154,1.77617251845084,1.46774835559923,1,morning_commute
ST-3155,-1.14189397073692,0.377072832998195,2,morning_commute
ST-3156,-2.59212568285901,0.295068199864612,3,morning_commute
ST-3157,1.04661718152774,2.57483619943315,1,morning_commute
ST-3158,-0.556422932228493,1.03973288607221,2,morning_commute
ST-3159,0.483677423078704,-0.510612550606603,4,morning_commute
ST-316,-2.01834958001844,-0.917634344195569,3,morning_commute
ST-3160,0.329178438282913,-1.30468352662087,4,morning_commute
ST-3161,-0.028197484595099,-0.0528914567213222,4,morning_commute
ST-3162,0.931144694596744,0.577467925504556,1,morning_commute
ST-3163,-1.19008855766392,-1.32670509625449,3,morning_commute
ST-3164,2.07350934892239,0.390389664264972,1,morning_commute
ST-3165,-1.24775254749689,0.386654748354742,2,morning_commute
ST-3166,-0.224825135013622,-1.07702607895236,4,morning_commute
ST-3167,0.146002167935247,0.668948806461061,2,morning_commute
ST-3168,0.0406949759609441,0.0925331523268237,4,morning_commute
ST-3169,0.54718999111648,-0.320296475350143,4,morning_commute
ST-317,-1.70850859172644,-0.715476576757843,3,morning_commute
ST-3170,0.1936079914414,-1.76341015461901,4,morning_commute
ST-3171,0.146029996174238,-1.67918606181394,4,morning_commute
ST-3172,-0.0214692662291783,1.47070879063585,2,morning_commute
ST-3173,-0.227019890014177,0.31006835823201,2,morning_commute
ST-3174,-0.360856349407402,0.862099692350201,2,morning_commute
ST-3175,-0.122933710593119,1.13529785235766,2,morning_commute
ST-3176,-0.618670651244522,2.8866066923975,2,morning_commute
ST-3177,-0.169875141919237,1.43169555617009,2,morning_commute
ST-3178,1.6425119763545,1.14566465511693,1,morning_commute
ST-3179,1.35471883729417,1.6190243397784,1,morning_commute
ST-318,-1.64507221969375,-1.20737701001239,3,morning_commute
ST-3180,0.96435658616931,0.898891395288276,1,morning_commute
ST-3181,1.51142916029441,1.17961971435026,1,morning_commute
ST-3182,-1.32110496811707,-1.06462918909369,3,morning_commute
ST-3183,1.1611517102348,2.27474113142675,1,morning_commute
ST-3184,0.446193355337304,1.11844669295457,1,morning_commute
ST-3185,1.28372502375252,1.60789384153657,1,morning_commute
ST-3186,3.1388852423385,1.37629390574054,1,morning_commute
ST-3187,-0.758602965434289,-1.89367749056709,3,morning_commute
ST-3188,0.127886543510609,-1.17219637362576,4,morning_commute
ST-3189,-1.03002240755893,-0.413173426017793,3,morning_commute
ST-319,-1.68831312034059,-0.906700287979727,3,morning_commute
ST-3192,1.76063526565423,-0.150927129494243,1,morning_commute
ST-3193,0.568270826961449,0.557980284090766,1,morning_commute
ST-3194,-1.3394082381633,-1.02395885323705,3,morning_commute
ST-3195,-1.17333155702852,-1.05150770020348,3,morning_commute
ST-3196,-1.48270217332539,-0.645564491373722,3,morning_commute
ST-3197,-0.101167046353831,1.15174388860433,2,morning_commute
ST-3198,-1.01832664795677,0.0300592992076746,2,morning_commute
ST-3199,1.57324053573102,-1.12994406099308,4,morning_commute
ST-32,0.795311758537767,-1.09848970134663,4,morning_commute
ST-320,-2.08856699788175,-1.11968085647081,3,morning_commute
ST-3200,-0.102486117130261,-1.36630871314956,4,morning_commute
ST-3201,-0.522390275153061,1.73644415408329,2,morning_commute
ST-3202,-0.97192033379937,0.773046779730621,2,morning_commute
ST-3203,-0.516337989767402,0.411241366674873,2,morning_commute
ST-3204,-0.0673082251704183,-1.62747830051023,4,morning_commute
ST-3205,0.273394610350207,-2.0284910481896,4,morning_commute
ST-3206,-1.08779584357285,0.0581885129286054,2,morning_commute
ST-3207,1.5978019688775,1.50108723448063,1,morning_commute
ST-3208,1.85350404013987,0.0984750769852584,1,morning_commute
ST-3209,1.64638257040379,0.0375697172111986,1,morning_commute
ST-321,-2.32900702636766,-0.971136579062166,3,morning_commute
ST-3210,-0.824031731007387,0.680159374569171,2,morning_commute
ST-3211,-0.410714041767074,1.52367794761026,2,morning_commute
ST-3212,-0.679728836944815,-2.00634936711199,3,morning_commute
ST-3213,0.619524086497499,0.571030897982511,1,morning_commute
ST-3214,0.96370479590999,0.49279677592335,1,morning_commute
ST-3215,-1.2195530374966,-1.19310914277283,3,morning_commute
ST-3216,1.61633812982546,2.00981778816447,1,morning_commute
ST-3217,3.35652339770184,0.793200431158905,1,morning_commute
ST-3218,-0.131296738419404,1.71915209980829,2,morning_commute
ST-3219,-1.27491086126144,-0.526109415952223,3,morning_commute
ST-322,0.912188040624875,-0.83215091650374,4,morning_commute
ST-3220,2.11799732439252,1.21441047673678,1,morning_commute
ST-3221,1.6509473693751,1.74112342240977,1,morning_commute
ST-3222,-1.27369796937254,-0.747260385339459,3,morning_commute
ST-3223,-1.43203525361643,-0.401196044985449,3,morning_commute
ST-3224,-1.86493799979509,-0.99154643297853,3,morning_commute
ST-3225,-1.29964648311072,-0.757792230373949,3,morning_commute
ST-3226,-2.23531983432869,-1.47535471046552,3,morning_commute
ST-3227,-1.11244942195622,-1.39657842062688,3,morning_commute
ST-3228,-1.33186727669565,0.254438516857312,2,morning_commute
ST-3229,-0.754332439225063,2.96651930775774,2,morning_commute
ST-3230,0.611013232647725,1.20671204295397,1,morning_commute
ST-3231,-0.615080372516606,2.05716441383119,2,morning_commute
ST-3232,1.20823839688178,1.0580527678416,1,morning_commute
ST-3233,-0.328437756575537,-0.357528050579588,4,morning_commute
ST-3234,0.0949558198354655,0.863693405242081,2,morning_commute
ST-3235,-0.115132486131986,-1.71799080605207,4,morning_commute
ST-3236,-1.42676036745399,-0.489048575569802,3,morning_commute
ST-3237,-1.62329635406692,-0.840312934828692,3,morning_commute
ST-3238,-0.186611241482708,-1.74766637549466,4,morning_commute
ST-3239,0.331824026226652,-1.34993860869457,4,morning_commute
ST-324,1.40935790891373,0.251563675557075,1,morning_commute
ST-3240,1.49776067951943,1.23139941044131,1,morning_commute
ST-3241,-0.455271498408921,-1.97647421075681,4,morning_commute
ST-3242,0.692168673252349,1.64809588709578,1,morning_commute
ST-3243,1.57538498963838,0.172206812137569,1,morning_commute
ST-3244,1.18005322188478,-1.29956244283689,4,morning_commute
ST-3245,0.860907291097757,1.86376912126365,1,morning_commute
ST-3247,0.459755678018181,1.3266130078921,1,morning_commute
ST-3248,1.16939161726864,0.00923574856223772,1,morning_commute
ST-3249,1.18359580940526,-0.904321862739673,4,morning_commute
ST-325,3.2027005349417,-1.48049424821859,4,morning_commute
ST-3250,-0.697029221039433,-1.60333776335666,3,morning_commute
ST-3251,-2.36210982110994,-1.47566140986422,3,morning_commute
ST-3252,-0.704996036318633,-0.958619721641814,3,morning_commute
ST-3253,-0.0660037823825088,-0.0060349032175594,4,morning_commute
ST-3254,1.8903813602543,0.345861287960274,1,morning_commute
ST-3255,-1.10407428536998,0.714191281782281,2,morning_commute
ST-3256,-0.435101215101329,0.656630610687645,2,morning_commute
ST-3257,2.667280978131,0.0291436248235798,1,morning_commute
ST-3258,-0.859226013522152,0.253168985294772,2,morning_commute
ST-3259,-2.28233016415625,-1.42330079744183,3,morning_commute
ST-326,0.684169585749452,-0.599957752612683,4,morning_commute
ST-3260,-2.30999520051055,-1.49529605241741,3,morning_commute
ST-3261,-2.34299130774188,-1.46679058432963,3,morning_commute
ST-3262,-0.324681653641791,1.23872085992913,2,morning_commute
ST-3263,-1.9525612978543,-1.57990922036902,3,morning_commute
ST-3264,0.347233666076411,0.416291974946622,1,morning_commute
ST-3265,-0.324851737614899,-0.690516709823453,4,morning_commute
ST-3266,-0.511005237325442,0.991608419396927,2,morning_commute
ST-3267,-0.646741528606759,-0.210695653564013,2,morning_commute
ST-3268,1.5123151362661,1.26684174007657,1,morning_commute
ST-3269,-0.0548713767334134,1.61634092101986,2,morning_commute
ST-327,0.803396269238164,-0.668783060344964,4,morning_commute
ST-3270,3.02890897310369,1.87020259986355,1,morning_commute
ST-3271,-0.0217886052206869,0.0483677932908217,4,morning_commute
ST-3272,1.25132059769924,-1.40316646680464,4,morning_commute
ST-3273,0.135443551580265,1.81952206836846,2,morning_commute
ST-3274,0.0983008172265946,0.942180900633164,2,morning_commute
ST-3275,-0.473109751058092,0.0599153054058493,2,morning_commute
ST-3276,-2.04923559783139,-1.57499365157825,3,morning_commute
ST-3277,-0.284241740962416,-0.446496164117289,4,morning_commute
ST-3278,-0.241871679571042,1.38538769171145,2,morning_commute
ST-3279,1.22590777045085,-1.30578388596473,4,morning_commute
ST-328,-0.0906599469943257,0.337800984094774,2,morning_commute
ST-3280,-0.25461818727605,1.11340741742516,2,morning_commute
ST-3281,-2.10145916422736,-1.57661470191234,3,morning_commute
ST-3282,-0.163518935923577,0.47609586603752,2,morning_commute
ST-3283,0.122289344682432,-1.49444036776027,4,morning_commute
ST-3284,-2.41307594739363,-1.07531108336967,3,morning_commute
ST-3285,0.319133055414245,1.59365037427782,2,morning_commute
ST-3286,-0.857781280196927,0.0940575875255287,2,morning_commute
ST-3287,-0.108418820832469,1.39100140233421,2,morning_commute
ST-3288,-0.176136704729682,1.3521342427025,2,morning_commute
ST-3289,-0.607198290429175,0.849946839479677,2,morning_commute
ST-329,1.44971547440917,-0.486684061090585,4,morning_commute
ST-3290,0.266694964248826,0.230516057710768,4,morning_commute
ST-3291,-1.35582323378208,0.367852754941332,2,morning_commute
ST-3292,-0.190303130552635,0.717201153279895,2,morning_commute
ST-3293,1.65629587776028,-0.390609166654104,1,morning_commute
ST-3294,1.24818826469088,2.07082711412597,1,morning_commute
ST-3295,0.802800850449164,0.559470049501481,1,morning_commute
ST-3296,2.06329077713096,1.32861920744213,1,morning_commute
ST-3297,-1.14663616606193,0.651075675432529,2,morning_commute
ST-3298,1.50843125413743,1.89186550702108,1,morning_commute
ST-3299,-0.0803305104834572,1.5016080992889,2,morning_commute
ST-33,1.15802936176577,-1.44031483731074,4,morning_commute
ST-330,1.56943583961258,-0.29403480826849,1,morning_commute
ST-3300,0.996595166261737,0.322692842233181,1,morning_commute
ST-3301,0.0796628397036499,0.835004216142243,2,morning_commute
ST-3302,1.21651303855955,2.11046344997917,1,morning_commute
ST-3303,-1.09898094759068,-1.25423368566942,3,morning_commute
ST-3304,-1.32061623796372,-1.61898996641289,3,morning_commute
ST-3305,-1.97813952907947,0.678646900796404,2,morning_commute
ST-3306,-1.30801412721455,-0.312052022768742,3,morning_commute
ST-3307,1.49769789107267,1.68338077065855,1,morning_commute
ST-3308,-0.650310220645294,2.27246231503602,2,morning_commute
ST-3309,0.0566252750697013,-1.38207213596929,4,morning_commute
ST-331,0.625676678975475,-0.473976688502519,4,morning_commute
ST-3310,2.07859910874915,-0.353607053893376,1,morning_commute
ST-3311,-0.583704514430061,-1.36015817300602,3,morning_commute
ST-3312,1.31465276380875,0.201719365257411,1,morning_commute
ST-3313,-0.643468550796132,-1.50583748651831,3,morning_commute
ST-3314,-0.437291315429044,-1.55133888718439,4,morning_commute
ST-3315,-0.00941294059141301,-1.67910422642432,4,morning_commute
ST-3316,-0.71287059229558,0.0924634292422374,2,morning_commute
ST-3317,-1.21553569348332,0.52025510552612,2,morning_commute
ST-3318,-0.14728551172572,-1.87532497635047,4,morning_commute
ST-3319,0.25862190768299,-1.77535368170642,4,morning_commute
ST-332,0.86529187811788,-0.336257586701014,4,morning_commute
ST-3320,-0.490744964724507,-0.202318089752942,2,morning_commute
ST-3321,-1.09842051629186,0.370205017336936,2,morning_commute
ST-3322,-0.572223959999567,-1.91097099794972,3,morning_commute
ST-3323,-0.209455555633022,-1.87618831465494,4,morning_commute
ST-3324,-2.33883197137673,-1.33251892416628,3,morning_commute
ST-3325,-0.172818340674363,-0.726575103615793,4,morning_commute
ST-3326,-0.164229290202261,-0.966009481350113,4,morning_commute
ST-3327,-1.37999649129397,-1.29695612604968,3,morning_commute
ST-3328,-0.970614153847815,0.0866300718130779,2,morning_commute
ST-3329,1.23996528522307,0.287224254169397,1,morning_commute
ST-333,1.3906281896357,0.588184695454957,1,morning_commute
ST-3330,-0.62442266037423,-1.61168215372536,3,morning_commute
ST-3331,-0.742323897503365,-1.80073203002601,3,morning_commute
ST-3332,1.95308635788211,0.536333906646355,1,morning_commute
ST-3333,-1.22757338633928,0.450992121636035,2,morning_commute
ST-3334,-0.401957124273442,-0.195434795444549,4,morning_commute
ST-3335,1.71139660079183,0.43465217914596,1,morning_commute
ST-3336,1.94748539221492,0.0210563983216638,1,morning_commute
ST-3337,-1.98692157778954,-1.63146317201097,3,morning_commute
ST-3338,-0.541036891759847,1.3520101989157,2,morning_commute
ST-3339,-1.16180924510867,2.37353297150357,2,morning_commute
ST-334,1.05039575447531,-0.489111479738449,4,morning_commute
ST-3340,0.560529458432915,-1.28961899181872,4,morning_commute
ST-3341,-0.983383310860231,-1.34983812736507,3,morning_commute
ST-3342,-0.924475941655894,0.572164509350625,2,morning_commute
ST-3343,0.625149930497266,1.04076085857258,1,morning_commute
ST-3344,-0.397348187238871,0.620392033647068,2,morning_commute
ST-3345,-0.399054391537363,-0.00711829696897275,2,morning_commute
ST-3346,-0.150338680065578,0.294750178278979,2,morning_commute
ST-3347,1.25564218085224,-1.17170514970249,4,morning_commute
ST-3348,1.03249307417281,0.504865719872739,1,morning_commute
ST-3349,1.25466012003846,-1.34474280408487,4,morning_commute
ST-335,0.720923563836917,-1.22720320020825,4,morning_commute
ST-3350,1.38398331347407,0.816856821251114,1,morning_commute
ST-3351,-0.156585556259647,-1.16915296605718,4,morning_commute
ST-3352,1.62218115396641,0.191936750070118,1,morning_commute
ST-3353,-0.417462625199622,-0.0477469162259094,2,morning_commute
ST-3354,-1.37149971173021,0.777295893637254,2,morning_commute
ST-3355,0.669787462237821,-0.958065807462608,4,morning_commute
ST-3356,-1.1839809624074,0.341171014715725,2,morning_commute
ST-3357,0.0389503017436779,0.497443969649023,2,morning_commute
ST-3358,1.87421827152801,0.247763101074842,1,morning_commute
ST-3359,-0.554358243965285,-1.46945985350009,3,morning_commute
ST-336,-1.25425923733654,0.575145549740434,2,morning_commute
ST-3360,1.69344395612509,0.0297826490227245,1,morning_commute
ST-3361,1.52101187253001,1.2654955706425,1,morning_commute
ST-3362,-0.639706644567354,0.380509131072897,2,morning_commute
ST-3363,-0.917466765217614,0.460165564392458,2,morning_commute
ST-3364,1.54589602900862,1.85244618504754,1,morning_commute
ST-3365,-2.33098727062289,-1.61315747928918,3,morning_commute
ST-3366,1.80485774297127,0.401164303662611,1,morning_commute
ST-3367,0.117599107343238,-1.2133632923086,4,morning_commute
ST-3368,-0.191079273988741,1.5180341286505,2,morning_commute
ST-3369,0.201614489967238,-0.787126838601631,4,morning_commute
ST-337,0.403441467833887,2.6809514714261,1,morning_commute
ST-3370,-2.51589092344181,-1.31759735287072,3,morning_commute
ST-3371,-2.44540687466842,-1.57193320193925,3,morning_commute
ST-3372,1.84660316737976,0.297810795883152,1,morning_commute
ST-3373,1.91713875660108,0.210555333139627,1,morning_commute
ST-3374,-0.199508825644997,-1.87212360790544,4,morning_commute
ST-3375,0.865542516580064,-0.985838463603933,4,morning_commute
ST-3376,0.613062479826183,1.82288964539012,1,morning_commute
ST-3377,0.287570366220908,-2.25107980597518,4,morning_commute
ST-3378,-0.514179396464516,1.03194140245097,2,morning_commute
ST-3379,2.10764076203618,0.348994729680816,1,morning_commute
ST-338,-1.8047159938735,0.636563873509529,2,morning_commute
ST-3380,0.909898689045386,-0.661277029773079,4,morning_commute
ST-3381,-1.07548740972044,0.527670007475378,2,morning_commute
ST-3382,-0.730990244644883,0.280191249432069,2,morning_commute
ST-3383,-0.348191618750151,-1.99376826402699,4,morning_commute
ST-3384,2.53230226346694,-0.0119770287003549,1,morning_commute
ST-3385,1.60777455092787,1.83680986227045,1,morning_commute
ST-3386,1.90385960014628,-0.611884544493428,4,morning_commute
ST-3388,1.22189352326948,-1.11102156268947,4,morning_commute
ST-3389,0.971636178854496,-0.0418110315300335,1,morning_commute
ST-339,1.45837465162367,-1.44855679885017,4,morning_commute
ST-3390,0.269480859377526,-1.67997351104628,4,morning_commute
ST-3391,1.59581208462137,0.500891361774086,1,morning_commute
ST-3392,-0.524460463277498,-1.23105017689547,4,morning_commute
ST-3393,1.67160673105894,-1.02716321195233,4,morning_commute
ST-3394,2.33790329701683,-0.262519859379156,1,morning_commute
ST-3396,-2.05696211425931,2.32916264392711,2,morning_commute
ST-3397,-2.6458462388906,-0.786359743341355,3,morning_commute
ST-3398,-3.09442257588162,0.0423830240171763,3,morning_commute
ST-3399,0.426271303330571,2.13710998181614,1,morning_commute
ST-34,0.29400133286801,2.94863392914969,2,morning_commute
ST-340,1.58543437759967,-1.70361676926134,4,morning_commute
ST-3400,-0.819253909849446,2.79480536235253,2,morning_commute
ST-3401,3.10663788380397,-0.981271946306599,1,morning_commute
ST-3402,3.25116204807246,-1.05277856502987,1,morning_commute
ST-3403,3.81100469907281,-0.877704614958526,1,morning_commute
ST-3404,-2.66378213184503,0.439590709294578,2,morning_commute
ST-3405,1.87911698608022,-1.22410106813395,4,morning_commute
ST-3406,0.17936459667895,2.74468819859129,2,morning_commute
ST-3407,-0.257473562766379,0.894934447355354,2,morning_commute
ST-3408,0.451171883671797,2.95900886229685,1,morning_commute
ST-3409,-0.269437541529928,2.05544903113765,2,morning_commute
ST-341,1.15752622576064,-1.40253048157509,4,morning_commute
ST-3410,-0.430396968187648,2.26138827460337,2,morning_commute
ST-3411,1.37673769874537,2.30198913509879,1,morning_commute
ST-3412,0.00345582731510524,2.49525073448493,2,morning_commute
ST-3413,-0.349478987427913,2.9015344489124,2,morning_commute
ST-3414,2.50640262320557,1.41088524455791,1,morning_commute
ST-3415,-3.16227773780648,0.890301343352809,2,morning_commute
ST-3416,-0.614462308830352,2.31138953063498,2,morning_commute
ST-3417,-2.25930198743557,1.86023848495877,2,morning_commute
ST-3418,0.479704803416456,1.66617611519127,1,morning_commute
ST-3419,-0.674280823713776,2.46010690706708,2,morning_commute
ST-342,1.19328008708979,-1.42109492643069,4,morning_commute
ST-3420,3.15315337975955,0.368442145798325,1,morning_commute
ST-3421,-3.11727919713025,-0.487590068247936,3,morning_commute
ST-3422,-1.22860205467673,2.30466254039905,2,morning_commute
ST-3423,-2.18448951545348,0.848067428717035,2,morning_commute
ST-3424,-3.11996871593995,0.607919498667399,2,morning_commute
ST-343,0.606747674100455,-1.38579718902863,4,morning_commute
ST-344,1.2366629454794,-1.51005598860892,4,morning_commute
ST-345,1.30125923337607,-1.18160452674418,4,morning_commute
ST-346,1.24213765917476,-1.15393006792706,4,morning_commute
ST-347,1.22081417455758,-1.39888109388197,4,morning_commute
ST-348,0.984338330569952,-1.11100980846474,4,morning_commute
ST-349,1.31367572114284,-1.44820171496134,4,morning_commute
ST-35,1.50285610178357,-1.40379295820343,4,morning_commute
ST-350,1.16235002908776,-1.26352842791298,4,morning_commute
ST-351,1.30342013821773,-1.35448693271575,4,morning_commute
ST-352,1.27787573152865,-0.9732284698649,4,morning_commute
ST-354,-0.985348031004485,0.555408705911845,2,morning_commute
ST-357,0.555209355770513,-0.842959652942626,4,morning_commute
ST-358,-1.30468343761718,0.415211577897174,2,morning_commute
ST-359,-0.806460247789482,0.177300439499309,2,morning_commute
ST-36,0.962257067345014,-1.01730564102886,4,morning_commute
ST-360,-0.620370680035097,-0.202836946233201,2,morning_commute
ST-361,-0.0588945479775557,-0.843757520311887,4,morning_commute
ST-362,-0.292527021634375,-0.695255098974262,4,morning_commute
ST-363,3.2102608478055,0.845719345598283,1,morning_commute
ST-364,-0.163563855873814,-0.902971594989961,4,morning_commute
ST-365,0.694763612569984,-0.414874972561114,4,morning_commute
ST-366,0.223833738637884,-0.305261244478501,4,morning_commute
ST-368,-2.58023096714299,-2.02119612405962,3,morning_commute
ST-369,-1.07058059630953,0.492475478004588,2,morning_commute
ST-37,0.699642761270698,-0.165073707236753,4,morning_commute
ST-370,-0.489569960433915,0.698898228179102,2,morning_commute
ST-371,-0.0832346192950784,-0.693489586715405,4,morning_commute
ST-372,-0.979843693282406,0.154954839563465,2,morning_commute
ST-373,2.84600702891957,-0.240030718791505,1,morning_commute
ST-374,2.71363220814446,-1.84710349868409,4,morning_commute
ST-375,-0.100879179961836,-0.671717752998611,4,morning_commute
ST-376,-0.472059954204526,0.215589047596429,2,morning_commute
ST-377,0.175599903735478,-1.25708403366864,4,morning_commute
ST-378,0.0201457072361886,-1.40896623284715,4,morning_commute
ST-379,0.195270112798153,-0.592877349229011,4,morning_commute
ST-38,0.6331133601434,1.77497309003748,1,morning_commute
ST-380,-2.76768717130381,-0.155849719103608,3,morning_commute
ST-381,0.309240995595616,-0.826094943878903,4,morning_commute
ST-382,-0.124839886142057,-0.987298247695386,4,morning_commute
ST-383,3.12080564044316,1.32540202517714,1,morning_commute
ST-384,0.16729818870336,-0.89565888565815,4,morning_commute
ST-385,0.247212839818711,-0.829195274987424,4,morning_commute
ST-386,-0.0585562427223642,-0.907123901929727,4,morning_commute
ST-387,0.239887141544172,-1.37260785734451,4,morning_commute
ST-388,0.702927906733843,-1.24032306538598,4,morning_commute
ST-389,-0.910842393746912,0.211217512593196,2,morning_commute
ST-39,-0.033985031373031,-1.1443503881308,4,morning_commute
ST-390,-0.998037314018634,0.0775029754379462,2,morning_commute
ST-391,-0.799266562693099,0.478791426536517,2,morning_commute
ST-392,-1.00563222894713,0.327289377562164,2,morning_commute
ST-393,2.86266729414669,-0.523197178364365,1,morning_commute
ST-394,-0.147376970499454,-0.635563891716307,4,morning_commute
ST-395,-0.697827423148392,0.179911316345774,2,morning_commute
ST-396,-0.629942119279851,0.00277971022033235,2,morning_commute
ST-397,-0.774138840232443,0.233695533985916,2,morning_commute
ST-398,-0.883645598228896,0.184629583913791,2,morning_commute
ST-4,1.08964024665809,-1.44574271063513,4,morning_commute
ST-40,1.52843154320416,-0.911814693385955,4,morning_commute
ST-400,-0.963717338090257,0.272261387870633,2,morning_commute
ST-401,-0.427229257748872,0.214364778116095,2,morning_commute
ST-402,-0.66546176779539,0.252799248993756,2,morning_commute
ST-403,-1.08262307010355,0.422313590003254,2,morning_commute
ST-404,-0.909193099419064,0.419732668351614,2,morning_commute
ST-405,-0.736235256361985,0.307075322736964,2,morning_commute
ST-406,-0.609764553690406,0.388925869791316,2,morning_commute
ST-407,-1.033339082516,0.672959407728226,2,morning_commute
ST-408,-1.11461110658275,0.324928007027122,2,morning_commute
ST-409,-0.916291332827313,0.169040363640864,2,morning_commute
ST-41,0.836073997640303,-0.810242698001434,4,morning_commute
ST-410,-0.208187193544467,-0.246056327151582,4,morning_commute
ST-413,-0.668013776901948,-1.76416187658163,3,morning_commute
ST-414,-0.160343721532563,-1.94613597693215,4,morning_commute
ST-416,-0.848480284821651,-3.09827463970176,3,morning_commute
ST-417,-0.692527181667245,-1.44137490979103,3,morning_commute
ST-418,-0.804405651152985,-1.65863413428726,3,morning_commute
ST-419,-0.526351897544236,-1.83240343941066,3,morning_commute
ST-42,0.647671954307223,-0.774205689360898,4,morning_commute
ST-420,-0.633992185637041,-1.83528789562882,3,morning_commute
ST-421,-0.541408413926366,-1.73329381310137,3,morning_commute
ST-422,-0.82582836942107,-1.84607492079778,3,morning_commute
ST-424,-0.00412052595256027,-1.6619996423365,4,morning_commute
ST-425,0.49555721452583,-1.77209033667277,4,morning_commute
ST-426,-0.0476552886132693,-1.75221794662558,4,morning_commute
ST-428,-1.48216504556764,-1.38220423868051,3,morning_commute
ST-43,1.37000091391583,-1.11641953198833,4,morning_commute
ST-431,-1.55888189337259,-1.75120436748747,3,morning_commute
ST-432,-1.95442349309432,-0.816604194924386,3,morning_commute
ST-435,0.796446688207739,-0.577862289945669,4,morning_commute
ST-436,0.625219522902209,-0.358232749650992,4,morning_commute
ST-437,-0.424286144938937,0.268801164416768,2,morning_commute
ST-438,0.453699460420852,-0.246617261248976,4,morning_commute
ST-439,-0.128841098932572,0.308141355562484,2,morning_commute
ST-440,0.999952442405692,-0.872602642216503,4,morning_commute
ST-441,0.992299607785377,-0.371099459934099,4,morning_commute
ST-442,1.404324444987,-0.732716104065923,4,morning_commute
ST-443,1.03685080785469,-2.05414340537088,4,morning_commute
ST-444,-1.71186907524365,0.709801736287524,2,morning_commute
ST-445,-0.0542534433354688,-0.808164033980037,4,morning_commute
ST-446,0.0451331565139074,-0.963189800367564,4,morning_commute
ST-447,-0.858290275817052,0.212547594529854,2,morning_commute
ST-448,0.181296598652563,-0.67307339871157,4,morning_commute
ST-449,0.551036065472044,1.34132157610965,1,morning_commute
ST-45,-0.22548050523062,-1.80576427652897,4,morning_commute
ST-450,-0.239059619285115,1.4195334812662,2,morning_commute
ST-451,-0.542419392463643,1.41873591834922,2,morning_commute
ST-452,-0.462528748305824,1.06440903693784,2,morning_commute
ST-453,-0.402873932336721,1.25171224017284,2,morning_commute
ST-454,0.611220122114541,-0.562672803466029,4,morning_commute
ST-455,0.732492426044485,-0.799490484579297,4,morning_commute
ST-456,0.377812507590703,-0.322403310513635,4,morning_commute
ST-457,1.20397267920695,-1.07592346811004,4,morning_commute
ST-459,0.562948668362747,-0.842172195488975,4,morning_commute
ST-46,0.194391522321373,-1.54298639452884,4,morning_commute
ST-460,0.776531049663242,-0.837056044989075,4,morning_commute
ST-461,0.840244706919099,-1.03018632199265,4,morning_commute
ST-462,0.841284597887156,-0.971212185763741,4,morning_commute
ST-463,1.46459544556557,-1.02254376884934,4,morning_commute
ST-464,0.529094299771256,-0.473052377355955,4,morning_commute
ST-465,0.673751963827493,-0.715245303209588,4,morning_commute
ST-467,0.455599613037451,-0.727359622961965,4,morning_commute
ST-469,-0.175497583995495,0.552822673684409,2,morning_commute
ST-47,0.26364541519722,-1.46904791547128,4,morning_commute
ST-470,0.660758913721783,-0.58389932999846,4,morning_commute
ST-471,0.237287559901158,-0.303354049638919,4,morning_commute
ST-472,0.195474129662999,3.61533612129614,2,morning_commute
ST-473,0.322640876801334,-0.452626573112899,4,morning_commute
ST-474,1.450363515768,0.418563031773303,1,morning_commute
ST-475,0.164819949859567,-0.567270029267058,4,morning_commute
ST-476,-0.505556403783054,1.26925895163835,2,morning_commute
ST-478,0.648263184242203,-1.00967358665635,4,morning_commute
ST-479,0.803688226387098,-0.973887902363576,4,morning_commute
ST-48,-2.15596817009958,-1.39720423106823,3,morning_commute
ST-480,0.625800809453415,-0.65679599103638,4,morning_commute
ST-481,0.379096950164525,-0.203513384226409,4,morning_commute
ST-482,-0.00727435438400562,-0.908889582896098,4,morning_commute
ST-483,-0.0723713568204081,-1.35218771973334,4,morning_commute
ST-484,-2.09607909234973,2.00511776591115,2,morning_commute
ST-485,1.50866111184276,-0.0992490946581969,1,morning_commute
ST-486,1.27465282823796,-0.0368460365098246,1,morning_commute
ST-487,1.51436165064061,0.0238737200504185,1,morning_commute
ST-488,1.70305068915112,0.137765480275699,1,morning_commute
ST-490,1.75957699369072,-0.0151856986892628,1,morning_commute
ST-491,1.2654517312003,0.249602150766345,1,morning_commute
ST-492,1.58110398441828,-0.07642026231272,1,morning_commute
ST-493,1.38163085798656,-0.096568961770257,1,morning_commute
ST-494,1.33333514845353,0.0315802279190686,1,morning_commute
ST-495,1.13149404732831,0.0285872973800595,1,morning_commute
ST-496,1.32253019792443,-0.00928339717433538,1,morning_commute
ST-497,1.23441330253247,0.0715759586775928,1,morning_commute
ST-498,2.03872743707036,-1.87742398340789,4,morning_commute
ST-499,1.51347887413373,0.183713698381115,1,morning_commute
ST-5,1.51148670180034,-1.45660977826536,4,morning_commute
ST-50,-0.108056052873013,-1.89111762529935,4,morning_commute
ST-500,1.80980269236501,0.322198415760673,1,morning_commute
ST-501,1.16382451527256,-0.297002684816441,4,morning_commute
ST-502,1.22983841996442,-0.0308637035944037,1,morning_commute
ST-503,1.2145138966679,-0.0226492572478749,1,morning_commute
ST-504,1.82142724448475,0.39984411393235,1,morning_commute
ST-505,1.15137038297816,-0.158615845578175,1,morning_commute
ST-506,-0.0384225468274676,-0.970275321333602,4,morning_commute
ST-507,-1.74865430911714,-1.24297978847975,3,morning_commute
ST-508,-2.56570355822964,-1.13080173710398,3,morning_commute
ST-509,-2.15234876019044,-1.09034242024956,3,morning_commute
ST-51,-0.0174752147405362,-1.69659422885565,4,morning_commute
ST-510,-2.30723178744555,-1.08476419118827,3,morning_commute
ST-511,-2.21626253035796,-1.07269291579444,3,morning_commute
ST-512,-2.69592366760221,-1.6085019858887,3,morning_commute
ST-513,-2.39477666079472,-1.26786535537173,3,morning_commute
ST-514,-2.23340735919587,-0.962116202296486,3,morning_commute
ST-515,1.65229288337433,-1.58161473383886,4,morning_commute
ST-516,-1.77223939298726,-1.70057113478348,3,morning_commute
ST-517,-1.39320618635023,-1.59332944448787,3,morning_commute
ST-518,-2.07555156958573,-1.53098117595637,3,morning_commute
ST-519,-1.51841402635203,-1.82623313193589,3,morning_commute
ST-52,-0.0144545752218697,-1.71217497109038,4,morning_commute
ST-520,2.90511860173152,-2.35429284402714,4,morning_commute
ST-522,-2.21037482710166,-1.58262819297393,3,morning_commute
ST-523,-1.76480111614681,-1.34250234360201,3,morning_commute
ST-524,-2.03311085297297,-1.14854263155325,3,morning_commute
ST-525,-2.09652600078464,-1.47102956330922,3,morning_commute
ST-526,-2.04169963945874,-1.21862569458022,3,morning_commute
ST-527,2.11490639108213,1.95582506915863,1,morning_commute
ST-528,-1.75397297936688,-1.92662523588424,3,morning_commute
ST-53,-0.0721365537892182,-1.64468780810078,4,morning_commute
ST-530,-1.68466882764152,-1.7072691089752,3,morning_commute
ST-531,-1.48364851860223,-1.84228678452262,3,morning_commute
ST-532,-1.14153069904179,-1.90296693846382,3,morning_commute
ST-533,-1.43909034168997,-1.60653013811716,3,morning_commute
ST-534,-1.21927948356557,-1.55637539620222,3,morning_commute
ST-535,-1.3215864099084,-1.48225630392159,3,morning_commute
ST-536,-1.81029851473825,-1.23637246914039,3,morning_commute
ST-537,1.54274902441576,1.70875762302949,1,morning_commute
ST-538,-1.93388252916772,-1.23268188086398,3,morning_commute
ST-539,1.26231166052134,0.988671741464316,1,morning_commute
ST-540,1.08074473089423,0.876384401637223,1,morning_commute
ST-541,1.12796231834958,0.202600580132198,1,morning_commute
ST-542,1.03965456805963,0.346286717233706,1,morning_commute
ST-543,0.930734120288948,0.78857805048053,1,morning_commute
ST-544,1.16277172239582,0.497666276853382,1,morning_commute
ST-545,0.286997575525995,1.63148065653664,2,morning_commute
ST-546,0.742891374282598,0.536981143592591,1,morning_commute
ST-547,1.36251770273053,0.552948418779147,1,morning_commute
ST-548,1.38158916050484,0.645759503580855,1,morning_commute
ST-549,0.605063807738226,1.23673963212477,1,morning_commute
ST-55,0.174804599049707,-1.56908683667918,4,morning_commute
ST-550,0.988623122184358,0.755540836766989,1,morning_commute
ST-551,1.07594454726694,0.59208491513443,1,morning_commute
ST-553,0.76679371250644,0.410630857976689,1,morning_commute
ST-555,1.30529853940613,-1.38872752629007,4,morning_commute
ST-558,-0.293709969076385,-0.0513840786673727,2,morning_commute
ST-559,-0.84388858017124,0.819474982942755,2,morning_commute
ST-56,0.457351286804399,-2.32220621092852,4,morning_commute
ST-560,-0.902868793244594,1.91635490009067,2,morning_commute
ST-561,0.0846985420659078,-0.332346411731349,4,morning_commute
ST-562,-1.01889347970875,1.55560899658407,2,morning_commute
ST-563,-0.717783947747945,1.01185676035269,2,morning_commute
ST-564,-0.435132708097296,0.635222086233767,2,morning_commute
ST-565,-1.04353186822393,0.77172268082269,2,morning_commute
ST-566,-0.278310769866523,0.0882850491593837,2,morning_commute
ST-567,2.24521756898378,-0.288623781636347,1,morning_commute
ST-568,-0.256620316039672,-0.0831276266707724,4,morning_commute
ST-569,0.871919966508504,2.70899730894333,1,morning_commute
ST-57,-0.728596069943421,-2.04903946634013,3,morning_commute
ST-570,0.548167477340734,0.209424224530423,1,morning_commute
ST-571,-0.718693408194787,0.264766730318428,2,morning_commute
ST-572,-0.123663272017221,0.315905097771428,2,morning_commute
ST-573,0.478808099478794,-0.534314397115167,4,morning_commute
ST-574,-0.172231155568163,0.0649771174897498,2,morning_commute
ST-575,2.02313386077662,1.67430317689045,1,morning_commute
ST-577,1.98564388353925,-2.06932391639264,4,morning_commute
ST-578,0.0134084469736934,0.135088569529331,2,morning_commute
ST-579,-0.271291658442726,0.528072450737543,2,morning_commute
ST-58,-2.37515559530622,-0.280022003354931,3,morning_commute
ST-580,-0.132450872381784,0.560373331495427,2,morning_commute
ST-583,-0.103967295359396,-0.291041611537587,4,morning_commute
ST-584,0.353983464903692,-0.158061241994975,4,morning_commute
ST-585,0.116481371549987,-0.072853181253472,4,morning_commute
ST-586,-0.11179632451928,-0.0524219631579397,4,morning_commute
ST-587,-0.484637525065408,0.019414613359973,2,morning_commute
ST-588,-0.468502613978927,0.043730977799725,2,morning_commute
ST-589,-0.217123769999405,0.114972501817778,2,morning_commute
ST-59,0.0285377147903466,-1.6518844283638,4,morning_commute
ST-590,0.388226910889371,-0.31229651676391,4,morning_commute
ST-592,4.20467906640985,-0.848232728813464,1,morning_commute
ST-593,-0.239583038718291,0.456487622817501,2,morning_commute
ST-594,-0.203274572820947,-0.329506787894271,4,morning_commute
ST-595,-0.180690232187066,-0.0759369785426023,4,morning_commute
ST-596,-0.0282639372968699,0.0593651669062159,4,morning_commute
ST-597,1.76332642078718,2.33699160474163,1,morning_commute
ST-598,-1.66388523345349,2.5440119922051,2,morning_commute
ST-599,-0.105201892609204,-0.0955380291898616,4,morning_commute
ST-6,1.19023690339474,-1.30680453654215,4,morning_commute
ST-60,-0.0673735917064325,-1.58664108461425,4,morning_commute
ST-600,0.234274524289944,0.549728327063425,2,morning_commute
ST-601,2.81590033679791,0.794773388472613,1,morning_commute
ST-602,0.143401660262602,0.463672886509878,2,morning_commute
ST-603,0.0487821960538284,0.239305087273647,2,morning_commute
ST-604,-0.243537004947704,0.790205695383556,2,morning_commute
ST-605,-0.237447299939384,0.509373506643037,2,morning_commute
ST-606,-0.231200197495999,1.0208606776588,2,morning_commute
ST-607,-1.27664441645491,2.20324664599573,2,morning_commute
ST-608,0.0756170491229933,0.628770590686381,2,morning_commute
ST-609,0.55643963815816,1.44932773439434,1,morning_commute
ST-61,-2.36260400486955,-1.28120507930832,3,morning_commute
ST-610,-0.183930094001927,1.06776926644938,2,morning_commute
ST-611,-0.223740211053732,1.10423001374763,2,morning_commute
ST-612,-0.0949516229838253,1.4025108048329,2,morning_commute
ST-613,-0.0411465676187239,1.37315574108487,2,morning_commute
ST-614,-0.181524557233908,1.55790866640613,2,morning_commute
ST-615,-0.1362853143098,1.62233031934423,2,morning_commute
ST-616,-0.165716317628713,1.33401043521408,2,morning_commute
ST-618,-2.20263949590889,0.310570496915263,2,morning_commute
ST-619,-1.52754719289211,-0.708631934498506,3,morning_commute
ST-62,0.209805802088219,-1.55213030158124,4,morning_commute
ST-620,-1.45600713816647,-0.58748853740056,3,morning_commute
ST-621,-1.52449211196962,-0.754578708205588,3,morning_commute
ST-622,-1.5254089280014,-0.576650978468237,3,morning_commute
ST-623,-1.52950670444678,-0.611237711334801,3,morning_commute
ST-624,-1.31517438465496,-0.574625617315849,3,morning_commute
ST-625,-1.50665139103712,-0.386078349481033,3,morning_commute
ST-626,1.42275790767386,1.70256358237031,1,morning_commute
ST-628,-1.3825649521639,-0.361539075816546,3,morning_commute
ST-629,-1.57100298303328,-0.400923782793583,3,morning_commute
ST-63,0.260295267638489,-1.88789811592417,4,morning_commute
ST-630,0.693317100524402,2.98301947197303,1,morning_commute
ST-631,-1.55793728793032,-0.419251530222512,3,morning_commute
ST-632,-1.35827801943514,-0.895551596969096,3,morning_commute
ST-633,-1.39772484487178,-0.259756142837971,3,morning_commute
ST-634,-1.36029693407817,-0.442709444090163,3,morning_commute
ST-635,-1.23614432096521,-0.589943784758217,3,morning_commute
ST-636,-1.57046371411546,-0.411208839954563,3,morning_commute
ST-637,-1.33499111354438,-0.636611496689326,3,morning_commute
ST-638,-1.28959956784874,-0.530907178085797,3,morning_commute
ST-639,-1.50440903826793,-0.658110681412751,3,morning_commute
ST-64,0.478859744697259,-1.34381800966838,4,morning_commute
ST-640,-1.44198394595888,-0.714832237504591,3,morning_commute
ST-641,-1.50850530221499,-0.311067574923713,3,morning_commute
ST-642,-1.50021332262721,-0.31508012669968,3,morning_commute
ST-643,0.525637288625145,0.763068538238598,1,morning_commute
ST-644,0.495692107422781,0.458079584263432,1,morning_commute
ST-645,0.372700116867919,0.812166182892247,1,morning_commute
ST-646,0.708898212272692,0.987573706945022,1,morning_commute
ST-647,0.20832993588994,0.139139284148513,4,morning_commute
ST-648,-0.263810042620298,0.878196312716839,2,morning_commute
ST-65,0.612993281783005,-1.76813313718519,4,morning_commute
ST-650,0.499451354790556,0.874295106164233,1,morning_commute
ST-651,0.541738610326002,0.368940357279976,1,morning_commute
ST-652,0.548717477836854,0.962940540264436,1,morning_commute
ST-654,0.604976148080787,1.32099906172947,1,morning_commute
ST-655,-0.716145445077928,0.547101931411856,2,morning_commute
ST-657,0.238068118517739,1.07904776505861,2,morning_commute
ST-658,-0.0573347726613852,1.45859866985198,2,morning_commute
ST-66,0.304742500842446,-1.58742983569359,4,morning_commute
ST-660,-1.51015137289577,-0.489849682189418,3,morning_commute
ST-661,-2.02697864877826,-0.358234351798127,3,morning_commute
ST-662,-0.97679296509288,-0.957848276547306,3,morning_commute
ST-663,-1.03198935353562,-1.20558671964178,3,morning_commute
ST-664,-1.01143612310723,-1.12600120393464,3,morning_commute
ST-665,-1.38715095320605,-0.67447542076524,3,morning_commute
ST-666,-1.34344183624402,-0.701036394237851,3,morning_commute
ST-667,-0.732654067611218,-0.924838803297626,3,morning_commute
ST-668,-0.844356716367703,-0.944430747175238,3,morning_commute
ST-669,-0.734882011641273,-0.882089836501141,3,morning_commute
ST-67,0.420234292160044,-1.66963034034163,4,morning_commute
ST-670,1.84093878244864,-0.860026667082155,4,morning_commute
ST-671,-0.936834323008019,-0.826109774319801,3,morning_commute
ST-673,-0.593487745145085,-1.55119932172435,3,morning_commute
ST-674,-1.24142419815982,-0.731268902496092,3,morning_commute
ST-675,-1.34292120157674,-0.936293535309934,3,morning_commute
ST-676,-1.55344099219668,-0.851452829829251,3,morning_commute
ST-677,-1.30737339170746,-0.950548394260682,3,morning_commute
ST-678,-1.48186267672615,-0.813890839587628,3,morning_commute
ST-679,-1.49447354071855,-0.437913136480849,3,morning_commute
ST-68,0.167671809783789,-1.64852237940923,4,morning_commute
ST-683,0.699652884900518,-1.18431637257425,4,morning_commute
ST-685,-1.08989975333232,2.06596563052064,2,morning_commute
ST-686,0.483090723589401,-1.40114761381259,4,morning_commute
ST-687,0.74632526559493,-1.379263334592,4,morning_commute
ST-688,0.130339438288124,-0.788078021339834,4,morning_commute
ST-69,0.24555226845321,-1.68369936492167,4,morning_commute
ST-690,0.532851641798682,-1.00212481627109,4,morning_commute
ST-691,0.401721692509813,-0.896948495332433,4,morning_commute
ST-692,1.12388563009451,-0.993663971290366,4,morning_commute
ST-693,1.67162772850078,-1.36116344942377,4,morning_commute
ST-694,1.42235990911115,0.448613652409406,1,morning_commute
ST-695,2.04958123050615,-1.75401720207001,4,morning_commute
ST-696,1.66694705270941,0.219549321576067,1,morning_commute
ST-697,1.73271781025923,-1.05112656595734,4,morning_commute
ST-699,0.393024680743119,-1.10872287249057,4,morning_commute
ST-7,0.812164629928472,-1.75760554615971,4,morning_commute
ST-70,0.136386006940117,-1.6440014730361,4,morning_commute
ST-700,0.914286711619839,-1.29454635740746,4,morning_commute
ST-701,0.141427332441065,-1.32188667164834,4,morning_commute
ST-702,-0.586461414013642,-1.08844004555717,3,morning_commute
ST-703,-0.521031633716238,-1.07574664089363,4,morning_commute
ST-704,-0.859800798543376,-0.952876620083559,3,morning_commute
ST-705,-0.734504048279084,-0.846351659912078,3,morning_commute
ST-707,-0.449581593915998,-0.692773876440976,4,morning_commute
ST-708,-1.00455679758606,-2.9662536721058,3,morning_commute
ST-709,-0.945783212622456,-0.870501615328884,3,morning_commute
ST-71,0.302969602272741,-1.6818443576243,4,morning_commute
ST-712,2.19348913136801,0.810526675055644,1,morning_commute
ST-713,2.17704918285867,-1.50054970066885,4,morning_commute
ST-714,-0.472534044449203,-1.0975528172592,4,morning_commute
ST-715,-0.707849089621042,-1.20672453290108,3,morning_commute
ST-717,-0.276984570171112,-1.52485163578835,4,morning_commute
ST-719,-0.333675127793248,-1.50343943511505,4,morning_commute
ST-72,0.312720428853617,-1.5658684939862,4,morning_commute
ST-720,-0.352567398506621,-1.28386137890497,4,morning_commute
ST-721,-0.465786106860301,-0.654712750900862,4,morning_commute
ST-722,0.533994845993597,-0.645502717079154,4,morning_commute
ST-723,-0.494488739162626,-1.38634577243843,4,morning_commute
ST-724,-0.472608346602619,-1.17866213286634,4,morning_commute
ST-725,-0.605080371180427,-1.52538112525954,3,morning_commute
ST-726,0.0781608625485473,-1.33780920356598,4,morning_commute
ST-727,-0.801964215730391,-1.09947219049689,3,morning_commute
ST-728,0.340656416217319,-1.11517562370074,4,morning_commute
ST-729,2.31996422017247,0.788629832729366,1,morning_commute
ST-73,0.321557413206893,-1.62021581636862,4,morning_commute
ST-731,2.20639917540915,1.26875433304033,1,morning_commute
ST-732,2.21072904768847,0.842304515507722,1,morning_commute
ST-733,-0.464211882322649,-1.16910702601761,4,morning_commute
ST-735,-0.0740995783245281,0.747550185222473,2,morning_commute
ST-736,-0.535707640950901,0.863870405177599,2,morning_commute
ST-737,0.832809446755275,1.29209344705887,1,morning_commute
ST-738,0.79971648882119,0.858289899005882,1,morning_commute
ST-739,0.188246779162387,-2.64329258258764,4,morning_commute
ST-74,-2.59487587510505,1.18731043535504,2,morning_commute
ST-740,0.685074826673434,1.09917591370934,1,morning_commute
ST-741,2.70414679411968,0.0897094985089154,1,morning_commute
ST-742,1.58843240407423,2.11685139483597,1,morning_commute
ST-743,1.65000597226991,2.0705904173224,1,morning_commute
ST-744,1.55066250238789,2.14474232418694,1,morning_commute
ST-745,1.82322526571986,0.278108248269893,1,morning_commute
ST-746,2.06382660169652,0.566919441763152,1,morning_commute
ST-747,1.87903374578453,0.0206804200743303,1,morning_commute
ST-748,1.47326889634258,-0.244748485857379,1,morning_commute
ST-749,2.20938467913444,-0.300332867437413,1,morning_commute
ST-750,1.96329024579043,-0.177207170847446,1,morning_commute
ST-751,2.33947605391163,-1.03051007869715,4,morning_commute
ST-752,1.76633097917765,0.230294476126902,1,morning_commute
ST-753,2.01305597187926,0.805762413437898,1,morning_commute
ST-754,2.34282547646028,1.05161431522102,1,morning_commute
ST-755,1.32900776378817,1.26854398684607,1,morning_commute
ST-756,1.53385302728939,1.20022179881801,1,morning_commute
ST-757,1.92219568458531,0.197879215695815,1,morning_commute
ST-758,2.03564368348415,0.74753345334502,1,morning_commute
ST-759,2.06866022788741,0.522614502499685,1,morning_commute
ST-76,1.30681456685733,-1.68756431924699,4,morning_commute
ST-760,2.04649350723495,0.716978831631673,1,morning_commute
ST-761,1.70365271051574,0.917687942413511,1,morning_commute
ST-762,1.60529433925513,1.12107648646377,1,morning_commute
ST-763,1.6550326278295,1.05878778401477,1,morning_commute
ST-764,1.76711274184488,1.14604165596069,1,morning_commute
ST-765,1.78952838153698,0.717333368032199,1,morning_commute
ST-766,1.14060630578508,1.27257267646235,1,morning_commute
ST-767,1.56984676664979,1.72489239107643,1,morning_commute
ST-768,1.53632779007036,1.60125320723739,1,morning_commute
ST-769,1.46643881397144,1.73205287970745,1,morning_commute
ST-77,1.02599295224142,-1.71715315257656,4,morning_commute
ST-770,1.48507015393491,1.5763884023032,1,morning_commute
ST-771,1.67418962319918,1.64126022857979,1,morning_commute
ST-772,1.5637725876609,1.82789673566489,1,morning_commute
ST-773,1.46370571884845,1.90341368832103,1,morning_commute
ST-774,1.31920726533249,1.85640900825141,1,morning_commute
ST-775,1.48232126861515,2.00068264930923,1,morning_commute
ST-776,3.66094015351404,-2.79233742822668,4,morning_commute
ST-777,2.05804422110826,-0.551185526280151,1,morning_commute
ST-778,2.47474480235253,0.37352279608881,1,morning_commute
ST-779,0.731021111276739,2.00422128734152,1,morning_commute
ST-78,1.0330134364031,-1.5217515051489,4,morning_commute
ST-780,2.1274282229668,-0.255389936270963,1,morning_commute
ST-781,1.52652484701493,1.76053491426655,1,morning_commute
ST-782,2.0315030124482,1.05100488199737,1,morning_commute
ST-783,1.70675309807108,0.418241970083366,1,morning_commute
ST-784,1.6672740073533,0.843114005968028,1,morning_commute
ST-786,1.88008375830575,0.15837943671026,1,morning_commute
ST-787,2.20995727658615,0.179842203738737,1,morning_commute
ST-788,1.91638992510611,0.0369861484777842,1,morning_commute
ST-789,1.99001679606992,0.485577787224611,1,morning_commute
ST-790,1.76148868471068,-0.340711819452155,1,morning_commute
ST-791,1.40258629152384,-0.0940248650257461,1,morning_commute
ST-792,2.10828391442797,-0.161800190012494,1,morning_commute
ST-793,1.69903442325684,-0.203167334499837,1,morning_commute
ST-794,2.10391187565717,-0.122147894440769,1,morning_commute
ST-795,1.57788855439069,0.323640728783062,1,morning_commute
ST-796,1.57481769585122,0.288953682731428,1,morning_commute
ST-797,1.61672386520344,0.613920018730188,1,morning_commute
ST-798,3.21430671637239,-0.941449181547125,1,morning_commute
ST-799,1.53899552803596,0.872107431959712,1,morning_commute
ST-8,0.584924483171935,-1.57086735769763,4,morning_commute
ST-80,1.2111694546189,-1.69515910535476,4,morning_commute
ST-800,1.49541473882428,1.54136168563322,1,morning_commute
ST-801,1.62414856047942,0.888969746916652,1,morning_commute
ST-802,1.61020701319649,0.941356846819733,1,morning_commute
ST-803,1.65709213856656,1.34169700434664,1,morning_commute
ST-804,1.67725720342344,1.1711104553258,1,morning_commute
ST-805,1.29575209928842,2.65711981089737,1,morning_commute
ST-806,-1.75075526109967,-1.22626809950689,3,morning_commute
ST-807,1.90402405531226,1.23172273026559,1,morning_commute
ST-808,1.59151438052282,1.33327014423933,1,morning_commute
ST-809,1.6644368417673,1.07047638185909,1,morning_commute
ST-81,1.12825221380453,-1.57738350683605,4,morning_commute
ST-810,1.52713625959651,1.27471579245558,1,morning_commute
ST-811,1.60828691747804,0.733264828103269,1,morning_commute
ST-812,1.50611907650505,1.35914070861185,1,morning_commute
ST-813,1.39874684796709,1.59883383727395,1,morning_commute
ST-814,1.49071145375953,1.34755070620638,1,morning_commute
ST-815,1.67089318667873,0.89906033691319,1,morning_commute
ST-816,1.56591149384811,1.38083448377108,1,morning_commute
ST-817,1.52896851802787,1.66931686773207,1,morning_commute
ST-818,1.38047461365344,1.65503800528257,1,morning_commute
ST-819,1.46393328321428,1.47489314797998,1,morning_commute
ST-82,1.14636322741475,-1.43128591567795,4,morning_commute
ST-820,1.15090134851121,1.77491614402664,1,morning_commute
ST-821,1.42356679647795,1.68930052481783,1,morning_commute
ST-822,1.05630171537848,1.942685156319,1,morning_commute
ST-823,1.27479438603732,1.73313928861649,1,morning_commute
ST-824,-2.52429221438238,-1.3185332974531,3,morning_commute
ST-825,-1.78204435453479,1.1290985706982,2,morning_commute
ST-826,-1.78988112354994,1.25216336741277,2,morning_commute
ST-827,-1.0332515829906,0.403765238734577,2,morning_commute
ST-828,-2.3674867181311,-1.32114160810225,3,morning_commute
ST-829,-2.12565082406905,-1.1108768533911,3,morning_commute
ST-83,1.23150740804139,-1.5988274830737,4,morning_commute
ST-830,1.17595962852287,-0.0229370015515507,1,morning_commute
ST-831,-2.43946040119118,-1.13711992183403,3,morning_commute
ST-833,2.88446363183759,-1.02519204945414,1,morning_commute
ST-834,-2.09248912510516,-1.50171267909902,3,morning_commute
ST-835,-0.0996148741612762,-2.97550471251473,4,morning_commute
ST-838,0.555164991630586,1.27508643247607,1,morning_commute
ST-839,0.827967896970468,1.16860329933569,1,morning_commute
ST-84,1.0357794501992,-1.63428562992414,4,morning_commute
ST-840,0.868634112010626,0.609993946831463,1,morning_commute
ST-842,-1.49771723501035,0.719582701267087,2,morning_commute
ST-847,-0.0967639526892997,-0.107655353573131,4,morning_commute
ST-849,-0.132582165963735,-0.509513759655128,4,morning_commute
ST-85,1.2591027959547,-1.61600667590994,4,morning_commute
ST-850,-0.101978330241747,-0.223698661279962,4,morning_commute
ST-852,0.244162682450812,-0.00788402014675547,4,morning_commute
ST-853,-0.230814818458315,0.0544199027207925,2,morning_commute
ST-854,-0.173014557329124,-0.128293224420354,4,morning_commute
ST-855,-0.173308532363825,-0.100961577156918,4,morning_commute
ST-856,-0.105664210671372,0.0540226614699603,2,morning_commute
ST-857,0.0472094165502724,0.0820961115689427,4,morning_commute
ST-859,0.591623668173858,0.706293478799698,1,morning_commute
ST-86,1.04463285486029,-1.52411143955551,4,morning_commute
ST-860,0.71535974992471,0.975404480255163,1,morning_commute
ST-861,-0.173954182012746,2.72086009580507,2,morning_commute
ST-862,0.649765447141918,0.69600083875999,1,morning_commute
ST-863,0.555204899665984,0.981477170993811,1,morning_commute
ST-864,2.84846815326463,-0.518757481042926,1,morning_commute
ST-866,0.00809943939895591,0.974479169744428,2,morning_commute
ST-867,-0.0163168379533801,1.03056306261845,2,morning_commute
ST-868,-0.568252897424574,1.29262258316295,2,morning_commute
ST-869,-0.411932393168731,1.56453221290608,2,morning_commute
ST-87,1.24022391065454,-1.69626163936863,4,morning_commute
ST-870,-1.595525030519,-0.370740302621819,3,morning_commute
ST-871,-1.59138827373798,-0.179372636577407,3,morning_commute
ST-872,-1.99686224203784,-0.977611737952633,3,morning_commute
ST-873,-1.21110093287298,-1.0574170361602,3,morning_commute
ST-874,-1.35958247678857,-0.171162526643317,3,morning_commute
ST-875,-1.18448441199981,-0.57749197440367,3,morning_commute
ST-876,-1.14435296324165,-0.333133807823757,3,morning_commute
ST-877,0.836408722907495,-1.13931859699525,4,morning_commute
ST-879,1.53101433576443,1.32990754439847,1,morning_commute
ST-88,1.1882988265638,-1.64709322515964,4,morning_commute
ST-880,2.05413348823145,1.54664785826361,1,morning_commute
ST-881,1.6320362867376,1.75085510078906,1,morning_commute
ST-882,-0.365072265827047,-1.25796275633981,4,morning_commute
ST-883,-0.964359448864905,-0.830597987444739,3,morning_commute
ST-884,-0.356439565568513,-1.27338832163147,4,morning_commute
ST-885,3.14436099318501,0.823332262333187,1,morning_commute
ST-886,-0.414932957559414,-0.737472378634527,4,morning_commute
ST-887,-0.194811265059241,-0.869947515622535,4,morning_commute
ST-889,1.52000669789459,1.77908314803664,1,morning_commute
ST-89,1.22791062511324,-1.88005837879955,4,morning_commute
ST-890,1.62441510424267,1.70388793283874,1,morning_commute
ST-891,0.932709642500473,0.529486602473158,1,morning_commute
ST-892,0.836535077556838,0.673565953912603,1,morning_commute
ST-894,1.02437586027576,0.308875155484648,1,morning_commute
ST-895,0.757440922920498,1.33062148449393,1,morning_commute
ST-896,0.712501585703887,1.42876896407215,1,morning_commute
ST-897,0.842703339910027,1.48540765742109,1,morning_commute
ST-899,0.64751551305371,1.49836331395879,1,morning_commute
ST-9,1.16767890894586,-1.26682723398685,4,morning_commute
ST-90,1.14275504546126,-1.60005262282831,4,morning_commute
ST-900,0.586569851759313,1.7502035713014,1,morning_commute
ST-901,0.685785596423765,1.67649546761826,1,morning_commute
ST-902,-0.0506728697375134,1.72268058160254,2,morning_commute
ST-903,0.650271679139116,1.54060134987014,1,morning_commute
ST-904,0.548011375494051,1.59502274488036,1,morning_commute
ST-905,0.627089714460132,1.77984257166672,1,morning_commute
ST-906,0.48941676731572,1.63397002059229,1,morning_commute
ST-907,0.670769191722059,1.54430350090566,1,morning_commute
ST-908,0.906975171039952,0.375192605115738,1,morning_commute
ST-909,1.51411296949368,1.68855464585519,1,morning_commute
ST-91,1.22285159614049,-1.63811170670444,4,morning_commute
ST-910,-0.388735046789307,0.645373214300007,2,morning_commute
ST-912,-0.18210942252037,-0.0048746032663299,2,morning_commute
ST-913,0.129383090412066,0.458375625694601,2,morning_commute
ST-914,-0.219326770999086,1.05596776998796,2,morning_commute
ST-915,-0.289722188104229,1.44930665110863,2,morning_commute
ST-916,-0.0361424274545049,1.5730835235963,2,morning_commute
ST-918,-0.776138740125179,-1.06056931285486,3,morning_commute
ST-919,-1.37279468158735,-0.97286240844074,3,morning_commute
ST-92,1.25572701080888,-1.49305357463955,4,morning_commute
ST-920,-1.45344488659831,-0.810187483757168,3,morning_commute
ST-923,2.12373462910301,0.855125573802398,1,morning_commute
ST-924,2.34525432195056,0.953006786060202,1,morning_commute
ST-925,1.59677915252414,2.0914985453216,1,morning_commute
ST-926,1.25803854386923,2.28359318982167,1,morning_commute
ST-927,1.89143462985693,0.0381204037210348,1,morning_commute
ST-928,1.94027883283109,0.183822346644446,1,morning_commute
ST-929,1.39616233747722,1.67333423695855,1,morning_commute
ST-93,1.09655275369788,-1.4170759114607,4,morning_commute
ST-930,0.756718097944197,1.39936620345633,1,morning_commute
ST-931,-1.92030899603,1.0017566141996,2,morning_commute
ST-932,1.35148635223802,-0.867969112372063,4,morning_commute
ST-933,0.853726022314713,1.16955569531759,1,morning_commute
ST-934,2.85560500200592,-1.64891813561248,4,morning_commute
ST-935,2.03457488105327,0.586716322597981,1,morning_commute
ST-936,-0.987040661221837,-0.706379858886438,3,morning_commute
ST-937,1.29791917275514,1.70133118492669,1,morning_commute
ST-938,-0.220252767124066,-0.555004240302729,4,morning_commute
ST-939,-1.18108089273221,0.461194680829797,2,morning_commute
ST-94,1.42100609099508,-1.45993093650419,4,morning_commute
ST-941,-1.29771388830068,0.887786639755495,2,morning_commute
ST-942,-0.259876153657532,-0.191392617081805,4,morning_commute
ST-943,-1.51002852380137,0.557412076541902,2,morning_commute
ST-944,-1.47992105961842,0.460603377188019,2,morning_commute
ST-946,-1.13860781873973,0.926652511054477,2,morning_commute
ST-947,-1.34500367728232,0.736641627026777,2,morning_commute
ST-948,0.192525736953077,0.761553076989585,2,morning_commute
ST-949,1.99908080279797,0.464103919470085,1,morning_commute
ST-95,1.2263311614689,-1.59553706435804,4,morning_commute
ST-950,-0.870842497504203,-0.901011262217253,3,morning_commute
ST-951,-0.541890386837334,-0.692495374288524,4,morning_commute
ST-952,-1.07635480397215,-0.915001685835773,3,morning_commute
ST-953,1.98418748347874,0.935690990658947,1,morning_commute
ST-954,1.55772112027919,0.544828405971473,1,morning_commute
ST-955,1.07170038790103,-1.36788575866313,4,morning_commute
ST-956,1.27618101376382,1.31616902855562,1,morning_commute
ST-957,1.6105735368669,1.8178519464958,1,morning_commute
ST-958,1.45004289511006,1.70805786650706,1,morning_commute
ST-959,1.70979398372279,0.851316975785795,1,morning_commute
ST-96,1.15517305224257,-1.87138973288553,4,morning_commute
ST-960,0.834176909459846,1.48892731426255,1,morning_commute
ST-961,1.94002854761168,-0.045829339322659,1,morning_commute
ST-962,2.08571725634368,0.112867031226257,1,morning_commute
ST-963,2.04001577524539,-0.121461217117864,1,morning_commute
ST-964,0.178239672490623,0.363025891673324,2,morning_commute
ST-965,-0.150048248443272,-1.21947975086687,4,morning_commute
ST-966,1.53082205440489,1.16521204510052,1,morning_commute
ST-967,-0.514914548792245,-0.475472870239504,4,morning_commute
ST-968,0.561859509717472,-2.3656146432217,4,morning_commute
ST-97,-0.00804019595448132,-1.08864925501589,4,morning_commute
ST-970,0.330443359502436,0.55230143709291,1,morning_commute
ST-971,0.0165708225156002,0.737055939144696,2,morning_commute
ST-972,-0.076089407483946,-1.33130167554133,4,morning_commute
ST-973,-0.0441119103697067,-1.77987746630613,4,morning_commute
ST-974,-0.006212001165776,-1.43015599008939,4,morning_commute
ST-975,-2.42594449593769,-1.31828064490229,3,morning_commute
ST-976,-0.484042844198315,-1.12792106099185,4,morning_commute
ST-977,-1.24225617312752,0.541868057150563,2,morning_commute
ST-978,-1.29879463392084,0.752392674670406,2,morning_commute
ST-979,-1.61840181228026,0.539176157726063,2,morning_commute
ST-98,-0.199069524318021,-1.28549558497457,4,morning_commute
ST-980,0.236943705217002,-1.5439777917435,4,morning_commute
ST-981,0.717626223167454,1.36815756748036,1,morning_commute
ST-983,0.059910169150517,-0.56186950800555,4,morning_commute
ST-984,0.336994708267559,-1.38021246688232,4,morning_commute
ST-985,-0.113608734512411,-0.920150669423877,4,morning_commute
ST-986,0.485351049348285,-1.09441341161393,4,morning_commute
ST-987,0.161808597076675,-1.19783289918407,4,morning_commute
ST-988,-0.146182153062375,-1.52973561281777,4,morning_commute
ST-99,0.0345749351682061,-1.40265434512322,4,morning_commute
ST-990,1.16078773938985,-1.66355943160722,4,morning_commute
ST-991,1.28818949491158,-1.53847166524254,4,morning_commute
ST-992,0.649216130339383,-0.247131030745062,4,morning_commute
ST-993,-1.6019526660669,-1.1122804001123,3,morning_commute
ST-994,-1.25347420709692,-1.61135130089235,3,morning_commute
ST-995,-1.71101173545492,-1.21561650756487,3,morning_commute
ST-996,-2.01868648822465,-0.569664833687578,3,morning_commute
ST-997,-1.20091313266529,-1.74871068459515,3,morning_commute
ST-10,0.824393170326751,-1.58244299997188,4,non_commute
ST-1000,-1.45410509563745,-1.15970379713945,3,non_commute
ST-1002,-1.40076522935054,-1.37247668090472,3,non_commute
ST-1003,0.463468924438495,-1.93243794632785,4,non_commute
ST-1004,-1.98879231978487,-0.628673242349447,3,non_commute
ST-1005,-1.63485990710524,-1.0740565514824,3,non_commute
ST-1006,-1.42596620912283,-1.50271696857836,3,non_commute
ST-1007,-1.99149562323104,-0.678945473942809,3,non_commute
ST-1008,-2.01288916104371,-0.968508252026276,3,non_commute
ST-101,2.9232378538929,-0.891468562716254,4,non_commute
ST-1010,-2.2380299136929,-0.882920359788639,3,non_commute
ST-1011,-2.19310824697088,-0.883654644005187,3,non_commute
ST-1012,-2.34790474834089,-0.969952661591543,3,non_commute
ST-1013,-1.72540555733703,-1.74713800164709,3,non_commute
ST-1014,-1.95116067046627,-0.055678404403983,1,non_commute
ST-1015,-1.41657251298561,-1.41831377598576,3,non_commute
ST-1016,-2.11071835533626,-0.709449809045215,3,non_commute
ST-1017,-1.4637812038286,-1.47809390492207,3,non_commute
ST-1018,-1.33673299516312,-1.31559743928832,3,non_commute
ST-1019,-1.28787418572244,-1.5496354006886,3,non_commute
ST-102,0.141667376541009,-1.60078145065551,4,non_commute
ST-1020,3.21630993837337,0.925487053499546,2,non_commute
ST-1023,0.64065143315113,1.85992834952976,2,non_commute
ST-1024,1.06072225354862,1.95469779231211,2,non_commute
ST-1025,0.761919865660404,-0.323862807490254,4,non_commute
ST-1027,0.497016190923431,1.41649382429885,2,non_commute
ST-1028,0.41732512888544,1.99933074492661,2,non_commute
ST-1029,0.630993441795755,-0.274350018271034,4,non_commute
ST-103,-0.017127380529071,-0.503875641870695,4,non_commute
ST-1031,0.610186540575387,2.34292958687687,2,non_commute
ST-1032,0.569882951917745,0.156603397060083,4,non_commute
ST-1033,0.10301417640391,0.373351535197422,1,non_commute
ST-1034,0.780457026833542,-1.07702182020089,4,non_commute
ST-1035,0.427433983089701,0.903238016469334,2,non_commute
ST-1036,0.685248565014734,-0.418713395120823,4,non_commute
ST-1037,1.18790217007397,-1.93011480695289,4,non_commute
ST-1038,0.611640726066752,0.762337848711438,2,non_commute
ST-1039,0.297010089486398,0.763264336832745,2,non_commute
ST-104,-2.54270224011317,0.684817898795183,1,non_commute
ST-1040,1.79586636291439,1.59175909468302,2,non_commute
ST-1041,1.55861306848937,-0.15653722391952,4,non_commute
ST-1042,1.62246859676563,1.41376807620712,2,non_commute
ST-1043,-0.496069669419946,3.40248412381095,2,non_commute
ST-1044,1.58106303634534,0.229691146642633,2,non_commute
ST-1045,1.5595444792721,-0.15652923382708,4,non_commute
ST-1046,1.53956515599056,-0.148728462132636,4,non_commute
ST-1047,1.42142433489115,-0.180637251291304,4,non_commute
ST-1048,1.85850418969797,1.02749582313617,2,non_commute
ST-1049,1.95221778506865,0.991571366845124,2,non_commute
ST-105,0.227518815702806,-1.2332883749945,4,non_commute
ST-1050,1.81404053338204,1.37377465109118,2,non_commute
ST-1051,1.74767038463485,1.63097665216477,2,non_commute
ST-1052,1.11420677530311,1.78909379478421,2,non_commute
ST-1053,1.82436903726252,1.12252792250215,2,non_commute
ST-1054,1.72603494755722,1.86514876128148,2,non_commute
ST-1055,2.0477250822907,1.73239665090744,2,non_commute
ST-1056,1.39355782145898,1.83975944723381,2,non_commute
ST-1058,1.91405370177716,1.56214364634713,2,non_commute
ST-1059,1.78948655104674,1.73640226010076,2,non_commute
ST-106,-1.34391038442257,-3.59910161410859,3,non_commute
ST-1061,1.56524507747433,0.196619780333877,2,non_commute
ST-1062,-2.58868445881861,-1.12164640454518,3,non_commute
ST-1063,-2.60420252778944,-1.29015586313752,3,non_commute
ST-1064,-2.70202198076465,-1.18372125990316,3,non_commute
ST-1065,-2.55760842114355,-1.41109009317393,3,non_commute
ST-1067,-2.21328875025503,-1.43324163762679,3,non_commute
ST-1069,-2.13519384994948,-1.33774516790997,3,non_commute
ST-107,1.41377666176156,-1.67986105149294,4,non_commute
ST-1070,1.54185984416868,-0.162249205653952,4,non_commute
ST-1072,0.869000853208097,0.573049751069688,2,non_commute
ST-1075,0.0959448318930466,0.928213827278052,1,non_commute
ST-1076,0.225055499629832,1.05909968966091,2,non_commute
ST-1077,0.354239135506427,0.854742173638794,2,non_commute
ST-1078,1.38563337144126,0.306391184510354,2,non_commute
ST-1079,1.26720843619462,-0.0691621675765382,4,non_commute
ST-108,0.557830341556014,-1.31884330527334,4,non_commute
ST-1081,1.5510276862531,-0.0685470119854241,4,non_commute
ST-1082,-0.0624787262172019,1.86500697348458,2,non_commute
ST-1083,1.64548213095027,-0.139885641575144,4,non_commute
ST-1084,0.0230212691867228,1.47000477134476,2,non_commute
ST-1085,0.0999983857584142,1.57017785445873,2,non_commute
ST-1086,1.66760108077538,-0.229037552712566,4,non_commute
ST-1087,1.68125638593647,-0.440120083909501,4,non_commute
ST-1088,1.75442622821798,-0.202926251794465,4,non_commute
ST-1089,0.731026432640502,0.7952168362157,2,non_commute
ST-109,0.175758262651154,-0.964945773608461,4,non_commute
ST-1092,1.70169960032708,-0.137221218633278,4,non_commute
ST-1093,-0.0462326998241505,0.711600053231367,1,non_commute
ST-1094,-0.845723206311926,2.5276657474763,1,non_commute
ST-1095,-0.0856548221867155,0.215029481506182,1,non_commute
ST-1096,0.96114776388743,2.06710410500211,2,non_commute
ST-1097,-0.260391728110132,0.554113661942488,1,non_commute
ST-1098,-0.186686223150141,0.477383412494507,1,non_commute
ST-1099,-0.12215179349697,0.491394887658096,1,non_commute
ST-11,2.21609490873889,-0.61282339915892,4,non_commute
ST-110,1.25159433275187,-1.60940032696763,4,non_commute
ST-1100,2.06295314571929,0.982739387003218,2,non_commute
ST-1101,0.992696567448348,1.39700161120441,2,non_commute
ST-1102,0.439169851214861,1.67595822680263,2,non_commute
ST-1103,1.36681569968141,1.33332375091931,2,non_commute
ST-1104,1.85194174211503,0.932446318915123,2,non_commute
ST-1105,0.523952202774505,1.21300722671964,2,non_commute
ST-1106,1.42492452834283,1.11266740947197,2,non_commute
ST-1107,1.24521038209413,0.715067824915827,2,non_commute
ST-1108,3.39355446601753,-0.280721697856229,4,non_commute
ST-1109,1.63574968218081,0.920173545393696,2,non_commute
ST-111,0.583746118055238,-1.34913432257927,4,non_commute
ST-1110,1.4593956805116,1.09083100963593,2,non_commute
ST-1111,0.217028188943865,0.702854963320601,2,non_commute
ST-1114,1.07297225243801,0.583136367317125,2,non_commute
ST-1118,0.0694167766098087,0.106694327597875,1,non_commute
ST-1119,0.196660199850702,0.349682830000621,1,non_commute
ST-112,0.253171663706894,-1.2070991281195,4,non_commute
ST-1120,0.209865040938537,-0.295517917710881,4,non_commute
ST-1121,0.00738540163482936,0.0594991229564021,1,non_commute
ST-1122,-0.228204500503667,0.0354578345811573,1,non_commute
ST-1123,0.0828247879978198,0.121891892105608,1,non_commute
ST-1124,0.0461285890853351,0.0363539273843116,1,non_commute
ST-1125,0.304312941398231,0.314694879635579,2,non_commute
ST-1127,0.164330022049183,-0.0176176206522704,4,non_commute
ST-1128,-0.110591244947607,0.318343503928881,1,non_commute
ST-1129,1.77020438992968,1.08144019214015,2,non_commute
ST-113,2.59909113839231,0.776599310442446,2,non_commute
ST-1130,1.25134139986556,0.784529315403109,2,non_commute
ST-1131,1.9590949861136,1.14668070633194,2,non_commute
ST-1132,0.197618202358649,0.88288227923781,2,non_commute
ST-1133,0.0393465696527229,0.309390892322457,1,non_commute
ST-1135,0.645594070439953,0.522865278727858,2,non_commute
ST-1136,0.728497843465502,0.137527066978753,4,non_commute
ST-1137,-0.815844915303146,-2.67094012962037,3,non_commute
ST-114,0.168155948687521,-1.22058511031625,4,non_commute
ST-1140,-1.43605203615569,0.130366669748543,1,non_commute
ST-1141,-1.67805686777618,-0.0445108793564061,1,non_commute
ST-1142,-1.55286390653181,-0.0111576139640969,1,non_commute
ST-1143,-1.43997814942099,0.891544894381294,1,non_commute
ST-1144,-0.666149880797593,-0.526356833612703,3,non_commute
ST-1146,-1.51636127716181,1.61959327974942,1,non_commute
ST-1147,-1.51054657414837,0.237582926202978,1,non_commute
ST-1148,-1.08041625326751,0.379429022883396,1,non_commute
ST-1149,-1.75299852823382,0.145626714419067,1,non_commute
ST-1150,0.23219564656936,-1.64945562539226,4,non_commute
ST-1151,-0.537607219766204,-1.79721768432125,3,non_commute
ST-1152,1.55078713196025,-0.729460065765555,4,non_commute
ST-1153,3.1833194750733,1.46360049363784,2,non_commute
ST-1154,1.62153001863791,-0.550826667826013,4,non_commute
ST-1156,0.0898858686043457,-1.83643094079169,4,non_commute
ST-1157,2.97743377257455,-1.40635915358445,4,non_commute
ST-1158,1.61462395823526,0.919205029502782,2,non_commute
ST-116,-1.62337568744279,0.185868316993397,1,non_commute
ST-1160,-2.52261902754225,1.86994298456683,1,non_commute
ST-1161,2.4632915196812,0.566368501857005,2,non_commute
ST-1162,0.638548775202726,2.37091986406787,2,non_commute
ST-1163,1.38391118107375,-0.45530840833112,4,non_commute
ST-1164,1.61858260872944,0.776501425767395,2,non_commute
ST-1165,1.09475659334445,1.86076638524924,2,non_commute
ST-1166,0.883229162799726,1.91368152143027,2,non_commute
ST-1167,0.354862319222191,0.937564407217019,2,non_commute
ST-1168,1.11837496620987,1.86667517261086,2,non_commute
ST-1169,1.92177259616744,0.0855696144591815,4,non_commute
ST-117,-2.03492092232064,0.709259917585854,1,non_commute
ST-1170,3.64013526776368,-0.642096398272357,4,non_commute
ST-1171,2.13376719286438,0.230318313874161,2,non_commute
ST-1172,1.87838052772449,0.206830412878569,2,non_commute
ST-1173,2.06884150571091,0.291914213071609,2,non_commute
ST-1174,2.13247556453897,0.50195494257945,2,non_commute
ST-1177,0.802465737330446,2.1621322062872,2,non_commute
ST-1178,1.58156272409266,1.20239798590916,2,non_commute
ST-1179,1.53830170380117,0.651182179610546,2,non_commute
ST-118,-2.04485479118656,0.515713054600912,1,non_commute
ST-1180,1.71077545790417,1.46001509306334,2,non_commute
ST-1181,1.29496663236475,1.07522086289604,2,non_commute
ST-1182,1.4496209541517,1.45188461135303,2,non_commute
ST-1184,0.287786037994299,1.85455533075762,2,non_commute
ST-1185,0.329201908912346,1.78871190478001,2,non_commute
ST-1186,0.372730677125759,1.65269809812636,2,non_commute
ST-1188,-1.85339834135922,0.0338499087920909,1,non_commute
ST-1189,1.0445823923517,-1.45490033261882,4,non_commute
ST-119,-2.04282405560836,0.522795811234748,1,non_commute
ST-1190,0.97860650940649,-1.51854287078837,4,non_commute
ST-1191,0.681818938205881,-1.23169427139855,4,non_commute
ST-1192,-0.139608300837169,-1.20057485118381,4,non_commute
ST-1193,0.00635370795727982,-1.69739690978226,4,non_commute
ST-1194,-0.183995653872976,-1.02407999963347,4,non_commute
ST-1195,0.063415611900438,-0.576322286765047,4,non_commute
ST-1197,-0.794594707176421,0.0868069790990697,1,non_commute
ST-1198,-0.698007709046291,0.0706026123221425,1,non_commute
ST-1199,0.395431395741656,-1.16163697793961,4,non_commute
ST-12,0.935159820717809,-1.40591479835755,4,non_commute
ST-120,-2.46146210081615,-1.5321078954453,3,non_commute
ST-1200,-1.09293021436582,0.90556231537876,1,non_commute
ST-1201,-0.768370499078916,0.895113904116243,1,non_commute
ST-1202,-0.904698369138847,1.27859814760357,1,non_commute
ST-1203,0.215457597384628,1.23443647413604,2,non_commute
ST-1204,1.31963282549518,0.674464163886891,2,non_commute
ST-1206,-1.04234372073035,1.7824162934091,1,non_commute
ST-1207,-1.00808762485638,1.50278463125386,1,non_commute
ST-1208,-0.982946424614492,1.2990008564808,1,non_commute
ST-121,-1.96083683354365,0.461233271269123,1,non_commute
ST-1210,-0.580434791487132,1.48447400349186,1,non_commute
ST-1211,-0.687914970275242,1.48507090925919,1,non_commute
ST-1212,-0.12249949178487,1.38928700892898,1,non_commute
ST-1213,1.40051797457321,0.666126769988716,2,non_commute
ST-1215,-0.901507511119136,0.65399766243161,1,non_commute
ST-1216,-0.98982998336805,1.069026246187,1,non_commute
ST-1217,0.0918697231827696,1.37823790384644,2,non_commute
ST-1218,-1.01850474722379,-1.14535246268575,3,non_commute
ST-1219,-1.17765835999103,-0.234085357423246,1,non_commute
ST-122,-1.17281560959501,-1.61065689253905,3,non_commute
ST-1220,-1.05416171223275,-1.0231752606934,3,non_commute
ST-1221,-1.33450805628077,-0.946635023053056,3,non_commute
ST-1222,-1.009954272269,-1.21308971421082,3,non_commute
ST-1223,-1.05204507046356,-1.29224404268566,3,non_commute
ST-1224,-1.2407785418108,-0.627007858182973,3,non_commute
ST-1226,-1.36089805077385,-0.211065980880674,1,non_commute
ST-1227,-1.55843831419792,-0.143591927321646,1,non_commute
ST-1228,-1.34416059751444,-0.460202866897775,3,non_commute
ST-1229,-1.75634421653158,0.0272296035651165,1,non_commute
ST-123,-1.95111327161416,0.51345929145232,1,non_commute
ST-1230,-0.841954236986141,2.31704573583461,1,non_commute
ST-1231,-1.93073156940734,-0.115180604842627,1,non_commute
ST-1233,-1.59835740841434,0.737925545649892,1,non_commute
ST-1235,-1.37055604597386,1.12552014623484,1,non_commute
ST-1236,-1.23709559852955,-1.05980389516725,3,non_commute
ST-1237,-1.1956429524803,-0.922263108714329,3,non_commute
ST-1238,-1.10054067474547,-0.826830113917148,3,non_commute
ST-1239,-1.53174065374868,1.09488883161281,1,non_commute
ST-124,-1.90988790090291,0.450670911751185,1,non_commute
ST-1241,-1.23850761901912,-0.235539296957523,1,non_commute
ST-1243,-1.53270438977651,1.15256292128459,1,non_commute
ST-1245,1.55386549649318,1.11154146993027,2,non_commute
ST-1246,1.91203207471884,0.737820863171259,2,non_commute
ST-1247,1.05902675326568,1.04989947773288,2,non_commute
ST-1248,0.530746673586179,1.72439044354345,2,non_commute
ST-1249,-2.1318039139637,-1.42717717052241,3,non_commute
ST-125,-1.80839612938002,0.40981400431238,1,non_commute
ST-1250,-2.2675801128113,-1.48196246104991,3,non_commute
ST-1251,-2.47371019276048,-1.47978308060485,3,non_commute
ST-1252,-2.671745739479,-1.10976782326954,3,non_commute
ST-1253,-2.63076939984351,-1.31908322279147,3,non_commute
ST-1254,-2.52117680206668,-1.29435257600379,3,non_commute
ST-1259,-0.223918308338001,-1.19970707703561,4,non_commute
ST-126,-1.90194501092355,0.450514659449497,1,non_commute
ST-1260,-0.0502370313159538,-0.54815093907538,4,non_commute
ST-1262,0.229153710579221,-1.2855499192576,4,non_commute
ST-1263,-0.197147099745922,-0.797531173157614,4,non_commute
ST-1264,0.00400627347370644,-1.49327250829963,4,non_commute
ST-1265,-0.90261753453796,-0.860592160089386,3,non_commute
ST-1266,-0.188303804060636,-0.564985259571926,4,non_commute
ST-1267,-0.753754820413558,-0.974236148528227,3,non_commute
ST-1268,-0.287745073539459,-1.37068646404012,3,non_commute
ST-1269,-0.0846978300739865,-1.26733712648391,4,non_commute
ST-127,-1.08131060779966,2.32161439588129,1,non_commute
ST-1270,-0.712564023077445,-1.31033354403359,3,non_commute
ST-1271,0.0496267082131739,-0.831121385371938,4,non_commute
ST-1273,-1.17122588420809,-1.10370329093367,3,non_commute
ST-1274,-3.39402890170266,-0.869225392960482,3,non_commute
ST-1275,-1.10045437232904,-1.00562333336298,3,non_commute
ST-1276,-1.3968368853137,-0.518903995111934,3,non_commute
ST-1277,-1.90552558600734,0.118451766278505,1,non_commute
ST-1278,0.12294013348061,0.366512531320868,1,non_commute
ST-1279,0.327766961936724,0.477385185192159,2,non_commute
ST-128,-2.85313452983141,0.745166933368118,1,non_commute
ST-1280,1.06596789710521,0.879643544745915,2,non_commute
ST-1281,0.0694972882694327,0.396792657876254,1,non_commute
ST-1282,0.066864901761873,0.0889883215933737,1,non_commute
ST-1283,0.556127383709619,-0.147070541380756,4,non_commute
ST-1284,0.0804564986962315,-0.0745747504874727,4,non_commute
ST-1285,-0.0756916302692178,0.230821406947712,1,non_commute
ST-1286,0.0870558024755831,-0.0256816483946805,4,non_commute
ST-1287,0.123064352713033,-0.0147487011123459,4,non_commute
ST-1288,0.236479091284723,0.794460589539226,2,non_commute
ST-1289,0.332639299079976,0.425402506177126,2,non_commute
ST-1290,-0.279486478576963,-2.59402759818696,3,non_commute
ST-1291,0.243493370111354,0.369746761060508,1,non_commute
ST-1292,0.309191989887208,0.342721641967024,2,non_commute
ST-1293,2.95102106191635,-0.554202653262858,4,non_commute
ST-1295,1.40773143637635,1.02407300807037,2,non_commute
ST-1296,0.935454984749605,0.616779159499927,2,non_commute
ST-1297,0.682764389150006,0.115790043601297,4,non_commute
ST-1298,-1.64577607220331,-3.21816616391576,3,non_commute
ST-1299,-1.08773229612565,1.50808029587061,1,non_commute
ST-13,3.26931450871926,-0.209201026168537,4,non_commute
ST-130,-1.99216522548675,0.495019757336903,1,non_commute
ST-1300,-0.244242849870098,0.208791769705475,1,non_commute
ST-1302,0.106458934361822,0.461829035880953,1,non_commute
ST-1303,3.02837980727613,-0.71038733570824,4,non_commute
ST-1305,1.5895129715923,0.872365316256976,2,non_commute
ST-1306,1.51693374413532,0.74778560651763,2,non_commute
ST-1307,1.17483680559563,-0.964557157410695,4,non_commute
ST-1308,3.20712857617001,0.0245681282328465,2,non_commute
ST-1309,1.55765329535986,-0.577048982583613,4,non_commute
ST-131,0.921067873108881,-1.43819118882716,4,non_commute
ST-1310,-0.765817624477308,1.4891578650021,1,non_commute
ST-1311,1.78311229704864,1.35212783942268,2,non_commute
ST-1312,-0.583237125048247,2.07145974164476,1,non_commute
ST-1313,0.395211753129613,2.15916850275593,2,non_commute
ST-1314,1.19577126190805,1.77509390633609,2,non_commute
ST-1315,3.12850584235516,2.00433999230691,2,non_commute
ST-1316,2.88229464100894,-0.784281670739831,4,non_commute
ST-1317,-0.414731334420137,0.801963098287496,1,non_commute
ST-1319,0.451488337757103,-2.08345357039495,4,non_commute
ST-132,-1.98892316388298,0.429449150222825,1,non_commute
ST-1320,-0.909408274782118,-1.93213985504551,3,non_commute
ST-1321,-0.611894982850881,-2.07618956752983,3,non_commute
ST-1322,1.70667006565179,-2.27531848973288,4,non_commute
ST-1323,-1.02572732351392,-1.07536548044277,3,non_commute
ST-1324,-0.757292361970701,-0.00489231268264206,1,non_commute
ST-1325,-0.294754047956796,-0.547219153945792,4,non_commute
ST-1326,0.576666428428449,-1.28218749633266,4,non_commute
ST-1327,0.179903553125534,-0.994042052585694,4,non_commute
ST-1328,3.01822183200967,-0.168074003589472,4,non_commute
ST-1329,0.508652969571569,2.00520384130469,2,non_commute
ST-1331,0.733695436048879,-0.587978585175589,4,non_commute
ST-1332,-0.272543898705833,0.742087349364709,1,non_commute
ST-1333,-0.0190346576279092,1.00858940101329,1,non_commute
ST-1334,-0.1079834550405,0.453561048662312,1,non_commute
ST-1335,-0.219232706063093,0.441607308530112,1,non_commute
ST-1336,1.60442440810051,-1.8943024948408,4,non_commute
ST-1337,0.122121116889858,-1.43473028086684,4,non_commute
ST-1338,-2.65915176672484,-1.30989909569308,3,non_commute
ST-1339,0.965763810822999,-1.3483334432058,4,non_commute
ST-134,-1.85128114266692,0.541571411519345,1,non_commute
ST-1341,-0.168323913011491,-0.731164828844272,4,non_commute
ST-1342,-0.36686350202218,-0.519674019462434,1,non_commute
ST-1343,-0.281942267304429,-0.885368636876102,4,non_commute
ST-1344,1.53966899859869,-0.469157435602854,4,non_commute
ST-1345,-0.10816583667317,1.50322821759474,1,non_commute
ST-1346,-0.234343018872908,0.873958514868074,1,non_commute
ST-1347,2.18855402955012,-2.35453569052504,4,non_commute
ST-1348,0.709799311245958,0.61430754136584,2,non_commute
ST-1349,-0.0543237781826806,0.871186814614247,1,non_commute
ST-1350,-1.465347522578,-1.39985603476611,3,non_commute
ST-1351,-2.44573341272742,-1.38529658815861,3,non_commute
ST-1352,-2.6494415196673,-1.13490377211116,3,non_commute
ST-1353,-0.796067996047503,-1.50937064056909,3,non_commute
ST-1354,-1.59801908198738,-0.193329087236391,1,non_commute
ST-1355,1.84556417186497,-0.937605381981652,4,non_commute
ST-1356,0.0269227266263106,-2.19947871908613,4,non_commute
ST-1357,-0.80557556984586,-1.12655157160548,3,non_commute
ST-1359,0.757475992778149,2.44983998447667,2,non_commute
ST-136,-1.93277603640454,0.461198042251663,1,non_commute
ST-1360,1.12623010726667,1.76868500444071,2,non_commute
ST-1361,0.990596097364226,1.99636822984682,2,non_commute
ST-1364,0.261730289481387,1.7703750811428,2,non_commute
ST-1365,2.25009598050653,0.789978293003542,2,non_commute
ST-1366,1.41242411223356,1.92899464840327,2,non_commute
ST-1367,0.593842872875441,1.09527893289392,2,non_commute
ST-1369,-1.12984272629894,-2.64602701124417,3,non_commute
ST-137,-1.9210912611963,0.580239961640202,1,non_commute
ST-1370,1.40057547646718,0.0452448495779048,4,non_commute
ST-1371,2.02535066989466,1.89671753295687,2,non_commute
ST-1372,-1.23966447807668,0.476215169984256,1,non_commute
ST-1373,-1.70449282944359,0.141445071333103,1,non_commute
ST-1374,-1.81640462687591,0.4636194935095,1,non_commute
ST-1375,-0.327299308783589,0.635466981774438,1,non_commute
ST-1376,-0.364964694946374,-0.318825339339975,1,non_commute
ST-1377,-1.27085454798284,2.34155144203144,1,non_commute
ST-1378,0.0747872441756087,-1.43164302079353,4,non_commute
ST-1379,0.0652433097113925,-1.11650015775348,4,non_commute
ST-138,-1.73779585420589,0.414975951852855,1,non_commute
ST-1380,-0.285076264452308,0.794362975202617,1,non_commute
ST-1381,-0.338194821836496,0.438911802713524,1,non_commute
ST-1383,-0.677629781522764,1.36696853210251,1,non_commute
ST-1384,-0.561579271851672,1.42593769342984,1,non_commute
ST-1385,3.44537496564025,-0.342468195806269,4,non_commute
ST-1386,-0.414432148670637,1.49110846487868,1,non_commute
ST-1387,1.95696986263776,1.31175133599347,2,non_commute
ST-1388,2.38395202677038,1.21610303821474,2,non_commute
ST-1389,2.00333816552462,0.897089843565907,2,non_commute
ST-1390,1.81221027782354,0.980229173514472,2,non_commute
ST-1391,1.4187406110824,1.97552382865968,2,non_commute
ST-1392,1.03558594503963,1.69961997422071,2,non_commute
ST-1394,-1.01185243264801,-0.199061199497003,1,non_commute
ST-1395,0.637192445859999,0.749864450502707,2,non_commute
ST-1396,1.20761415756235,0.329471172636523,2,non_commute
ST-1397,1.13127668515546,-1.63164719073838,4,non_commute
ST-1398,-1.93107805205768,-0.366904049380835,3,non_commute
ST-14,3.0109148423222,0.452460700080272,2,non_commute
ST-140,-1.56622786582023,0.36823737016005,1,non_commute
ST-1400,-1.70687535139096,-1.46746258028154,3,non_commute
ST-1402,-2.7496700789292,-1.14011934216865,3,non_commute
ST-1403,-1.38212250415641,-0.35409467214741,3,non_commute
ST-1404,1.53920291735912,1.3585103059196,2,non_commute
ST-1405,1.80859623802285,1.23806834931079,2,non_commute
ST-1406,1.41474137774889,1.58273419497658,2,non_commute
ST-1407,0.354677680773224,1.89058990871394,2,non_commute
ST-1408,0.505274556806465,1.18419681312865,2,non_commute
ST-1409,1.6981221643527,-0.458814003867163,4,non_commute
ST-1410,0.274839964009218,0.681732055493254,2,non_commute
ST-1411,2.91997100023394,1.55986983206896,2,non_commute
ST-1413,0.582425925743978,0.880033454224068,2,non_commute
ST-1414,1.39401300573773,1.21003969108377,2,non_commute
ST-1416,0.261526388705696,1.54180927733856,2,non_commute
ST-1417,0.286283077597059,1.58463536293623,2,non_commute
ST-1418,-0.00578142538771799,1.58377444168602,2,non_commute
ST-1419,0.401746500212588,1.39704199079701,2,non_commute
ST-142,-1.81097313751855,0.588812019999561,1,non_commute
ST-1420,1.44755677311392,-0.0901869201107735,4,non_commute
ST-1421,1.87036228675777,0.920119834776205,2,non_commute
ST-1422,1.66322552395742,-0.216583490404873,4,non_commute
ST-1423,1.50265251528013,0.933473767275134,2,non_commute
ST-1424,-1.12440261639934,1.54850273592543,1,non_commute
ST-1425,0.0455372153893062,-0.11531777590538,4,non_commute
ST-1426,0.0321789040613063,0.423024729890826,1,non_commute
ST-1427,-0.156838238701396,-0.743575906394575,4,non_commute
ST-1428,-2.34284205494935,-0.000634426733627272,1,non_commute
ST-1429,0.00200605543394638,-1.52149771090689,4,non_commute
ST-143,-1.86543269613298,0.526568568743475,1,non_commute
ST-1432,-1.56942258819571,0.158166890643183,1,non_commute
ST-1433,2.08328322881595,0.875495818662897,2,non_commute
ST-1434,0.463110101603693,0.0836553867097962,4,non_commute
ST-1435,-1.5808121474314,0.62715807588825,1,non_commute
ST-1436,-0.527534919478169,-0.0542800713440728,1,non_commute
ST-1437,-1.78678991584032,0.518384863448446,1,non_commute
ST-1438,0.33224607031508,1.27057964770437,2,non_commute
ST-1439,-1.20185310480138,0.438364629918348,1,non_commute
ST-144,-1.79614013541262,0.491214956675427,1,non_commute
ST-1440,-1.24167295190395,0.296347240940129,1,non_commute
ST-1441,1.42524140652392,-0.739829857902208,4,non_commute
ST-1442,0.41040024602588,-1.0846487917091,4,non_commute
ST-1443,0.371080621530894,-0.969080664967817,4,non_commute
ST-1445,0.712867955907264,-0.705295498679564,4,non_commute
ST-1446,-0.0119868421822777,-0.856702292869559,4,non_commute
ST-1447,-0.1511132610452,-0.302251377961528,4,non_commute
ST-1449,-0.227344260378998,1.35832101878951,1,non_commute
ST-145,-1.6341857609648,0.541600412690542,1,non_commute
ST-1451,-0.218397654905936,0.549290593879948,1,non_commute
ST-1452,0.972543753223308,0.163911050610894,4,non_commute
ST-1454,1.29638184449362,-1.70040132299147,4,non_commute
ST-1455,-0.843251957666616,0.764909701244806,1,non_commute
ST-1456,-1.11161749022651,1.67185853365008,1,non_commute
ST-1457,-1.17994301536563,1.96107718217913,1,non_commute
ST-1458,0.373167781137856,0.779562775695772,2,non_commute
ST-1459,-0.820044280929666,1.5841782902754,1,non_commute
ST-146,-1.12752955173917,-2.86710798860491,3,non_commute
ST-1460,-0.862981305218721,1.27147090730571,1,non_commute
ST-1461,0.833205185447221,0.429570411112579,2,non_commute
ST-1462,0.350702300814172,0.50125953982264,2,non_commute
ST-1463,1.00714441391235,0.372366677243695,2,non_commute
ST-1464,0.582532517452464,0.417089962396065,2,non_commute
ST-1465,0.974886480763513,0.777581338015457,2,non_commute
ST-1466,1.13273959650321,0.487853970927566,2,non_commute
ST-1467,0.725079645025678,0.472635573439001,2,non_commute
ST-1468,1.15103672256559,0.641371886257824,2,non_commute
ST-1469,1.56382067530036,0.954064661575274,2,non_commute
ST-147,-1.9754615852073,0.438168666824573,1,non_commute
ST-1470,0.0755510732992224,0.374324363514691,1,non_commute
ST-1473,0.00961729155944549,0.106381927766441,1,non_commute
ST-1474,0.105057938637979,0.617222906870543,1,non_commute
ST-1475,-0.13507392352977,0.00578961861590149,1,non_commute
ST-1476,0.410029528643177,0.252892589967284,4,non_commute
ST-1477,-3.67135106126038,2.57629013345266,1,non_commute
ST-1479,0.584212422684704,-0.352874422616935,4,non_commute
ST-148,-1.743706405457,0.415787346195315,1,non_commute
ST-1480,0.497343240956282,1.88329554587671,2,non_commute
ST-1481,0.453104018887122,1.95607377405303,2,non_commute
ST-1482,-2.53158833272497,-2.16162270880815,3,non_commute
ST-1483,0.525390962865977,1.80737918351009,2,non_commute
ST-1484,0.740078410619166,0.10169260241305,4,non_commute
ST-1485,0.523194387708865,0.447522072112971,2,non_commute
ST-1486,0.607631371672927,-0.431071735682543,4,non_commute
ST-1487,0.0317861548493246,-0.0822821359740816,4,non_commute
ST-1488,1.04935488067734,-0.59901210470017,4,non_commute
ST-1489,0.327020541183506,2.36248661494559,2,non_commute
ST-1490,0.835051147526806,2.18842402234519,2,non_commute
ST-1491,1.29144619276531,-0.954455786639713,4,non_commute
ST-1492,-1.0751670992586,-0.261449774358758,1,non_commute
ST-1493,1.02175672114833,-0.94649573069719,4,non_commute
ST-1494,0.0807388199637584,-1.42951090607578,4,non_commute
ST-1495,-1.48763878625543,-1.4202255770184,3,non_commute
ST-1496,-1.45793049086006,-1.50525365612358,3,non_commute
ST-1497,-1.300645946168,-1.69762572462177,3,non_commute
ST-1498,-2.12855095438097,-0.565733517664663,3,non_commute
ST-1499,-1.63642913509404,-1.09422118689375,3,non_commute
ST-15,0.792233233282544,-1.58828007949442,4,non_commute
ST-150,-1.68652120359891,0.58844334495357,1,non_commute
ST-1500,-1.85732608588473,-0.926292150666698,3,non_commute
ST-1501,-1.75665637042736,-0.765350230384013,3,non_commute
ST-1503,-1.10642218174172,-1.43728228030827,3,non_commute
ST-1504,-1.35112134927072,-0.986311261791378,3,non_commute
ST-1505,1.1572323481005,-2.91031413040752,4,non_commute
ST-1506,-1.63666451313889,-1.77786391730288,3,non_commute
ST-1507,-1.79200906061178,-1.74971572300088,3,non_commute
ST-1508,-1.79214728148236,-1.6144995762463,3,non_commute
ST-1509,-2.17613585406153,-1.41279972459934,3,non_commute
ST-151,-1.65851721329471,0.487025982256882,1,non_commute
ST-1510,-2.11663310416003,-1.40872368475921,3,non_commute
ST-1511,-2.16118670510552,-1.49886794064505,3,non_commute
ST-1512,-1.37666643222817,-1.07770268565583,3,non_commute
ST-1514,-2.74799368279936,-1.13280325459311,3,non_commute
ST-1515,-2.49592307030028,-1.65298584681859,3,non_commute
ST-1517,-2.64697495128857,-1.11507882893517,3,non_commute
ST-1518,-2.62200310461834,-1.15720653361467,3,non_commute
ST-1519,-2.3944458054316,-1.45083818100597,3,non_commute
ST-152,-1.67691311428981,0.586799535183957,1,non_commute
ST-1520,-2.20907735811455,-1.26050033267007,3,non_commute
ST-1521,-0.955230553123774,-1.02408114303146,3,non_commute
ST-1522,-1.21117606692424,-0.267958336676907,1,non_commute
ST-1523,-1.57618061038754,-0.771231814562306,3,non_commute
ST-1526,-1.59442327022586,0.153012792523588,1,non_commute
ST-1527,-1.4012413304653,1.19759619439336,1,non_commute
ST-1528,-1.40749974831864,0.840304681443486,1,non_commute
ST-1529,-1.32244429328689,-0.425697438627862,3,non_commute
ST-153,-1.63089137623976,0.709860081354631,1,non_commute
ST-1531,-0.845367478997413,-0.105816441033486,1,non_commute
ST-1533,0.742131317693753,3.27903322355049,2,non_commute
ST-1534,-1.44416073828844,0.138057010383713,1,non_commute
ST-1535,-1.79092447311949,-0.0560816703888471,1,non_commute
ST-1536,-1.44805195113601,0.208916730026226,1,non_commute
ST-1537,-1.15677908869165,-0.582290049787654,3,non_commute
ST-1538,-1.22591200919925,0.352869748457858,1,non_commute
ST-1539,-0.787204078574605,-2.24381095752381,3,non_commute
ST-154,-1.83879744014423,0.547241653633309,1,non_commute
ST-1540,-0.853829627352534,-1.17038361092902,3,non_commute
ST-1541,-0.913459792412931,-1.29999484626178,3,non_commute
ST-1542,-0.907240753375127,-1.02715071232634,3,non_commute
ST-1543,-0.614627843497972,-1.51151159723464,3,non_commute
ST-1544,1.60415748244675,-0.454147451559292,4,non_commute
ST-1545,0.37570685155606,-1.61887094888431,4,non_commute
ST-1546,-0.856905018327127,-1.03887083821794,3,non_commute
ST-1547,-0.625577516251136,-0.874243007768287,3,non_commute
ST-1548,-0.130406473139637,-1.34466097989755,4,non_commute
ST-1549,2.4929014491655,0.785757604889341,2,non_commute
ST-155,-1.75255948923139,0.48796848756733,1,non_commute
ST-1552,0.73701605606711,2.30004802102051,2,non_commute
ST-1553,1.66005609995271,0.991694920536735,2,non_commute
ST-1554,1.88968829391684,0.838179638868375,2,non_commute
ST-1555,2.10904901455203,0.247659042672513,2,non_commute
ST-1556,1.46424060442759,1.5596874623503,2,non_commute
ST-1557,0.75827156736207,0.19757242981059,4,non_commute
ST-1559,1.26592312191893,1.40771633245165,2,non_commute
ST-156,-1.43554152150618,1.12567656156915,1,non_commute
ST-1560,1.372252798841,1.7514685017646,2,non_commute
ST-1561,0.591566368212428,2.29536694816489,2,non_commute
ST-1562,1.18955208951614,2.0604358735145,2,non_commute
ST-1563,-0.54098967510729,1.84277569775589,1,non_commute
ST-1564,1.38177782412612,1.43723127219789,2,non_commute
ST-1565,-1.14296711409742,2.14189220846493,1,non_commute
ST-1566,1.38624270258136,1.68992654173625,2,non_commute
ST-1568,2.11380973535789,1.11435405862533,2,non_commute
ST-157,-1.34778893298478,1.20911998801334,1,non_commute
ST-1571,0.368839996543585,1.8607186854955,2,non_commute
ST-1573,0.977677676053319,1.29600794283372,2,non_commute
ST-1574,1.22610267084116,1.23798441582645,2,non_commute
ST-1575,2.21375882651823,0.698359828922981,2,non_commute
ST-1576,2.11483016884982,0.462699485119087,2,non_commute
ST-1577,1.52029628217415,1.30297597518481,2,non_commute
ST-1578,0.276365774214317,1.59234536557973,2,non_commute
ST-1579,0.304983722864755,1.2152195748007,2,non_commute
ST-158,-1.52822415016965,0.900682482469203,1,non_commute
ST-1580,1.50605771354397,-0.187245736461159,4,non_commute
ST-1582,1.64037180673731,-0.250105914071791,4,non_commute
ST-1584,1.65410030225713,-0.347992034379807,4,non_commute
ST-1585,1.88152089805799,-0.548456410100879,4,non_commute
ST-1586,1.71482464913024,-0.311461773759577,4,non_commute
ST-1588,1.65783915787341,-0.0377635619600576,4,non_commute
ST-1589,0.924840449043858,0.40151968617356,2,non_commute
ST-159,-1.59936702018442,0.767066458061265,1,non_commute
ST-1590,1.60788864452537,-0.354518952852742,4,non_commute
ST-1592,0.409785111914599,1.62118235013092,2,non_commute
ST-1593,0.875055327587686,-0.781879695152611,4,non_commute
ST-1594,1.74517069247747,0.412417268902381,2,non_commute
ST-1595,0.884406318412064,2.4322131570734,2,non_commute
ST-1597,1.65698632638329,2.0822485029033,2,non_commute
ST-1598,2.03703334992373,1.57751286398148,2,non_commute
ST-1599,0.673609825366383,-0.265327007300751,4,non_commute
ST-16,1.91465803321632,-0.166355846121651,4,non_commute
ST-160,-1.46005511567979,1.09852841741997,1,non_commute
ST-1601,-1.06376725363384,0.726349554090854,1,non_commute
ST-1602,0.199871820245103,-0.803737508702521,4,non_commute
ST-1603,-0.18870345649208,-1.10758228192392,4,non_commute
ST-1605,-1.64852305828861,0.729096203641758,1,non_commute
ST-1606,-1.66171264795518,0.670895629855567,1,non_commute
ST-1607,-1.71788072675761,0.543332997192903,1,non_commute
ST-1608,-1.51479215181691,0.736974949187556,1,non_commute
ST-1609,-1.20096896535633,0.475333973726421,1,non_commute
ST-161,-1.66415311479851,0.903569171752127,1,non_commute
ST-1610,-1.61140994522978,0.733927364628024,1,non_commute
ST-1611,-1.88730296637688,0.465356966906599,1,non_commute
ST-1614,1.76364482424037,2.42154825289182,2,non_commute
ST-1615,0.163049980532276,-0.998993730874975,4,non_commute
ST-1616,-0.83054323663002,0.432974958102574,1,non_commute
ST-1617,0.980027546573418,-0.702973229222438,4,non_commute
ST-1618,-0.84171863528626,1.34870188255452,1,non_commute
ST-1619,-2.12609432838184,0.582462894411616,1,non_commute
ST-162,-1.59068437030827,0.364430053900268,1,non_commute
ST-1620,1.73878369771734,0.409808463465041,2,non_commute
ST-1621,1.92980317714939,0.7439442976304,2,non_commute
ST-1622,-1.14746280452495,2.41579780627557,1,non_commute
ST-1623,1.77591727434676,1.989057592082,2,non_commute
ST-1625,-0.244759039681049,0.794932516209731,1,non_commute
ST-1626,1.91886102627947,-0.0522941276929893,4,non_commute
ST-1627,1.81342744411009,0.0713843826871618,4,non_commute
ST-1628,-0.307311537346123,0.564183382629522,1,non_commute
ST-1629,-0.339141574816536,0.655525750173141,1,non_commute
ST-163,-1.50772389081978,0.617934400134131,1,non_commute
ST-1630,-0.389120602786653,1.7929537164685,1,non_commute
ST-1631,-2.48130701034,-2.43214647560594,3,non_commute
ST-1632,-0.411262163609229,0.50968468337761,1,non_commute
ST-1633,2.76749393630426,-1.55311814106013,4,non_commute
ST-1634,-1.28678969208767,1.95927127809604,1,non_commute
ST-1636,-0.194671674156965,0.84127171140434,1,non_commute
ST-1637,-0.0103184587043727,1.01769330259756,1,non_commute
ST-1638,1.97851841367012,0.980406579264429,2,non_commute
ST-1639,0.1350662948162,0.298067639248779,1,non_commute
ST-1640,0.10515359544478,0.265622848659425,1,non_commute
ST-1641,0.0695271253652656,0.184021673132717,1,non_commute
ST-1642,0.132380201794954,0.0637623988768637,1,non_commute
ST-1643,3.18516392024356,1.15175517276781,2,non_commute
ST-1644,-0.227309594395883,2.51291806247883,2,non_commute
ST-1645,-2.62546983624081,-1.15159446014869,3,non_commute
ST-1646,-2.29542262726388,-1.40336991112055,3,non_commute
ST-1647,-2.6028115534444,-1.12820530984324,3,non_commute
ST-1648,-1.2670837742417,-0.075189867982918,1,non_commute
ST-1649,-0.759058720152544,-2.14849233340709,3,non_commute
ST-165,-1.86796353464343,0.498909696615331,1,non_commute
ST-1650,-0.93282470102608,-2.03716040726566,3,non_commute
ST-1651,-1.01695457001308,-1.13980003691279,3,non_commute
ST-1652,-0.785817113015127,-1.1616809861048,3,non_commute
ST-1653,-0.803991890318626,-2.08780253349598,3,non_commute
ST-1654,1.21038546065658,-1.21330704268536,4,non_commute
ST-1655,1.5019085253235,-0.546479422253873,4,non_commute
ST-1656,0.348953358292273,1.54834684592501,2,non_commute
ST-1657,0.213717010619999,1.59224111384811,2,non_commute
ST-1658,3.00884313717759,-0.261005948393809,4,non_commute
ST-1659,1.20811886027891,-2.98621877188937,4,non_commute
ST-1660,0.287657581080765,-1.53711593744045,4,non_commute
ST-1661,0.380919342722964,-1.40055871076171,4,non_commute
ST-1662,3.01440951761569,0.404703642878934,2,non_commute
ST-1663,0.223224224996027,-1.51956286320708,4,non_commute
ST-1664,-0.482346688219154,-0.963090803478866,3,non_commute
ST-1665,1.03371586091693,1.54172609107044,2,non_commute
ST-1667,0.840490765635092,-1.3725264826665,4,non_commute
ST-1668,-1.8630039060869,0.403901183175742,1,non_commute
ST-1669,-0.540775917406857,0.0151225261073724,1,non_commute
ST-167,-2.02518411530584,0.89423858328649,1,non_commute
ST-1670,-1.24830263565475,-0.357184722360329,3,non_commute
ST-1671,0.249077429279756,0.48162921277927,2,non_commute
ST-1672,0.172309852698027,0.301310542995284,1,non_commute
ST-1674,0.772125375170587,-0.179290181664174,4,non_commute
ST-1675,-0.145917053142549,-0.119646450670434,1,non_commute
ST-1676,-2.70204996353028,-1.27740480635096,3,non_commute
ST-1677,-0.934399030994762,-2.0115393460464,3,non_commute
ST-1678,1.70546943608622,-2.10551950240542,4,non_commute
ST-1679,1.32681246648091,1.59771566354567,2,non_commute
ST-168,-1.71600817833499,0.666472926155826,1,non_commute
ST-1680,1.3953237415286,1.61101112269433,2,non_commute
ST-1681,1.59856347820385,-0.321248147686082,4,non_commute
ST-1682,0.952700600452084,-0.195381992826505,4,non_commute
ST-1683,0.358633290891429,1.04809877351992,2,non_commute
ST-1684,1.6685892485278,-0.1437540426823,4,non_commute
ST-1685,3.23527660266148,0.0390666850833487,2,non_commute
ST-1686,1.96107209574832,0.930215894912797,2,non_commute
ST-1687,1.40558556672209,-0.106359233115877,4,non_commute
ST-1688,-2.59592292710699,-1.34781541395236,3,non_commute
ST-1689,-2.59357111580112,-1.34750888942789,3,non_commute
ST-169,-1.76946680534367,0.815410007959479,1,non_commute
ST-1690,0.464438520138224,-3.21739159602679,4,non_commute
ST-1691,-0.119561917648792,-0.558516282856617,4,non_commute
ST-1692,0.841211496076202,-1.64486803226617,4,non_commute
ST-1693,1.98359762423884,-1.04780475131536,4,non_commute
ST-1694,-2.33113245076683,-0.789129558695489,3,non_commute
ST-1695,-2.46955612831073,-0.632388194851939,3,non_commute
ST-1696,-1.02066946993923,-0.517261927285314,3,non_commute
ST-1697,-0.779067501068995,-1.37874012604478,3,non_commute
ST-1698,-0.74727289038471,-2.21722155040986,3,non_commute
ST-1699,-0.904726155365499,-2.02614099425447,3,non_commute
ST-17,1.10936517544145,-1.29261888740857,4,non_commute
ST-170,-1.79465282390551,0.688146842026842,1,non_commute
ST-1700,-0.825999947411231,-1.43709542757399,3,non_commute
ST-1701,-0.810675950751875,-2.32515075955529,3,non_commute
ST-1702,-0.00691247621281653,-1.45318096406931,4,non_commute
ST-1703,0.54787557197358,1.46029592307844,2,non_commute
ST-1704,2.17252254102759,2.75706873014335,2,non_commute
ST-1705,2.02537030909159,-0.358191862985313,4,non_commute
ST-1706,1.5349004170492,0.264044843929762,2,non_commute
ST-1707,0.252019413329392,1.22405976778736,2,non_commute
ST-1708,-2.50322934698835,-1.23595139898071,3,non_commute
ST-1709,-2.63797650374694,-1.32002693526644,3,non_commute
ST-171,-1.61448863744939,0.861273973858722,1,non_commute
ST-1710,-2.63326589492585,-1.23738888654729,3,non_commute
ST-1711,-3.19612196258302,-1.3262209465116,3,non_commute
ST-1712,-2.63875962655166,-1.42920737871131,3,non_commute
ST-1713,-2.71615339258432,-1.30784135262148,3,non_commute
ST-1714,-2.60173929209375,-1.46885077731714,3,non_commute
ST-1715,-2.65139147941401,-1.45818180209435,3,non_commute
ST-1716,0.733804177066839,0.976809344412794,2,non_commute
ST-1717,0.125632239878548,1.95872782771888,2,non_commute
ST-1718,-2.64953829190733,-1.30974834191355,3,non_commute
ST-1719,1.62993905024743,-0.400481479232943,4,non_commute
ST-172,-1.58165367694744,1.01335724300534,1,non_commute
ST-1720,1.45362047115948,0.0511736288471704,4,non_commute
ST-1721,-0.31135410217602,-0.475909996858131,1,non_commute
ST-1722,-0.0491889115635633,-1.09113512196732,4,non_commute
ST-1723,0.097136523769017,0.968774053967537,1,non_commute
ST-1724,0.917143498907942,1.39772967952273,2,non_commute
ST-1725,1.01134536567451,1.56205128436608,2,non_commute
ST-1726,1.83421209129755,0.93877929164438,2,non_commute
ST-1727,-2.56684431098162,-1.30908393316164,3,non_commute
ST-1728,1.8302944913113,-0.160466013121326,4,non_commute
ST-1729,1.64694795337715,-0.208423926073489,4,non_commute
ST-173,-1.51847058293553,1.0830798397928,1,non_commute
ST-1730,1.50365528043364,-0.192944069751564,4,non_commute
ST-1731,-1.39799139355552,-1.38835605127152,3,non_commute
ST-1732,-1.55418563082657,0.586463660072627,1,non_commute
ST-1733,-0.991746175551878,-1.174707735615,3,non_commute
ST-1734,-1.86674406319099,-0.204105034595975,3,non_commute
ST-1735,1.45776306091866,1.62918288074311,2,non_commute
ST-1736,-0.941403495910721,-1.3778559263991,3,non_commute
ST-1739,1.71076683799895,-0.782835897926829,4,non_commute
ST-174,-1.61715171173184,0.853524336119474,1,non_commute
ST-1740,0.0430629948654947,0.432280540668822,1,non_commute
ST-1742,1.73896494247877,-0.783824820364355,4,non_commute
ST-1745,0.185763384231326,0.856698852258763,2,non_commute
ST-1746,-0.126136555754601,1.21444905727012,1,non_commute
ST-1747,1.8204056980545,1.27285756585921,2,non_commute
ST-1748,-0.71760472283684,2.38552785656971,1,non_commute
ST-175,-1.13973290351544,0.400801618935915,1,non_commute
ST-1750,3.23721836136593,1.07593598575533,2,non_commute
ST-1751,-0.458057880844613,2.6117469075737,1,non_commute
ST-1752,1.76264558291175,2.01887789150257,2,non_commute
ST-1753,-1.08074486355304,-0.663181667371376,3,non_commute
ST-1754,1.31268426821456,-1.44931206341064,4,non_commute
ST-1756,-2.2209509795814,0.561875989148665,1,non_commute
ST-1757,-0.568179879302036,-1.05133083168266,3,non_commute
ST-1758,0.0971871509372636,0.542085692215319,1,non_commute
ST-1759,-1.73912382246296,0.694852132980603,1,non_commute
ST-176,-0.943611290222774,0.354895129589351,1,non_commute
ST-1760,-0.154740208494532,-0.689102580286786,4,non_commute
ST-1761,-0.913534976379004,-0.125419246032681,1,non_commute
ST-1762,1.63362581570049,1.69802338041192,2,non_commute
ST-1763,1.3919850944226,0.235658607922161,2,non_commute
ST-1764,1.50985252516642,0.317987285355474,2,non_commute
ST-1765,1.33886195918752,1.28380902456573,2,non_commute
ST-1766,1.89777772017071,1.63917157327191,2,non_commute
ST-1767,1.67613567409877,1.27867639547057,2,non_commute
ST-1768,-1.39256754261833,0.13529891139783,1,non_commute
ST-1769,-1.78520337523309,0.143697647366197,1,non_commute
ST-177,-1.16591376079941,0.419949465159925,1,non_commute
ST-1770,-2.13907774925448,1.67661990032354,1,non_commute
ST-1771,-1.85892542260323,0.351704318013599,1,non_commute
ST-1772,-1.50669376384697,0.27684467682903,1,non_commute
ST-1773,-1.8012414702601,0.348721668475994,1,non_commute
ST-1774,-1.93688390722371,0.49963709158825,1,non_commute
ST-1775,-1.598731785665,0.316104827040182,1,non_commute
ST-1776,-1.63780501187169,0.559185104116285,1,non_commute
ST-1777,-1.76476982225101,0.285761956179251,1,non_commute
ST-1778,-1.66318252202782,0.334386264844087,1,non_commute
ST-1779,-1.58275317962193,0.585984548660317,1,non_commute
ST-178,-1.31569393989563,0.20226168463409,1,non_commute
ST-1780,-1.19691846406925,0.433267723669165,1,non_commute
ST-1781,-1.27403864092557,0.407684567777355,1,non_commute
ST-1782,-1.1572640581792,0.502031625010697,1,non_commute
ST-1783,-1.31091897353002,0.41051021313714,1,non_commute
ST-1785,-1.35647250764972,0.543700846514269,1,non_commute
ST-1786,-0.765538295449796,0.71748020096372,1,non_commute
ST-1787,-2.17646742534863,1.12553237994986,1,non_commute
ST-1788,0.194967614678835,2.58775682192329,2,non_commute
ST-1789,0.413644874235495,-0.420320830678255,4,non_commute
ST-1790,2.03774838992526,0.696225072252897,2,non_commute
ST-1791,-1.42597743345953,0.17528086750464,1,non_commute
ST-1792,-2.73645083977938,2.22662863518611,1,non_commute
ST-1793,1.13355239878345,0.289126504213914,2,non_commute
ST-1794,0.807334004483207,1.08638361737104,2,non_commute
ST-1795,1.77516341019609,-0.383281413008889,4,non_commute
ST-1796,0.509139454023818,0.94345179982248,2,non_commute
ST-1797,1.9048282382525,-0.35070798916342,4,non_commute
ST-1798,-0.930326408351314,-0.308185100288535,1,non_commute
ST-1799,-1.52636373413879,0.895339754665906,1,non_commute
ST-18,0.923564133959876,-1.59755371876156,4,non_commute
ST-180,-1.57263212948246,0.146952478853058,1,non_commute
ST-1800,-1.97852746140186,1.67268525001708,1,non_commute
ST-1801,-1.95926868445172,0.620742862574464,1,non_commute
ST-1802,-1.96757741351462,0.571974461216507,1,non_commute
ST-1803,-2.86144771151281,-0.901844180375062,3,non_commute
ST-1804,-1.87087173855875,0.484835247261232,1,non_commute
ST-1805,-1.8927205823542,0.408999118556683,1,non_commute
ST-1807,-1.67660478103789,0.554635048144233,1,non_commute
ST-1808,-1.67470175310237,0.538841302730635,1,non_commute
ST-1809,-1.53278610927274,0.669849323346281,1,non_commute
ST-181,-1.82983816507781,0.524083075525926,1,non_commute
ST-1810,-1.6363309048649,0.565538725419295,1,non_commute
ST-1811,-1.62271129875159,0.815933955671659,1,non_commute
ST-1812,-1.22262931616275,0.360673451507872,1,non_commute
ST-1813,-0.974819218116249,0.383085467829486,1,non_commute
ST-1814,-1.34868693004476,0.233718023343172,1,non_commute
ST-1815,-1.35890741259174,0.571284085879834,1,non_commute
ST-1816,-1.57034395484125,0.797487392339668,1,non_commute
ST-1817,-1.2946768750227,1.30865847345712,1,non_commute
ST-1818,-1.44460401727879,1.10348628589328,1,non_commute
ST-1819,-1.43705552767611,1.07795911543091,1,non_commute
ST-182,-1.33351115334617,0.992222125285528,1,non_commute
ST-1820,-1.85195432184388,0.542229878925587,1,non_commute
ST-1822,-1.99647078889539,0.603613388895362,1,non_commute
ST-1823,-1.80798242985888,0.649135995080743,1,non_commute
ST-1824,-2.0506643121837,0.833686157669005,1,non_commute
ST-1825,-0.36989949794009,-0.103718573071493,1,non_commute
ST-1826,0.921241108180889,0.00236929151809488,4,non_commute
ST-1827,-0.471813105663623,0.784944121069722,1,non_commute
ST-1828,0.446701361620118,-0.956952212949194,4,non_commute
ST-1829,-1.72617402563319,0.595437523472548,1,non_commute
ST-183,-1.27631268112907,0.00167434782415405,1,non_commute
ST-1830,-1.52992842525783,1.97496124953259,1,non_commute
ST-1831,1.88429091527514,1.62973874362966,2,non_commute
ST-1832,1.57461929383057,2.50975973021111,2,non_commute
ST-1833,1.85618178915465,1.39290170322452,2,non_commute
ST-1834,1.41293659396292,0.0793383356664449,4,non_commute
ST-1835,1.54604675257739,0.631288298839131,2,non_commute
ST-1836,1.67082438673406,0.135608386582417,4,non_commute
ST-1837,1.68903175845005,-0.143747415821658,4,non_commute
ST-1838,1.55919783723765,0.0961172058989665,4,non_commute
ST-1839,1.35345640650433,-0.0661206956395067,4,non_commute
ST-1840,1.97742961158788,1.6268274137255,2,non_commute
ST-1841,1.59126202170412,0.134537353493356,4,non_commute
ST-1842,1.69064875851916,0.158476037622069,2,non_commute
ST-1843,-1.61000792322113,-0.0833796721607225,1,non_commute
ST-1844,2.01293679269721,1.61058983901675,2,non_commute
ST-1845,1.92422151778791,1.34666906059787,2,non_commute
ST-1846,1.77545677500502,0.868971146100025,2,non_commute
ST-1847,-1.52562788798194,0.673814929708929,1,non_commute
ST-1848,1.60824498308141,-0.238145742927571,4,non_commute
ST-1849,1.98844655589248,1.09429908780895,2,non_commute
ST-185,-1.6482004834922,0.352967747805127,1,non_commute
ST-1850,1.86586397000217,1.63068349910302,2,non_commute
ST-1851,1.46404499654282,-0.237236798066833,4,non_commute
ST-1852,1.3030322159672,0.437565916996743,2,non_commute
ST-1853,0.0190818707026871,1.40715040292472,2,non_commute
ST-1854,0.348059365828654,1.14465864110878,2,non_commute
ST-1855,0.349928719429015,1.17038960819767,2,non_commute
ST-1856,-2.75350532180106,0.295565059105388,1,non_commute
ST-1857,1.36562459111411,-0.00924123897193173,4,non_commute
ST-1858,1.41875907518048,0.145343827182547,4,non_commute
ST-1859,1.64206358215076,-0.283893098442198,4,non_commute
ST-186,-1.1649270682129,0.351097603529798,1,non_commute
ST-1860,0.0872372350726873,1.56212283518465,2,non_commute
ST-1861,0.442854597725342,1.71292293698731,2,non_commute
ST-1862,1.81859676901842,-0.40991115652896,4,non_commute
ST-1864,1.87805545537867,-0.115928472137144,4,non_commute
ST-1865,-0.957171830119307,-0.818816981630411,3,non_commute
ST-1866,1.53825680772391,-0.125029330413811,4,non_commute
ST-1867,1.80997678141691,-0.24786235699827,4,non_commute
ST-1868,1.61730486000231,-0.342947198094089,4,non_commute
ST-1869,1.20245139378405,0.338209135251048,2,non_commute
ST-187,-1.00122286939999,0.4852706233667,1,non_commute
ST-1870,0.909811702653479,1.27281939941572,2,non_commute
ST-1871,0.168558917958473,1.65258432291385,2,non_commute
ST-1872,1.03833134781817,0.714776290278947,2,non_commute
ST-1873,1.22952878399769,0.844453941003911,2,non_commute
ST-1874,1.14231986635671,0.380415122630289,2,non_commute
ST-1875,0.908747843465829,0.710620478018203,2,non_commute
ST-1876,1.24818961176933,-0.0602846718712415,4,non_commute
ST-1877,0.509934984846816,1.47807120840402,2,non_commute
ST-1878,1.49108150572939,-0.349460273390016,4,non_commute
ST-1879,1.51664324461352,1.36358309861942,2,non_commute
ST-188,1.21356072978831,3.11781669944468,2,non_commute
ST-1880,1.39588326112544,1.42428367842463,2,non_commute
ST-1881,1.37630390979686,1.07663321211053,2,non_commute
ST-1882,1.21037696749301,1.40292008468558,2,non_commute
ST-1883,2.63610309416541,1.19187954963467,2,non_commute
ST-1884,1.83033773374881,0.824778834110006,2,non_commute
ST-1885,1.77871076605011,0.66420208347903,2,non_commute
ST-1886,1.58448581586843,0.993208895495098,2,non_commute
ST-1887,2.77114143694695,1.470678418041,2,non_commute
ST-1888,0.473022738751487,1.67853840790908,2,non_commute
ST-1889,1.15064031743794,1.28472009037203,2,non_commute
ST-189,-1.12318245537194,0.469823163559007,1,non_commute
ST-1890,-3.19945980124668,2.47929896863417,1,non_commute
ST-1891,0.527524693559054,1.87079725044029,2,non_commute
ST-1892,0.362376778309151,1.79997863501775,2,non_commute
ST-1893,1.31589721563543,1.30946025045465,2,non_commute
ST-1894,1.51046110205406,0.109187750808751,4,non_commute
ST-1895,2.14598839595649,0.3128001573487,2,non_commute
ST-1896,1.52578575298281,1.54840086664504,2,non_commute
ST-1897,1.47211094591921,1.10408057154954,2,non_commute
ST-1899,2.21351591499895,0.694315497926733,2,non_commute
ST-19,0.229450601975484,-0.881013554502921,4,non_commute
ST-190,-0.061911145920984,-0.805315379461584,4,non_commute
ST-1900,1.8674312419794,0.935936188794827,2,non_commute
ST-1901,0.774259057737549,2.58001397337575,2,non_commute
ST-1902,1.37458433348958,1.13910257729117,2,non_commute
ST-1903,1.63308090442775,1.57286531599283,2,non_commute
ST-1904,0.0329915869360375,1.83250833315412,2,non_commute
ST-1905,1.7828860376302,0.637034308413547,2,non_commute
ST-1906,1.68154132279258,0.851087273107104,2,non_commute
ST-1908,1.68899474895111,-0.145300216217366,4,non_commute
ST-1909,1.66925433246706,-0.27067349135743,4,non_commute
ST-1910,1.75050727256216,-0.268913026408762,4,non_commute
ST-1911,3.41908049750409,-1.20510598376698,4,non_commute
ST-1912,4.18300659334362,-1.03190812192723,4,non_commute
ST-1913,0.312851126561631,-1.42266307015804,4,non_commute
ST-1914,1.59866620944559,-0.647509978934642,4,non_commute
ST-1915,1.57805003087298,-0.527810180918339,4,non_commute
ST-1916,1.42025614181323,-0.727814944595526,4,non_commute
ST-1917,1.30959649521315,2.04879698239984,2,non_commute
ST-1918,1.42211535427538,1.39744702146132,2,non_commute
ST-1919,3.35241221394178,1.36739118578542,2,non_commute
ST-1920,1.59801828801641,-0.305796591797584,4,non_commute
ST-1921,-3.00974064887449,0.60163124928697,1,non_commute
ST-1922,1.08637596553896,1.9039774429706,2,non_commute
ST-1923,1.93856140414104,-0.15444927015732,4,non_commute
ST-1924,1.48582793202156,-0.309002674799252,4,non_commute
ST-1925,0.892674131203051,2.32699876977444,2,non_commute
ST-1926,1.89289668197702,0.702975329366728,2,non_commute
ST-1927,-1.70256517065014,2.74656787936882,1,non_commute
ST-1929,2.03980612345875,0.451020866661846,2,non_commute
ST-193,-0.838069305639711,2.02791507809147,1,non_commute
ST-1930,-0.641460152701911,2.98930376969241,1,non_commute
ST-1932,-1.43442910479599,0.432881855025067,1,non_commute
ST-1933,-1.48683611253037,0.339954503756856,1,non_commute
ST-1934,-1.50173677847511,0.1581305144983,1,non_commute
ST-1935,-1.82981787080472,0.195284784068158,1,non_commute
ST-1936,-1.55291306913617,0.766793602924796,1,non_commute
ST-1937,-0.845672295336102,0.266728539434863,1,non_commute
ST-1938,-1.5344233781023,-0.117085564833491,1,non_commute
ST-1939,-1.62319883739184,0.429840399384272,1,non_commute
ST-194,-1.02703856812176,0.0127596097189364,1,non_commute
ST-1940,-1.63020390676606,0.396042234837396,1,non_commute
ST-1941,-1.3403000288113,-0.931201222840872,3,non_commute
ST-1943,-3.39260834009613,2.24508368669713,1,non_commute
ST-1944,-1.41698227589,0.976826881062005,1,non_commute
ST-1945,-0.77770868491686,0.659226949556049,1,non_commute
ST-1946,-1.63264380360743,1.39166713643573,1,non_commute
ST-1947,-1.11273303045064,1.53667341869295,1,non_commute
ST-1948,-1.33845985907351,1.31712423342927,1,non_commute
ST-1949,-0.632384233500458,1.451334424766,1,non_commute
ST-195,-1.36595407002267,0.364800809086955,1,non_commute
ST-1950,-0.468467072851255,1.57005454552131,1,non_commute
ST-1952,-1.36489330797888,1.2233715869185,1,non_commute
ST-1953,-0.983245511228621,0.64180965279463,1,non_commute
ST-1954,-0.840828973874229,1.23025125425455,1,non_commute
ST-1955,-1.12582760303762,1.173643211774,1,non_commute
ST-1956,-1.29152343712876,1.23170005052779,1,non_commute
ST-1957,-1.73364948706185,1.24772624195543,1,non_commute
ST-1958,-1.41039529494693,1.25201862867021,1,non_commute
ST-1959,-1.52140386476063,1.12155984806812,1,non_commute
ST-196,-0.720343978439817,1.01621819171649,1,non_commute
ST-1960,-1.22632294914671,0.647260772017371,1,non_commute
ST-1961,-1.35703851845073,-0.0891188635405878,1,non_commute
ST-1962,-1.24944936224937,-1.01781526451408,3,non_commute
ST-1963,-1.22903869875391,-0.293071063855458,1,non_commute
ST-1964,-1.13142123753792,-1.16127361457067,3,non_commute
ST-1965,-1.1806027274324,-1.20037902125718,3,non_commute
ST-1966,-1.27641112815711,-0.225330533635057,1,non_commute
ST-1967,-1.17003734752457,-1.33044250869924,3,non_commute
ST-1968,-0.839703517853956,-2.26108691688998,3,non_commute
ST-1969,-0.568241542354752,-2.05610039369354,3,non_commute
ST-197,-0.833684295200279,0.887223755893804,1,non_commute
ST-1970,-0.149564458124942,-2.10002528823346,3,non_commute
ST-1971,0.53880502800038,-2.00667876999688,4,non_commute
ST-1972,-0.954327498459319,-2.26349871449576,3,non_commute
ST-1973,-0.835093972630969,-2.20762011454322,3,non_commute
ST-1974,-0.982136301066921,-1.04561685547354,3,non_commute
ST-1975,-1.02722818512366,-0.927919229513359,3,non_commute
ST-1976,-1.06370652904288,-1.40832662674231,3,non_commute
ST-1977,-0.918686093341919,-1.95503116735352,3,non_commute
ST-1978,-1.04997765168961,-1.88339216822205,3,non_commute
ST-1979,-3.42672508796681,2.09359829520331,1,non_commute
ST-198,-1.11991288039248,0.38560862344858,1,non_commute
ST-1982,-0.369765934329198,-1.39797397443341,3,non_commute
ST-1983,-0.700103914940342,-1.48043820921214,3,non_commute
ST-1985,-0.687344896748084,-1.62003365742679,3,non_commute
ST-1986,-0.704279597994174,-2.25550165447757,3,non_commute
ST-1989,-2.38231014220527,2.58341861164088,1,non_commute
ST-199,-1.92063885988281,0.294528818425892,1,non_commute
ST-1990,-0.758165675758849,-1.5626620099566,3,non_commute
ST-1991,-0.380701331513422,-1.91551995928175,3,non_commute
ST-1992,-0.996408035933197,-1.92336436174819,3,non_commute
ST-1993,-1.94280129554786,-0.1385933009062,1,non_commute
ST-1994,-1.33934459083173,-1.47685949587213,3,non_commute
ST-1995,-1.44266469128412,-1.36260843196291,3,non_commute
ST-1996,-1.56137704825676,-1.21335212968009,3,non_commute
ST-1997,-1.53034656057196,-1.24148355630994,3,non_commute
ST-1999,-1.57369365167395,-1.3146310297402,3,non_commute
ST-20,0.535045248299327,-1.45203069232439,4,non_commute
ST-200,-0.755196578035548,-0.187389492114928,1,non_commute
ST-2000,-1.85447429573841,-1.45584528519904,3,non_commute
ST-2001,-1.29426459893596,-1.10042227822365,3,non_commute
ST-2002,-1.37444250336662,-1.4950331993901,3,non_commute
ST-2003,-2.07582520197938,-0.733469982611491,3,non_commute
ST-2005,-1.578066946754,-1.06818592659671,3,non_commute
ST-2006,-1.11168928328364,-1.01881122533368,3,non_commute
ST-2007,-1.29353559043618,-1.36051346362924,3,non_commute
ST-2008,-1.96933940273106,-0.344895082467434,3,non_commute
ST-2009,-3.43018673689477,2.05936084012844,1,non_commute
ST-201,-0.115430990370297,-0.508140533851293,4,non_commute
ST-2011,-1.51143968572076,-1.17597379567039,3,non_commute
ST-2012,-1.55825410245758,-1.12419059685486,3,non_commute
ST-2013,-1.51180242057404,-1.10914857244463,3,non_commute
ST-2014,-1.52509872898795,-1.03096503662988,3,non_commute
ST-2015,0.841943782436086,2.47630985831705,2,non_commute
ST-2016,-1.45650528347,-1.2732674060841,3,non_commute
ST-2017,-1.51568806467701,-1.30967003237859,3,non_commute
ST-2018,-1.90158413299697,-1.7500186876914,3,non_commute
ST-2019,1.51675654647409,0.234337360247283,2,non_commute
ST-202,1.11201930532034,-2.50886592924283,4,non_commute
ST-2020,-2.15274547147559,-1.34231164242771,3,non_commute
ST-2021,-2.98088163473767,0.0716551387989243,3,non_commute
ST-2022,-2.53745107248026,-1.18678076801305,3,non_commute
ST-2023,-2.24751409815881,-1.5296776718432,3,non_commute
ST-2024,-2.19069880403816,-1.43423259195184,3,non_commute
ST-2025,-2.20820685899452,-1.52578869502186,3,non_commute
ST-2026,-2.39311197019167,-1.49559105930163,3,non_commute
ST-2027,-2.23710954410213,-0.871489540902361,3,non_commute
ST-2028,-2.22430637354449,-1.04745904563005,3,non_commute
ST-2029,-2.20643290391016,-1.12066199449301,3,non_commute
ST-203,-0.707195374427278,-0.470153068640321,1,non_commute
ST-2030,2.0972123090998,-1.19324869850936,4,non_commute
ST-2031,-2.73974891979952,-1.37579088308908,3,non_commute
ST-2032,-2.89685481749476,-1.31832293474373,3,non_commute
ST-2033,-2.62536713588513,-1.51183146429199,3,non_commute
ST-2034,-2.70408717977423,-1.07728077853581,3,non_commute
ST-2035,-2.61557835465159,-1.46845097527202,3,non_commute
ST-2036,-2.59950618617369,-1.35143606423802,3,non_commute
ST-2037,-2.60463776854162,-1.4664310571977,3,non_commute
ST-2038,-2.09105455564519,-1.90644530182056,3,non_commute
ST-2039,-1.37841614195325,-1.44053656210534,3,non_commute
ST-204,0.0333114081489994,-0.750184318551596,4,non_commute
ST-2040,-2.63918481393539,-1.67193826150972,3,non_commute
ST-2041,-2.58087475356402,-1.42818549748499,3,non_commute
ST-2042,-2.54558517597489,-1.50573007661792,3,non_commute
ST-2043,1.47147784556274,-0.871756635195214,4,non_commute
ST-2044,-2.62055565161008,-1.43304150895372,3,non_commute
ST-2045,-2.59194910349868,-1.43949522301506,3,non_commute
ST-2046,-2.50516834938033,-1.52858432689779,3,non_commute
ST-2047,-2.59706620188204,-1.10833644405789,3,non_commute
ST-2048,-2.60791307431342,-1.2011181461082,3,non_commute
ST-2049,-2.60570014362364,-1.23718041410664,3,non_commute
ST-205,-0.180412976149284,-0.693992380705417,4,non_commute
ST-2050,-2.61546169934612,-1.26035365296151,3,non_commute
ST-2052,-3.21198272651082,-1.16827110024533,3,non_commute
ST-2053,-2.48896379906629,0.497743433773691,1,non_commute
ST-2054,-1.91713477059646,-0.947524542829846,3,non_commute
ST-2056,-2.6189408385917,-1.1941429384962,3,non_commute
ST-2057,-2.43583419204528,-1.76977640807736,3,non_commute
ST-2058,-2.74609238902525,-0.881087132783523,3,non_commute
ST-2059,-2.40851800276293,-1.45309093914001,3,non_commute
ST-206,-0.139753861271911,-0.657112549597384,4,non_commute
ST-2061,2.42260301225139,2.23309587187336,2,non_commute
ST-2062,0.0050896990474368,0.303922389057137,1,non_commute
ST-2063,0.198987513680203,0.31056846903061,1,non_commute
ST-2066,0.766911422138005,2.89830862392215,2,non_commute
ST-2067,-0.147847071011041,0.306851020299053,1,non_commute
ST-2068,0.160742596291555,0.306339918829311,1,non_commute
ST-2069,1.58893103600837,0.44075308486151,2,non_commute
ST-207,0.39417551412212,-0.92940051048245,4,non_commute
ST-2070,0.0814755282868419,0.179370272587133,1,non_commute
ST-2071,-0.777379594524869,1.5231134463599,1,non_commute
ST-2073,0.678023513125502,1.05040490521044,2,non_commute
ST-2074,1.07549399486805,0.800581796776741,2,non_commute
ST-2075,0.129448620968825,0.681234557223934,1,non_commute
ST-2076,-0.00563397675971874,0.562327063993657,1,non_commute
ST-2077,0.198041340413827,0.316885255049527,1,non_commute
ST-2078,0.0784526462664101,0.385892284125738,1,non_commute
ST-2079,0.0855087293556356,0.345583293315496,1,non_commute
ST-208,1.79730406910339,-0.202846517007825,4,non_commute
ST-2080,-0.00548756069049135,0.352555123143425,1,non_commute
ST-2081,-0.00196788641052977,0.171298238176564,1,non_commute
ST-2083,1.44552778001422,1.04829226060343,2,non_commute
ST-2084,-2.94968809855596,-1.00786489978935,3,non_commute
ST-2085,0.0867953069471217,0.100316604415595,1,non_commute
ST-2086,-0.208631339640176,0.213319640720242,1,non_commute
ST-2087,0.108969996870305,0.0857286015691993,1,non_commute
ST-2088,0.463341322313288,0.396869746574859,2,non_commute
ST-2089,0.886748851413496,0.538725638404093,2,non_commute
ST-209,3.42266663630028,-2.93456014622192,4,non_commute
ST-2091,-0.217394771744256,1.85873624211111,1,non_commute
ST-2093,-2.3719627636135,2.04821925862595,1,non_commute
ST-2094,0.654210544728148,0.538798854940719,2,non_commute
ST-2095,0.967021276487528,0.238906330405618,2,non_commute
ST-2096,0.89007337139074,0.878551538371684,2,non_commute
ST-2097,0.898363172693249,1.03609233658271,2,non_commute
ST-2098,-3.35274227828978,2.24564598457375,1,non_commute
ST-2099,1.62455773184498,0.855850011035078,2,non_commute
ST-21,0.290641738630645,-0.97006600489924,4,non_commute
ST-210,1.10428002232968,-1.62373946839535,4,non_commute
ST-2100,-1.72034936963945,2.52948933244253,1,non_commute
ST-2101,0.277931939805339,0.660205779627876,2,non_commute
ST-2102,2.08223044841154,0.82082898586121,2,non_commute
ST-2103,2.08455949640145,1.10515977995746,2,non_commute
ST-2104,0.327497826104719,0.335964382035432,2,non_commute
ST-2105,-3.3014420537565,2.35107697102209,1,non_commute
ST-2106,1.2506904219342,0.354904400202653,2,non_commute
ST-2107,0.768011270129505,0.688538595951107,2,non_commute
ST-211,0.776970060886314,-1.66671585231099,4,non_commute
ST-2110,1.09975607800973,0.956221365707642,2,non_commute
ST-2111,-2.37433550667786,0.580062939657224,1,non_commute
ST-2112,0.881623498993818,0.434372110187046,2,non_commute
ST-2113,0.977868146287714,-0.00477921356498703,4,non_commute
ST-2114,-2.78398399760214,2.0526080807388,1,non_commute
ST-2115,0.66060828621682,0.4511744526097,2,non_commute
ST-2116,1.29639372922758,0.783172129345215,2,non_commute
ST-2117,1.15711746857011,0.748869797586812,2,non_commute
ST-2119,1.65490819572774,0.700717449337486,2,non_commute
ST-212,1.07495992367396,-1.82696017216676,4,non_commute
ST-2120,1.23674358760762,0.92957110841224,2,non_commute
ST-2123,0.404851160236726,0.716340714299597,2,non_commute
ST-2124,2.07248888286111,1.11488938131942,2,non_commute
ST-2125,1.67983387691064,0.994823234502245,2,non_commute
ST-2126,1.23831626165786,1.17849548587018,2,non_commute
ST-2127,1.53255457775034,0.674810652239524,2,non_commute
ST-2129,1.4696980716925,0.967910417117904,2,non_commute
ST-213,-0.509842736471232,-0.484357609022288,1,non_commute
ST-2130,1.42772409896571,0.642431393522427,2,non_commute
ST-2132,0.784984068472747,1.38493988782294,2,non_commute
ST-2133,2.01056395953284,1.19440800854132,2,non_commute
ST-2134,1.57111889706601,1.10494094527051,2,non_commute
ST-2135,-0.352530590228788,1.97974747051746,1,non_commute
ST-2136,2.16111755830186,0.840534327000368,2,non_commute
ST-2137,1.57520861708136,0.955245451658486,2,non_commute
ST-2138,-1.38657725888033,1.14142343062156,1,non_commute
ST-2139,-4.36178974545871,1.34894203498344,1,non_commute
ST-214,-0.575352758582608,-0.327017053574548,1,non_commute
ST-2140,-0.85946313270964,2.0301033961322,1,non_commute
ST-2141,-3.65340181151657,1.3014487671454,1,non_commute
ST-2142,-3.4078508350859,0.728528163678471,1,non_commute
ST-2144,-2.57902087140155,1.22858281262196,1,non_commute
ST-2145,-1.24973812944249,1.90520872477806,1,non_commute
ST-2146,2.06481716978478,-0.245053834825315,4,non_commute
ST-2147,1.16182843912388,-1.49849128714982,4,non_commute
ST-2148,1.12382829195507,-1.44502119844989,4,non_commute
ST-2149,1.2738388626267,-1.56206805549226,4,non_commute
ST-215,1.57771749150686,1.54762384348949,2,non_commute
ST-2150,1.11956795234864,-1.19449354630925,4,non_commute
ST-2151,2.05632314258573,-0.00849817214141712,4,non_commute
ST-2152,0.502270713588207,-1.21175037794924,4,non_commute
ST-2153,-0.309958362385495,-0.119141052327505,1,non_commute
ST-2154,-0.193293172399119,-0.504940062647143,4,non_commute
ST-2155,-1.93971272513411,2.97692053154119,1,non_commute
ST-2156,0.840381852807485,-1.60634101499883,4,non_commute
ST-2157,0.804622129646752,-1.58396464075131,4,non_commute
ST-2159,-3.16602406927039,1.56968717922593,1,non_commute
ST-216,-0.387938862578039,-0.948534878922148,3,non_commute
ST-2160,0.979589462353842,-1.62476994017648,4,non_commute
ST-2161,-0.0880094943411859,-0.322500474650484,4,non_commute
ST-2162,-3.34226595558013,2.24299322991473,1,non_commute
ST-2163,1.01415574288305,-1.52767050745632,4,non_commute
ST-2164,1.44203789243543,-1.72222863677614,4,non_commute
ST-2165,1.14390905776688,-1.32795274646351,4,non_commute
ST-2166,1.11345355577769,-1.31394351407329,4,non_commute
ST-2167,0.99091439428193,-1.84954797716639,4,non_commute
ST-2168,0.80616258786416,-1.55218280752698,4,non_commute
ST-2169,2.77968234554482,-2.12192044750813,4,non_commute
ST-217,-1.3683977002909,-0.41164945212068,3,non_commute
ST-2171,0.603637537730746,1.85607884244953,2,non_commute
ST-2172,0.466791656735079,-1.02689697330446,4,non_commute
ST-2173,0.298052372838631,-0.886978282117903,4,non_commute
ST-2174,-0.132879024223284,-0.74093158706658,4,non_commute
ST-2175,-0.205554902919961,-0.554381304761869,4,non_commute
ST-2176,-0.0287560696809148,-0.584678528466048,4,non_commute
ST-2177,0.533234537654226,-1.1258602714039,4,non_commute
ST-2178,0.448079427257988,-0.447039992285287,4,non_commute
ST-2179,0.345437460050999,-0.82574117570639,4,non_commute
ST-218,0.953797137439613,-1.07465630646993,4,non_commute
ST-2181,1.16423436265185,-0.547306227733466,4,non_commute
ST-2182,0.879906191697696,-1.01145536646806,4,non_commute
ST-2183,0.987987647734689,-0.363951647540917,4,non_commute
ST-2184,1.10909552332957,-1.45292559481996,4,non_commute
ST-2185,3.00184982676372,-2.29033384591231,4,non_commute
ST-2186,-3.44082660184415,2.14598667596923,1,non_commute
ST-2187,0.605881894979505,-0.888234567421555,4,non_commute
ST-2188,1.16386384879717,-0.446846188699665,4,non_commute
ST-2189,4.06503205991616,-0.391607861053251,4,non_commute
ST-219,-0.0882977195848997,-1.27981634101858,4,non_commute
ST-2190,-0.766851159994467,-0.33216250626624,1,non_commute
ST-2191,0.480454194837275,-0.984452633375627,4,non_commute
ST-2192,-1.26717735184561,1.69860540131232,1,non_commute
ST-2193,-2.77760318277076,2.55350753050933,1,non_commute
ST-2194,1.42153472582788,-0.87477668594719,4,non_commute
ST-2195,1.44860644106259,-1.33991452128916,4,non_commute
ST-2196,1.10853973958483,-1.2438101112099,4,non_commute
ST-2197,0.892056670245458,2.66669352959677,2,non_commute
ST-2198,-0.090614917733377,-0.307315321679734,4,non_commute
ST-2199,-0.995702576235548,-0.390961515803609,1,non_commute
ST-22,0.472839974411607,-0.745351144798301,4,non_commute
ST-220,0.912380251683947,-1.15814679705221,4,non_commute
ST-2200,-0.955561326194534,-0.254450681829067,1,non_commute
ST-2201,0.268102851197911,-1.20593736178487,4,non_commute
ST-2202,0.121482784256377,-1.08462261069885,4,non_commute
ST-2203,-1.38061033543879,-0.331749904212408,3,non_commute
ST-2204,0.973609190775663,-1.46295299739829,4,non_commute
ST-2205,0.837542136782142,-1.42969022334161,4,non_commute
ST-2206,1.02173108841279,-1.3764808480052,4,non_commute
ST-2207,0.820111146756965,-0.90482192047916,4,non_commute
ST-2208,0.925024294438881,-1.54936696035113,4,non_commute
ST-2209,2.82018169866348,1.92563511799254,2,non_commute
ST-221,0.889758019956932,-0.682153533439824,4,non_commute
ST-2210,1.19167696761918,-1.30252388582645,4,non_commute
ST-2211,0.937025791144286,1.81083856466424,2,non_commute
ST-2212,1.21874611613538,-1.35958289571805,4,non_commute
ST-2213,1.17895679378767,-1.23333368548798,4,non_commute
ST-2214,0.818184871956234,-1.18791141779417,4,non_commute
ST-2215,0.97291642184223,-1.54462609193393,4,non_commute
ST-2216,1.3224190515102,-0.952829663045254,4,non_commute
ST-2217,1.05846283288374,-1.10333559419064,4,non_commute
ST-2218,1.65277417163363,0.529628548061834,2,non_commute
ST-2219,-1.35174211666689,0.379789708943989,1,non_commute
ST-222,1.2067837163756,-0.877126213215651,4,non_commute
ST-2221,-0.530526208363698,2.17281169638,1,non_commute
ST-2222,0.29472057779028,0.652832132891107,2,non_commute
ST-2223,0.238551482946902,0.658662018512932,2,non_commute
ST-2224,-0.857442557112275,1.74428678371206,1,non_commute
ST-2225,-0.881532463566895,1.37083024339906,1,non_commute
ST-2226,-0.921342439597426,1.33058142780278,1,non_commute
ST-2227,-0.889311680082629,1.68569225377258,1,non_commute
ST-2229,-1.19068758001972,1.463729797903,1,non_commute
ST-223,1.0205294657675,-1.54214927184694,4,non_commute
ST-2231,0.625869264402834,0.8767393364346,2,non_commute
ST-2232,0.861460370589732,0.908678394825676,2,non_commute
ST-2233,-0.543642103579504,0.841651641772741,1,non_commute
ST-2234,-0.507187413360089,1.65156121723464,1,non_commute
ST-2235,-0.762978004059381,1.41593584022004,1,non_commute
ST-2236,1.22970979785664,0.698148380711512,2,non_commute
ST-2237,1.11946810830432,0.942756361603206,2,non_commute
ST-2238,-1.13778743819805,2.73167790899415,1,non_commute
ST-2239,0.793700218847762,-1.61328088449231,4,non_commute
ST-224,1.60500645858466,-0.45594466993216,4,non_commute
ST-2240,0.432631109612593,-1.09927230013165,4,non_commute
ST-2241,0.393254545477668,1.94874649964523,2,non_commute
ST-2242,0.489930384594357,0.597116233056593,2,non_commute
ST-2243,0.252495779020281,-0.288228968612663,4,non_commute
ST-2244,0.328269548388839,1.89606721988423,2,non_commute
ST-2245,0.542941586693139,1.7651854535744,2,non_commute
ST-2246,1.26649171338027,-0.0502043138908257,4,non_commute
ST-2247,0.674401257982679,-0.674543231109592,4,non_commute
ST-2250,0.734813720835764,-0.34074434437832,4,non_commute
ST-2252,0.828698117930659,-0.305534471004344,4,non_commute
ST-2253,0.647771695548076,-0.379632153730967,4,non_commute
ST-2256,-3.66531303537939,2.23823347877494,1,non_commute
ST-2257,0.84660662833388,-0.554727842560896,4,non_commute
ST-2259,1.24306445415945,0.100711270835166,4,non_commute
ST-226,0.779950299664091,-1.37425232132654,4,non_commute
ST-2260,0.358249992446657,1.80968137761763,2,non_commute
ST-2261,0.424917206452749,1.58555156175412,2,non_commute
ST-2262,0.595346113880018,-0.0610978532508105,4,non_commute
ST-2263,0.0662942087968772,1.94198145910687,2,non_commute
ST-2264,0.632644198567232,-0.250847291920176,4,non_commute
ST-2265,0.206430061557322,0.274198558782701,1,non_commute
ST-2266,0.0328461236115782,-0.0361319128210139,1,non_commute
ST-2267,-0.601383977604764,0.751819303562914,1,non_commute
ST-2268,-1.00457507687804,-2.56033609992633,3,non_commute
ST-2269,-0.45509790405272,0.448597265671782,1,non_commute
ST-227,1.21839514698473,-1.43326156522752,4,non_commute
ST-2270,0.140778212330207,0.438086153507483,1,non_commute
ST-2271,-0.880930226541744,0.234348565347872,1,non_commute
ST-2272,-1.01032271148708,0.77116782570006,1,non_commute
ST-2273,-0.884151827765377,0.551381680908212,1,non_commute
ST-2274,-0.507256276155076,0.456640350631073,1,non_commute
ST-2275,3.4669869802604,0.0144955681692711,2,non_commute
ST-2276,-0.533439263126379,0.728937543899421,1,non_commute
ST-2277,2.0769711145017,1.02205749157906,2,non_commute
ST-2278,-0.135229693587302,0.212778745918527,1,non_commute
ST-2279,-0.552058832312497,-0.142263676237319,1,non_commute
ST-228,-1.39088259127099,-0.265027193158551,1,non_commute
ST-2280,0.194252236533145,0.376558017432133,1,non_commute
ST-2281,0.200029061832595,0.850430600000763,2,non_commute
ST-2282,-0.106957475839279,1.02454630772952,1,non_commute
ST-2283,-0.275328700115639,0.520595138503148,1,non_commute
ST-2284,0.0361759149275159,0.540576326812004,1,non_commute
ST-2285,0.0114437582977089,0.568437014651103,1,non_commute
ST-2286,-1.36090437945007,2.11516633787995,1,non_commute
ST-2287,0.185549422934441,1.1704281312961,2,non_commute
ST-2288,-0.16533744625207,1.55619938520319,1,non_commute
ST-2289,-0.0438088983747333,0.731893374829181,1,non_commute
ST-229,-3.10255724359531,1.00095910101675,1,non_commute
ST-2290,-0.135428457372128,0.912062084771824,1,non_commute
ST-2291,0.0431888828663491,0.913469837302107,1,non_commute
ST-2292,0.139016410050406,0.869962240470435,2,non_commute
ST-2293,-0.30457097470828,0.939692050766783,1,non_commute
ST-2294,-0.104702384643171,0.886402273112484,1,non_commute
ST-2295,-0.547306216575329,0.377854896912753,1,non_commute
ST-2296,-2.63814868565955,1.90671132415147,1,non_commute
ST-2297,-1.7986269580311,2.24712692866054,1,non_commute
ST-2298,-0.1134869105644,0.741538266461661,1,non_commute
ST-2299,-0.213920600171427,0.919830102996041,1,non_commute
ST-23,0.103899586291428,-1.08881154487014,4,non_commute
ST-230,-1.35379921394862,-0.0133868039578405,1,non_commute
ST-2300,0.222872167552336,0.505859412834368,1,non_commute
ST-2301,0.384102577459798,0.253434467676372,4,non_commute
ST-2302,-0.435635160897249,-1.69711946285505,3,non_commute
ST-2303,1.68452752113232,3.16267503828309,2,non_commute
ST-2305,0.384699636724615,-1.61484697838272,4,non_commute
ST-2307,-3.70667053666507,2.27063093532421,1,non_commute
ST-2308,-0.00202028431775952,-1.58720254967604,4,non_commute
ST-2309,-0.109603925007665,-1.26202035694074,4,non_commute
ST-231,1.26802072297144,-1.0889521695004,4,non_commute
ST-2310,0.335995307420048,-1.43641906207219,4,non_commute
ST-2311,0.245024887687294,2.3729034762948,2,non_commute
ST-2312,-0.130631020207571,-0.816947727592764,4,non_commute
ST-2314,0.159473102116351,-1.55785839606477,4,non_commute
ST-2315,-2.92181978869789,1.77703077473755,1,non_commute
ST-2316,0.276454946326517,2.007725328977,2,non_commute
ST-2317,2.12614178893053,1.62487165958727,2,non_commute
ST-2318,0.0910283811748068,-1.33341753511524,4,non_commute
ST-232,1.02697385149703,-1.46427797718817,4,non_commute
ST-2320,-0.0181236470569139,-1.03020958727484,4,non_commute
ST-2321,0.241184505004464,-1.40940494036403,4,non_commute
ST-2325,-0.413983673917522,-0.849817693584868,3,non_commute
ST-2326,-0.442237949397772,-0.610230259522915,3,non_commute
ST-2327,-0.268618704383224,-0.64522716043204,4,non_commute
ST-2329,-0.907797307751063,0.341617322676753,1,non_commute
ST-233,-1.04746258771253,-0.189123050383459,1,non_commute
ST-2330,0.643877276460922,-1.46440655246502,4,non_commute
ST-2331,0.120636589554656,-0.958259903595128,4,non_commute
ST-2332,0.331195518813863,-0.628612843402023,4,non_commute
ST-2333,-0.434862441752323,-0.426106017392111,1,non_commute
ST-2334,0.881563720363969,-1.24378076224595,4,non_commute
ST-2335,-0.308361326620015,-0.312510630821833,1,non_commute
ST-2337,-0.167840254291982,-0.000877091971183342,1,non_commute
ST-2338,-0.0194278305489272,-0.543806961327356,4,non_commute
ST-2339,-0.0549694747117039,-0.509879218273722,4,non_commute
ST-234,-0.575833062938231,0.199409576430157,1,non_commute
ST-2340,-0.749357516395375,-0.107160568829604,1,non_commute
ST-2341,0.436050067340838,-1.29858191673172,4,non_commute
ST-2342,-0.314105469071583,-0.216871152723019,1,non_commute
ST-2343,0.158996685598931,-1.00633264239483,4,non_commute
ST-2344,-1.84662772289524,2.14856158564285,1,non_commute
ST-2346,-2.19090270361108,0.7725411063901,1,non_commute
ST-2349,2.98523066654492,-0.985457976062596,4,non_commute
ST-235,-0.834707382196054,0.486055611912837,1,non_commute
ST-2350,1.00687093514467,-1.43261264405943,4,non_commute
ST-2351,2.46737522199808,-0.582715680099142,4,non_commute
ST-2352,1.39675820468197,-1.21320143122171,4,non_commute
ST-2353,0.0360531134278056,-2.0058080648688,4,non_commute
ST-2354,-0.671547076524949,2.3139771771076,1,non_commute
ST-2355,1.57168089871869,-0.738137516693115,4,non_commute
ST-2356,1.86868619103451,-0.99660596466391,4,non_commute
ST-2357,0.546857415909867,-1.71435690489361,4,non_commute
ST-2358,-0.438746689865147,-1.55145736138003,3,non_commute
ST-2359,1.53731090180248,-0.754286511132753,4,non_commute
ST-236,-0.704520793686481,0.278677851419948,1,non_commute
ST-2361,0.85306856855095,-1.55247397741081,4,non_commute
ST-2362,1.62255402509604,-0.799520522787806,4,non_commute
ST-2363,1.48893414397007,-0.763379095297262,4,non_commute
ST-2364,1.60251170459584,-0.709952768610671,4,non_commute
ST-2365,1.65906465457344,-1.10463387276511,4,non_commute
ST-2366,1.373931469101,-1.1185101304133,4,non_commute
ST-2367,0.91636027807213,-1.18647142492778,4,non_commute
ST-2368,1.65254393297515,-0.95184257455153,4,non_commute
ST-2369,0.343141363615957,-1.68204561428473,4,non_commute
ST-237,-0.598831280561508,-0.36202122582708,1,non_commute
ST-2370,0.599765132652,-1.45019302976692,4,non_commute
ST-2371,-0.115015021425698,-1.26954100366412,4,non_commute
ST-2373,-0.0474859135925741,-1.4754351897406,4,non_commute
ST-2374,-0.440479585650307,-1.23709447079346,3,non_commute
ST-2375,-0.794557016909628,-1.13448355420626,3,non_commute
ST-2378,-2.46310225003637,0.406277512771474,1,non_commute
ST-2379,-0.0178293789953165,-1.40055263846326,4,non_commute
ST-238,-0.544377765611984,-0.310688987721953,1,non_commute
ST-2380,0.0547127612491362,-1.13090748371151,4,non_commute
ST-2382,0.32877493107418,-1.39894407788155,4,non_commute
ST-2383,0.0644059917375658,-0.41220051280556,4,non_commute
ST-2384,1.70242952037881,-0.291157039300411,4,non_commute
ST-2385,-1.35251649782971,2.29553099754301,1,non_commute
ST-2388,2.05084453910963,-0.524132726511949,4,non_commute
ST-2389,-0.522071667575719,2.78226124497787,1,non_commute
ST-239,2.15929318623217,-0.400221618498733,4,non_commute
ST-2390,2.07828170906539,2.53711089949455,2,non_commute
ST-2391,2.16255587087561,1.8290978845124,2,non_commute
ST-2393,0.0036320981468189,-1.15698854926399,4,non_commute
ST-2394,0.104917560178552,-1.43633510881472,4,non_commute
ST-2395,-1.62888243635066,-0.970629913478728,3,non_commute
ST-2396,-1.49467174926717,-1.17924969956289,3,non_commute
ST-2397,-1.41495987996665,-1.06047405945249,3,non_commute
ST-2398,-1.51561355846546,-1.20539804944631,3,non_commute
ST-2399,-0.196315752685945,2.03633208730282,1,non_commute
ST-24,-0.00244030148674288,-0.585353526983105,4,non_commute
ST-240,0.0162447200860735,-0.667053246283958,4,non_commute
ST-2401,1.63576953715342,1.17982765505685,2,non_commute
ST-2402,1.62182375747486,1.36853334712804,2,non_commute
ST-2403,0.775511629609615,1.91767224190033,2,non_commute
ST-2404,0.81816204984658,1.76873564087944,2,non_commute
ST-2405,0.363069022628643,1.3845646451465,2,non_commute
ST-2406,0.272257528521881,0.891922040871454,2,non_commute
ST-2407,-0.118573359401297,-1.17317601332755,4,non_commute
ST-2408,-0.0976848875718476,-0.968572793537568,4,non_commute
ST-2409,1.10181749509763,0.378231903845949,2,non_commute
ST-241,-0.340089529049512,-0.79754905913519,3,non_commute
ST-2410,1.63567527678935,1.39559115200356,2,non_commute
ST-2411,-2.60115017471241,-1.36768600490022,3,non_commute
ST-2412,-2.6181198023472,-1.15982780019873,3,non_commute
ST-2414,1.85972001957089,-0.0743977949684199,4,non_commute
ST-2415,1.96702094672322,0.399522751414366,2,non_commute
ST-2416,1.09114671523895,1.92475720779061,2,non_commute
ST-2417,0.736976348905778,2.10464852274852,2,non_commute
ST-2419,-2.75821035682249,-1.26670151969229,3,non_commute
ST-242,-0.626539842937882,-0.131778886384553,1,non_commute
ST-2420,-0.195716893236587,-0.231939055106578,1,non_commute
ST-2421,6.49456589913884,-0.635628090556817,4,non_commute
ST-2422,-1.67261065955625,0.45523591435144,1,non_commute
ST-2423,1.70067263459134,2.7208636110784,2,non_commute
ST-2424,1.5954347555985,1.42637875797786,2,non_commute
ST-2425,0.674593295424523,-0.127086893016226,4,non_commute
ST-2427,-1.52339594010577,1.13959967881628,1,non_commute
ST-2428,-0.230837028707763,-0.224965483155262,1,non_commute
ST-2429,-1.95524406890079,1.38515837714325,1,non_commute
ST-243,-0.336745819389144,-0.151320381787032,1,non_commute
ST-2430,-0.937391766354786,-0.426219430935939,1,non_commute
ST-2431,-1.19224155054987,0.453964724692639,1,non_commute
ST-2432,-1.28686859719251,-0.415865954047623,3,non_commute
ST-2433,-1.32669117634224,0.210365197722337,1,non_commute
ST-2434,-1.16567392611342,0.171943176444107,1,non_commute
ST-2435,-1.48124025359382,0.898938028627353,1,non_commute
ST-2436,0.45549084544608,3.56429335465166,2,non_commute
ST-2437,0.0751130113423878,-1.16190647232501,4,non_commute
ST-2438,1.32389597596187,-1.16091536371432,4,non_commute
ST-2439,1.06276721742764,-1.27590726977387,4,non_commute
ST-244,-0.6570909624373,0.184055436868099,1,non_commute
ST-2440,0.447601167202846,-0.456227390635404,4,non_commute
ST-2441,0.761808337345654,-1.23176576889892,4,non_commute
ST-2442,1.10351114918755,-0.606322797877075,4,non_commute
ST-2443,0.596781141474956,-0.409422566565794,4,non_commute
ST-2444,1.17923785199153,-0.413678801238845,4,non_commute
ST-2445,1.14172968735025,-0.790771004638825,4,non_commute
ST-2446,1.01446686322505,-0.634116702766363,4,non_commute
ST-2447,0.0757946652344534,-1.0255473363803,4,non_commute
ST-2448,-0.963706252138314,-0.475900659403651,3,non_commute
ST-2449,0.0245342678701128,-1.22087731803521,4,non_commute
ST-245,0.171812591219666,-0.758716810396672,4,non_commute
ST-2450,0.992019046925417,-1.30979462460297,4,non_commute
ST-2451,0.435310641273789,-0.739367387645211,4,non_commute
ST-2452,0.693054204869752,-0.736955009728912,4,non_commute
ST-2453,0.823624531283756,-1.04897341026129,4,non_commute
ST-2455,-0.30248243400067,-0.980561341869022,3,non_commute
ST-2456,0.674711663153528,-0.936816256678608,4,non_commute
ST-2457,1.28516197807244,0.192608297839229,2,non_commute
ST-2458,0.995065913600326,1.39245064528165,2,non_commute
ST-2459,1.61500375060071,1.03708559166631,2,non_commute
ST-246,0.26449635390033,0.00144477693319556,4,non_commute
ST-2460,3.53895576737115,0.855777314145927,2,non_commute
ST-2461,0.0839826151025527,1.21518890741976,2,non_commute
ST-2462,-1.31615483114851,1.20800489333399,1,non_commute
ST-2463,-0.804285441475382,0.431254795530719,1,non_commute
ST-2464,-1.0509229285386,-1.06282579346438,3,non_commute
ST-2465,-1.0190461241889,-1.05205488139789,3,non_commute
ST-2466,0.584788175245975,-1.28187684800314,4,non_commute
ST-2467,0.480496194609065,-1.06332212210873,4,non_commute
ST-2468,0.704959557881868,-0.95106492813354,4,non_commute
ST-2469,0.417669434308946,-0.975707658073134,4,non_commute
ST-247,-0.246543863568716,-0.758576382322177,4,non_commute
ST-2470,0.597855103946509,0.164849869135182,4,non_commute
ST-2471,2.0695390434626,2.15589985910146,2,non_commute
ST-2472,-1.96048391137087,0.499874707918211,1,non_commute
ST-2473,-2.19440471707561,0.680661834749047,1,non_commute
ST-2474,0.491991629614963,1.65545312535731,2,non_commute
ST-2476,-2.70585385124584,-1.16876801689494,3,non_commute
ST-2477,-2.59576244156428,-1.20952401520181,3,non_commute
ST-2478,-1.79240549209785,-1.80809370050907,3,non_commute
ST-2479,-1.84296719031381,-1.51966858766156,3,non_commute
ST-248,-0.45311820800244,-0.710866585082849,3,non_commute
ST-2480,-2.40468690878037,-0.789112534039927,3,non_commute
ST-2481,-2.23532999927895,-1.01458078994487,3,non_commute
ST-2482,-2.54410935864123,-1.35352128753354,3,non_commute
ST-2483,-2.34766155243874,-1.49740902072762,3,non_commute
ST-2484,-2.68600068209549,-0.767087472734512,3,non_commute
ST-2486,-2.57497661982311,-1.17691220698101,3,non_commute
ST-2487,-2.09510520620274,-1.45878988465051,3,non_commute
ST-2488,-2.37385031634563,-0.255212688548327,3,non_commute
ST-2489,-2.35857903674792,-1.60005939142522,3,non_commute
ST-249,-0.464085007783487,-0.32591573911885,1,non_commute
ST-2490,-2.39496774720419,-1.50597872225535,3,non_commute
ST-2491,-2.45506955460697,-1.74927233602204,3,non_commute
ST-2492,-1.99867489884622,-1.43998420877511,3,non_commute
ST-2493,-1.91655453378975,-1.18439504097236,3,non_commute
ST-2494,-1.49428081767233,-1.50440985428257,3,non_commute
ST-2496,0.147305146542564,0.310995051715581,1,non_commute
ST-2497,0.387427684019737,0.446246705470096,2,non_commute
ST-2498,-0.0188942463506815,0.31891965999462,1,non_commute
ST-2499,-0.459919649316112,0.0247151388397984,1,non_commute
ST-25,0.631602767953153,-0.944131976464577,4,non_commute
ST-250,1.34347439620187,-2.2408350193546,4,non_commute
ST-2500,-0.0880630577566758,0.168564056109708,1,non_commute
ST-2501,-0.200143446007264,0.149294934804186,1,non_commute
ST-2502,-0.38706710188784,0.552916782454629,1,non_commute
ST-2503,3.69845624782077,-0.374719693569549,4,non_commute
ST-2504,-0.124614050255284,0.840812012494651,1,non_commute
ST-2505,0.759648860592024,0.877804900177757,2,non_commute
ST-2506,0.159008146071433,0.349102123235505,1,non_commute
ST-2507,-0.55107248181233,0.350545552855692,1,non_commute
ST-2508,-0.893784605487252,0.492235553219218,1,non_commute
ST-2509,-0.293280868967661,-0.0436680749721178,1,non_commute
ST-251,-0.411577437895925,0.212060418963689,1,non_commute
ST-2510,0.175358485687422,3.68971993857122,2,non_commute
ST-2511,-1.27336440644663,0.59710717380516,1,non_commute
ST-2512,1.43820627298245,1.87428161927518,2,non_commute
ST-2513,-1.62939176058268,0.395403413100515,1,non_commute
ST-2514,-1.5739093107867,0.291416211490745,1,non_commute
ST-2516,-1.75745148593157,0.590722637442573,1,non_commute
ST-2517,-1.95166219857719,0.633606437095477,1,non_commute
ST-2518,-1.88353116980042,0.419856948395082,1,non_commute
ST-2519,-0.956807715420946,0.0609467804218915,1,non_commute
ST-252,-0.331375217938755,-0.477806117829691,1,non_commute
ST-2520,-1.84443152380923,0.458370299164207,1,non_commute
ST-2521,-1.68276761151998,0.612461342122682,1,non_commute
ST-2522,-1.46872229600803,0.224557335129335,1,non_commute
ST-2523,-3.10870518216899,-0.0949057403986654,3,non_commute
ST-2524,2.4384043104479,2.21504183691003,2,non_commute
ST-2525,-1.57330878874059,0.474520520124647,1,non_commute
ST-2526,-1.64839717390844,0.439153091129042,1,non_commute
ST-2527,-1.62129091747787,0.507952685456222,1,non_commute
ST-2528,-0.478658984480608,-0.451176788381474,1,non_commute
ST-2529,-1.4809981612742,1.51614513042961,1,non_commute
ST-253,-0.221008732734239,-0.887791179684394,4,non_commute
ST-2530,0.146048565375094,-0.687763159314566,4,non_commute
ST-2531,0.832357621703193,-1.54325959858633,4,non_commute
ST-2532,0.893323037587721,-1.60788068179652,4,non_commute
ST-2533,0.921763077280134,-1.55838522167368,4,non_commute
ST-2534,0.683314075442385,-1.61059655313519,4,non_commute
ST-2535,1.21685109657266,-1.5661282229295,4,non_commute
ST-2536,0.968126704231126,-1.47765902820118,4,non_commute
ST-2537,1.09902310151411,-1.33731915457364,4,non_commute
ST-2538,-2.75727394099307,-1.20266017805458,3,non_commute
ST-2539,-2.61951496123447,-0.577741997361961,3,non_commute
ST-254,0.0683967531253274,-1.07902430734674,4,non_commute
ST-2540,-0.382066791352162,2.56356234844947,1,non_commute
ST-2541,-0.432614360990625,-1.17729964776616,3,non_commute
ST-2542,-0.0658761773303273,-1.50008592801015,4,non_commute
ST-2543,-0.131510626484358,-0.879175390533182,4,non_commute
ST-2544,-0.418503873018823,-1.59014660200378,3,non_commute
ST-2545,0.339826066866171,-1.54232228307234,4,non_commute
ST-2546,0.376450165572745,-1.67704850540626,4,non_commute
ST-2547,-0.0752053439116668,-1.58848050569773,4,non_commute
ST-2548,-0.645309307108294,-1.52745612574223,3,non_commute
ST-2549,0.753395727107206,0.370452330973168,2,non_commute
ST-255,-0.0349433932379633,-0.87799928842448,4,non_commute
ST-2550,0.434636410483008,-3.44092723115064,4,non_commute
ST-2551,-2.07284981242547,-1.30852357069141,3,non_commute
ST-2552,-2.38635704778124,-1.41158011892883,3,non_commute
ST-2553,-1.28123438475893,-1.72163522647159,3,non_commute
ST-2554,-1.73457797337446,1.16278856607455,1,non_commute
ST-2555,-2.61597811457828,-1.19568876066535,3,non_commute
ST-2556,-2.66509201207065,-0.685831460770682,3,non_commute
ST-2557,-2.1690270852326,-1.39854739643995,3,non_commute
ST-2558,-2.47675488852701,-0.883679119939568,3,non_commute
ST-2559,-1.0309658241693,-1.08972789896042,3,non_commute
ST-256,0.368095493386284,-0.628026353886305,4,non_commute
ST-2560,-0.0153859049431145,0.258845682663459,1,non_commute
ST-2561,1.02844429429919,-1.03550186494251,4,non_commute
ST-2562,1.00347879751727,1.98827148571787,2,non_commute
ST-2563,-0.986916748323149,-2.00418198106907,3,non_commute
ST-2564,-0.98320330783207,-1.52116940792902,3,non_commute
ST-2565,-1.72767443752675,0.804417617220493,1,non_commute
ST-2567,1.79046079129991,1.06818468070865,2,non_commute
ST-2568,1.65345035749343,1.61153986357554,2,non_commute
ST-2569,-2.62377969049045,-1.27581245340401,3,non_commute
ST-257,0.0456496671170497,-1.61908089795668,4,non_commute
ST-2570,1.15563069854828,1.74990478776935,2,non_commute
ST-2571,1.68228965036873,-0.394942901599129,4,non_commute
ST-2572,0.188319521551083,1.53005685717737,2,non_commute
ST-2573,2.18551247771144,2.6431350271299,2,non_commute
ST-2574,1.62477540562586,-0.256819760415805,4,non_commute
ST-2575,0.287323453906797,1.80660804705149,2,non_commute
ST-2576,0.238263503596654,1.31258981315918,2,non_commute
ST-2577,1.75716964301325,-0.172407612768981,4,non_commute
ST-2578,1.03636245151993,0.0991647924875966,4,non_commute
ST-2579,1.252335797732,0.022099515782367,4,non_commute
ST-258,0.672465656226243,-1.67114518186691,4,non_commute
ST-2580,1.64094233732331,-0.0605986154281571,4,non_commute
ST-2581,0.139542685951597,1.4300687774868,2,non_commute
ST-2582,-1.63743214985634,2.36356524777796,1,non_commute
ST-2583,1.35760150357717,0.503707329364576,2,non_commute
ST-2584,0.15785434861523,1.67056339208212,2,non_commute
ST-2585,0.358548074723668,1.56958905402477,2,non_commute
ST-2586,-0.0825426435993113,1.07591066481214,1,non_commute
ST-2587,0.319314301509247,1.42843932162389,2,non_commute
ST-2588,-0.113610638311696,1.74435246893879,1,non_commute
ST-2589,0.0145408366483648,1.21860564858121,1,non_commute
ST-259,-0.080946468815345,-1.33185652842378,4,non_commute
ST-2590,0.277569024696172,1.14561014229072,2,non_commute
ST-2591,0.217439543182344,1.1728969489162,2,non_commute
ST-2592,1.45784297149405,0.118988961504468,4,non_commute
ST-2593,2.05535622157831,-0.0267877164038813,4,non_commute
ST-2594,1.63937618350646,-0.460572110951347,4,non_commute
ST-2595,1.60056896596262,-0.499948222587157,4,non_commute
ST-2596,1.58915802250727,-0.471076394899193,4,non_commute
ST-2597,0.248451972156972,1.60399582446862,2,non_commute
ST-2598,0.717039006436074,1.34363138693375,2,non_commute
ST-2599,0.172584604960109,1.65294154843296,2,non_commute
ST-26,0.263023319717102,-0.726138343626013,4,non_commute
ST-260,0.263175366245858,0.600121914580798,2,non_commute
ST-2600,0.392264709198987,1.49219242090486,2,non_commute
ST-2601,1.74921516000326,-0.436330310360601,4,non_commute
ST-2602,1.90214834576497,-0.151943287466921,4,non_commute
ST-2603,0.489910441642004,1.4032271988662,2,non_commute
ST-2604,-1.13509138632487,2.27879968962026,1,non_commute
ST-2605,0.345627079744096,1.51375455482325,2,non_commute
ST-2606,0.740862713918517,0.547744407202133,2,non_commute
ST-2607,-0.0463569625851081,1.87065950316435,2,non_commute
ST-2608,1.58072617750333,-0.296307324927264,4,non_commute
ST-2609,1.8290317774484,-0.478692871649573,4,non_commute
ST-261,-2.69896184167628,0.352419237758297,1,non_commute
ST-2610,1.56125181998345,0.935761072002663,2,non_commute
ST-2611,-2.57586972875217,-1.26831015822058,3,non_commute
ST-2612,-3.02385041594433,-0.34676658359515,3,non_commute
ST-2613,-2.5023588261659,-1.32988475607869,3,non_commute
ST-2614,-0.749648959357555,-0.836128642828467,3,non_commute
ST-2615,0.508781474273222,-0.929095352264306,4,non_commute
ST-2616,-0.0639739705399659,-1.36788843928452,4,non_commute
ST-2617,-0.484634569555908,-1.47142113646791,3,non_commute
ST-2618,-1.76857124449952,2.45993762477688,1,non_commute
ST-2619,0.0113719752738057,1.64281775137111,2,non_commute
ST-262,-0.200374586481035,0.0877315399257902,1,non_commute
ST-2620,0.412729187192295,2.05687951811181,2,non_commute
ST-2621,1.54557375312347,-0.0697984279628211,4,non_commute
ST-2622,2.03263952933568,1.79920716471092,2,non_commute
ST-2623,-1.72707000335755,0.599809397615093,1,non_commute
ST-2624,-1.05990321977925,-0.294063457945382,1,non_commute
ST-2625,-1.39905083232915,0.498366435661659,1,non_commute
ST-2626,-1.32082739198847,0.4517115567448,1,non_commute
ST-2627,-2.62149698763438,-0.836360905787688,3,non_commute
ST-2628,-0.447552125231576,0.87175211490679,1,non_commute
ST-2629,-0.138504163714277,0.56393488089872,1,non_commute
ST-2630,-0.158081512422194,0.517345259635279,1,non_commute
ST-2631,-0.151432139897371,0.597243198533177,1,non_commute
ST-2632,-0.207440015537091,0.965465028626577,1,non_commute
ST-2633,-0.162922108063031,1.04770159888143,1,non_commute
ST-2634,-0.320906302963418,0.350213406153813,1,non_commute
ST-2635,0.0101730338727771,0.769194297646654,1,non_commute
ST-2636,-0.232643944254378,0.783753645997209,1,non_commute
ST-2637,-1.26624685724182,-0.060185095687838,1,non_commute
ST-2638,-1.78223785668768,0.125036862042053,1,non_commute
ST-2639,-1.57888881412768,0.411600330746012,1,non_commute
ST-264,2.9288829137147,1.25768219240012,2,non_commute
ST-2641,-1.46581445664004,0.220811197343613,1,non_commute
ST-2642,-1.56699350699277,-0.0144023358796431,1,non_commute
ST-2643,-0.806156947201053,-2.52573789781534,3,non_commute
ST-2644,-0.739616552363878,-2.09472056826288,3,non_commute
ST-2645,-0.676640415338392,-2.21698874709334,3,non_commute
ST-2646,-0.383643742513805,-2.19623100325336,3,non_commute
ST-2647,-1.0267537356559,-2.4174014667203,3,non_commute
ST-2648,-0.592833004537029,-2.19777905163872,3,non_commute
ST-2649,0.401454265157962,-1.6054260494631,4,non_commute
ST-265,-0.625666356530384,0.127865793251304,1,non_commute
ST-2650,2.50242501400085,-0.669973129926553,4,non_commute
ST-2651,-0.175410149377438,-1.36575443236432,4,non_commute
ST-2652,0.312694517531696,-1.50715536132102,4,non_commute
ST-2653,-1.03200510031335,-0.908565503764662,3,non_commute
ST-2654,-0.56319581215546,-1.52304846775988,3,non_commute
ST-2655,0.90965728800743,2.04528767676694,2,non_commute
ST-2656,1.5667298284408,0.996052529894439,2,non_commute
ST-2657,1.86887640761857,0.404600994869846,2,non_commute
ST-2658,1.97910527585903,0.518126046010414,2,non_commute
ST-2659,2.19052956926061,0.76308184476154,2,non_commute
ST-266,0.148749269502566,0.403783304754198,1,non_commute
ST-2660,3.58547670221452,-0.507917880733308,4,non_commute
ST-2661,0.647056436566641,2.39137418456307,2,non_commute
ST-2662,0.957875355060002,2.08830733784748,2,non_commute
ST-2663,1.94574824959083,0.840400902409677,2,non_commute
ST-2664,1.81841945858558,0.212476413745129,2,non_commute
ST-2665,-0.542469376670499,2.66993208468504,1,non_commute
ST-2666,1.00490974069648,1.9353716147621,2,non_commute
ST-2667,2.13527142643762,0.666770518623161,2,non_commute
ST-2668,0.980759368510521,1.79994077156699,2,non_commute
ST-2669,2.12604845476072,0.594207555683552,2,non_commute
ST-267,0.339872194626737,0.147271416756928,4,non_commute
ST-2670,2.47642874393355,-0.746554211000801,4,non_commute
ST-2671,1.64464243132174,1.19834109900592,2,non_commute
ST-2672,3.15078346806856,0.421959163430748,2,non_commute
ST-2673,2.02868703094273,0.181276788104413,2,non_commute
ST-2674,1.23198640349011,1.82136373201179,2,non_commute
ST-2675,0.971828233589082,1.1974177545757,2,non_commute
ST-2676,0.240068002028039,1.85164976396055,2,non_commute
ST-2677,0.429804409850128,1.92843121246008,2,non_commute
ST-2678,1.38149636491799,1.12661762398953,2,non_commute
ST-2679,1.9537261754779,1.07797702793107,2,non_commute
ST-268,0.28698452133358,0.663775968608276,2,non_commute
ST-2680,1.63448957687163,1.20321622163164,2,non_commute
ST-2681,0.296034509981684,1.63949157959102,2,non_commute
ST-2682,1.74984553694997,1.23396536877611,2,non_commute
ST-2683,1.39801755738723,-0.984164959783136,4,non_commute
ST-2684,1.40550360854891,1.32778237055805,2,non_commute
ST-2685,1.50366364078017,1.35264344830049,2,non_commute
ST-2686,1.17356272290517,1.07466432071744,2,non_commute
ST-2688,2.24113137739114,0.0669631700780285,4,non_commute
ST-2689,1.38598977742862,1.5592550725493,2,non_commute
ST-269,-0.405499109558961,0.47765880478505,1,non_commute
ST-2690,2.0597912731191,0.155729700785065,2,non_commute
ST-2691,0.808621695959542,1.98450977326662,2,non_commute
ST-2692,-1.63136498140528,-1.26769455109246,3,non_commute
ST-2693,-1.7075821853523,0.324182066230356,1,non_commute
ST-2694,-0.332811686855464,-2.09611628241309,3,non_commute
ST-2695,-4.62173591771247,3.3008067533929,1,non_commute
ST-2696,1.81895820973397,1.79749862716667,2,non_commute
ST-2697,1.75877871825257,1.54828333158539,2,non_commute
ST-2698,0.156754086425545,0.24072476381532,1,non_commute
ST-2699,-2.5503593178966,-0.458905707244892,3,non_commute
ST-27,-2.13986398697693,0.865350810947499,1,non_commute
ST-270,-0.258349544635851,0.314950406864413,1,non_commute
ST-2700,0.0683823416546177,0.039805711243736,1,non_commute
ST-2701,-0.12972262855978,0.264096780702107,1,non_commute
ST-2702,0.116905460443321,0.299006638581245,1,non_commute
ST-2703,0.181476642566555,0.521142823015564,1,non_commute
ST-2704,0.537549164661073,0.306439807608684,2,non_commute
ST-2705,0.475900978718807,0.682734044837391,2,non_commute
ST-2706,0.0870832772059685,-0.00423285889162848,4,non_commute
ST-2707,-0.166606800009913,0.334799478608385,1,non_commute
ST-2708,0.230495154729503,0.664765061216892,2,non_commute
ST-2709,0.462038368603571,-0.165824460178074,4,non_commute
ST-271,-0.801606762524987,0.375089232060391,1,non_commute
ST-2710,0.325442572809116,0.256413092267155,4,non_commute
ST-2711,0.0957979365508374,0.0494620127770434,1,non_commute
ST-2712,0.0630714507249526,0.0827612570476962,1,non_commute
ST-2713,0.417173755816631,0.543612032887663,2,non_commute
ST-2714,0.948324014134361,0.608319683184273,2,non_commute
ST-2715,0.0530427448792564,0.494789409867464,1,non_commute
ST-2716,0.0402925858729025,0.223207172502785,1,non_commute
ST-2717,0.0706120491175188,-0.00667635177533008,1,non_commute
ST-2718,0.0429349955361489,0.161143819148935,1,non_commute
ST-2719,-0.0164160921348174,-0.0610304592435195,1,non_commute
ST-272,-0.948462462892977,0.365113305143325,1,non_commute
ST-2720,1.15699916980885,0.445440300614981,2,non_commute
ST-2721,0.827069638193091,2.05027145812142,2,non_commute
ST-2722,1.5332703552852,1.35177327959818,2,non_commute
ST-2723,0.352809020955508,0.567057044495139,2,non_commute
ST-2724,0.829554302088903,0.935504470904535,2,non_commute
ST-2725,1.45473927362765,0.629553650720874,2,non_commute
ST-2726,0.402133811482369,0.445362208032667,2,non_commute
ST-2727,1.36567644265876,1.10963613035639,2,non_commute
ST-2728,1.73110508046974,-0.530781465574643,4,non_commute
ST-2729,0.0698967771457744,0.200924815933755,1,non_commute
ST-273,-0.630857278954369,0.568003596923143,1,non_commute
ST-2730,0.881180657541746,0.523192011759743,2,non_commute
ST-2731,1.38758939723864,1.16591605230046,2,non_commute
ST-2732,1.61100166807701,0.146472806138685,2,non_commute
ST-2733,1.82965058177132,1.0304810086751,2,non_commute
ST-2734,1.43850684203433,0.360959568190768,2,non_commute
ST-2736,1.78233416183323,0.762362970799006,2,non_commute
ST-2737,1.74920270200887,1.59017217247403,2,non_commute
ST-2738,1.41740184339824,0.0342616510483574,4,non_commute
ST-2739,1.68340630892521,1.64481556391406,2,non_commute
ST-274,-0.575674035566835,0.634418508836932,1,non_commute
ST-2740,1.56258621084623,-0.0665695556303351,4,non_commute
ST-2742,1.48098545426321,-0.138498884331427,4,non_commute
ST-2743,2.03446011441029,1.78537789768939,2,non_commute
ST-2744,1.81143402672595,1.84101343674279,2,non_commute
ST-2745,1.84743040384224,2.0121472797872,2,non_commute
ST-2746,3.54403446600401,-1.04343812225741,4,non_commute
ST-2747,1.58502942180411,0.0988670368162767,4,non_commute
ST-2748,1.55356359759491,-0.172754269690288,4,non_commute
ST-2749,1.57246141999602,0.121285974579724,4,non_commute
ST-275,0.222639008408866,0.197365374785936,1,non_commute
ST-2750,1.52171452388581,0.00891529063210786,4,non_commute
ST-2751,1.54129648027468,0.0729297169630106,4,non_commute
ST-2752,-2.64718142962338,-1.12757267218264,3,non_commute
ST-2753,-1.29602019336438,0.83339571217432,1,non_commute
ST-2754,-0.013453329561267,0.191141394733231,1,non_commute
ST-2755,2.22398622211156,2.77350611939007,2,non_commute
ST-2756,1.96687400594065,-0.672490631887587,4,non_commute
ST-2757,1.3061800236811,-0.0343043786519446,4,non_commute
ST-2759,-1.63500718593739,-1.14724184486205,3,non_commute
ST-276,-0.11382591359421,-0.0540474991123084,1,non_commute
ST-2760,-1.42785369019625,-1.2275968270686,3,non_commute
ST-2761,-1.71240063896549,-1.12381797016867,3,non_commute
ST-2762,-1.68660104257572,-0.945846378697943,3,non_commute
ST-2763,-1.64472900023503,-1.00335121303085,3,non_commute
ST-2764,-1.46127808948373,-1.27122896626452,3,non_commute
ST-2765,-1.52273494166725,-0.996566172282615,3,non_commute
ST-2766,-1.77629628539992,1.36219614319854,1,non_commute
ST-2767,-2.14114134624001,-0.885814255574046,3,non_commute
ST-2768,-1.73519525412906,-0.796652054772764,3,non_commute
ST-2769,-2.3107555621133,-1.00669646361041,3,non_commute
ST-277,-0.550459922477858,-1.90880614360088,3,non_commute
ST-2770,-1.95846068956364,-0.80073163304143,3,non_commute
ST-2771,-1.97810626460913,-0.673031998027541,3,non_commute
ST-2772,-0.651678937677279,-1.28429404821663,3,non_commute
ST-2773,-1.30891568040284,-1.44530850220084,3,non_commute
ST-2774,-1.34545251188103,-1.37939627286816,3,non_commute
ST-2775,0.643426236563351,-0.25619598483272,4,non_commute
ST-2776,0.487355296388251,0.0159562725193681,4,non_commute
ST-2777,0.692542459221429,-0.451142922441445,4,non_commute
ST-2778,0.673642503977511,0.38255241829429,2,non_commute
ST-2779,0.69231210564578,-0.65915262625024,4,non_commute
ST-278,-0.688511371905659,-2.14336017286163,3,non_commute
ST-2780,0.62466278316702,1.88631028578668,2,non_commute
ST-2781,-0.00893257048556219,2.03204245919379,2,non_commute
ST-2782,0.401766823837475,0.792728734883531,2,non_commute
ST-2783,0.350933678510571,1.39142295958218,2,non_commute
ST-2784,1.46174742290797,-1.04682307654932,4,non_commute
ST-2785,0.562917631793432,-0.296329816856898,4,non_commute
ST-2786,-0.985061897932763,-0.206358583259859,1,non_commute
ST-2787,-0.247320544266969,-0.37948240479425,1,non_commute
ST-2788,0.761449695762594,1.93425259158625,2,non_commute
ST-2789,-2.68878262715758,-1.26970496004253,3,non_commute
ST-279,-0.839594075157577,-1.77306484265517,3,non_commute
ST-2790,-2.71127794217673,-1.51730615665016,3,non_commute
ST-2791,0.332513502605202,0.545778277026336,2,non_commute
ST-2792,0.110818946642909,0.11399506281488,1,non_commute
ST-2793,1.12854897693726,0.92880003242016,2,non_commute
ST-2794,-2.44846359588325,-0.93116032461465,3,non_commute
ST-2795,-0.51633296830497,1.19316277273619,1,non_commute
ST-2796,1.39743819032635,0.0237748942093508,4,non_commute
ST-2797,1.54818621191426,-0.305362842963643,4,non_commute
ST-2798,0.930162040966276,0.166320115568793,4,non_commute
ST-2799,0.544920060499484,0.193764080205559,4,non_commute
ST-28,-0.0821786811076246,-0.237739529541149,4,non_commute
ST-280,-0.911450511225824,-2.17930055265934,3,non_commute
ST-2800,-0.379983479959459,-1.42477845035635,3,non_commute
ST-2801,-0.419590465246055,-1.86471086168651,3,non_commute
ST-2802,-2.39623438408532,2.47882634872498,1,non_commute
ST-2803,-0.230224327984616,-1.92611277783636,3,non_commute
ST-2804,-0.124090266672339,0.5975802392348,1,non_commute
ST-2805,-0.127140556094331,0.379134308831803,1,non_commute
ST-2806,-0.878713524756894,-2.10523820234954,3,non_commute
ST-2807,-0.76233049015772,-2.31565815309472,3,non_commute
ST-2808,-1.26561072502954,-1.31159261487534,3,non_commute
ST-2809,-0.688609425928992,-1.59959428999938,3,non_commute
ST-281,-0.904386040103399,-2.20784561487671,3,non_commute
ST-2810,-0.368363725279707,-2.00972157163108,3,non_commute
ST-2811,-0.743097869522342,-2.1720954614987,3,non_commute
ST-2812,-0.939489353224623,-1.96667487131042,3,non_commute
ST-2813,-0.316409485394148,-2.29368961882646,3,non_commute
ST-2814,-0.466690924882859,-2.2457262566812,3,non_commute
ST-2815,-0.837541290029278,-2.12860328328749,3,non_commute
ST-2816,-0.89253120238097,-1.28464660998227,3,non_commute
ST-2817,-0.825265187205853,-1.24087178081274,3,non_commute
ST-2818,-1.43219343977735,0.863717449437328,1,non_commute
ST-2819,-0.713558765807736,-1.50262148723526,3,non_commute
ST-282,-1.03733995269673,-1.77178976654087,3,non_commute
ST-2820,-0.988791271821799,-1.93348106947097,3,non_commute
ST-2821,-0.75144443206482,-1.72308020155859,3,non_commute
ST-2822,-0.83782392716796,-2.22096753529251,3,non_commute
ST-2823,-0.782230277245726,-1.25224821974354,3,non_commute
ST-2824,0.46754554881934,1.36409321382631,2,non_commute
ST-2825,0.663468381692198,-0.506317068023232,4,non_commute
ST-2826,-1.05255472999801,2.32783017706595,1,non_commute
ST-2827,0.96062254610869,-1.4557775332148,4,non_commute
ST-2828,-1.38884142622488,1.23687280462011,1,non_commute
ST-2829,-1.72160064705823,1.46592635300732,1,non_commute
ST-283,-1.83835913583148,2.09670700016389,1,non_commute
ST-2830,-0.383087485070115,-0.877726933510459,3,non_commute
ST-2831,-2.60868705020449,-1.01758008161625,3,non_commute
ST-2832,-2.64666425263166,-1.11745908153867,3,non_commute
ST-2833,1.55166344441527,-0.267791338357695,4,non_commute
ST-2834,-0.361907505440215,-0.819529032002801,3,non_commute
ST-2835,0.10759478090295,0.189642676059393,1,non_commute
ST-2836,2.75145520298458,2.04581881295409,2,non_commute
ST-2837,1.83073648815555,0.990125294944967,2,non_commute
ST-2838,0.213416159440189,1.83184499871255,2,non_commute
ST-2839,2.2942517681757,0.29055755436012,2,non_commute
ST-284,-0.678322439074825,-1.48119643512606,3,non_commute
ST-2840,-0.915215247585262,2.53785270458009,1,non_commute
ST-2841,1.25036867746016,-0.158949558233719,4,non_commute
ST-2842,0.0434108375556151,-1.40786288029543,4,non_commute
ST-2843,-0.102266903133944,-0.445500340797814,4,non_commute
ST-2844,-1.46961264996475,-1.41657387686601,3,non_commute
ST-2845,-1.43218064640645,0.0829716428537786,1,non_commute
ST-2846,-0.236865797258671,0.522564096369268,1,non_commute
ST-2847,0.992148602619105,1.26623248202915,2,non_commute
ST-2848,2.87421301935843,0.778602070557809,2,non_commute
ST-2849,0.909753256040048,0.552165967367878,2,non_commute
ST-285,-0.857589039923539,-1.94931471737315,3,non_commute
ST-2850,3.05784900856327,-0.756218992158064,4,non_commute
ST-2851,-0.453265096634552,-1.22081690590278,3,non_commute
ST-2852,-0.874783628427838,-1.94893541278305,3,non_commute
ST-2853,0.177812738889862,2.291076338739,2,non_commute
ST-2854,1.81375717665628,1.73797872116459,2,non_commute
ST-2855,-1.48868336009789,0.351178828438895,1,non_commute
ST-2856,0.742424048521197,-0.230835803097912,4,non_commute
ST-2857,-2.59761854345005,-1.23119821626392,3,non_commute
ST-2858,-2.59560899762562,-1.26355211513216,3,non_commute
ST-2859,-0.0526960490355619,-0.012904646952574,1,non_commute
ST-286,-0.591924578333662,-1.47589065751539,3,non_commute
ST-2860,-0.311823541550744,0.685749522496988,1,non_commute
ST-2861,0.338786278542172,1.0119595214385,2,non_commute
ST-2862,1.84227571575285,1.74741555406334,2,non_commute
ST-2865,0.367034949550325,-1.64742912317592,4,non_commute
ST-2866,0.227152080496064,-0.731723727751257,4,non_commute
ST-2867,0.966633635294552,1.19638618797748,2,non_commute
ST-2868,0.354776888458287,1.66354443373123,2,non_commute
ST-2869,1.19816127491265,1.53102800436585,2,non_commute
ST-287,-0.827656005593621,-2.29516107794381,3,non_commute
ST-2870,1.27653208705375,1.57916468797107,2,non_commute
ST-2871,-2.73439909205475,-1.25656814005689,3,non_commute
ST-2872,0.29495492457608,-1.39328936162002,4,non_commute
ST-2873,-0.859055161884518,-1.04041541255361,3,non_commute
ST-2874,0.799220969760243,-1.70488991552509,4,non_commute
ST-2875,0.51372160046529,2.30029558975796,2,non_commute
ST-2876,1.62722787843731,-0.287576760101688,4,non_commute
ST-2877,1.38077127542016,0.180266768116374,2,non_commute
ST-2878,0.569311280599969,1.0634815079711,2,non_commute
ST-2879,-1.38204168505802,-1.39866483482737,3,non_commute
ST-288,-0.742924810528345,-2.11323566520069,3,non_commute
ST-2880,-0.519606586557995,-0.306145337400845,1,non_commute
ST-2881,-2.56318348722633,1.4258172947698,1,non_commute
ST-2882,2.30655502550278,1.25514428251497,2,non_commute
ST-2883,-2.45236712967331,-1.35472593831936,3,non_commute
ST-2884,-2.64254850032641,-1.21652634792024,3,non_commute
ST-2885,-3.84596669619572,-2.18113644314968,3,non_commute
ST-2886,-2.53839873083299,-1.42915141566095,3,non_commute
ST-2887,-1.45991693409951,-1.32765507552816,3,non_commute
ST-2888,-2.33628246929532,-1.22078195543903,3,non_commute
ST-2889,-4.16602595209261,-1.17169840127871,3,non_commute
ST-289,-0.947240235256005,-1.98698600991845,3,non_commute
ST-2890,-0.963103345694405,2.57374018893713,1,non_commute
ST-2891,-0.0286426125901142,-1.55337370895656,4,non_commute
ST-2892,-1.09113478434578,-1.01898275543428,3,non_commute
ST-2893,-1.5061693993285,0.564867233743944,1,non_commute
ST-2894,-0.951142734499333,2.30542394521031,1,non_commute
ST-2895,-1.51561122626244,0.356408995908972,1,non_commute
ST-2896,0.169877321861611,0.442007018735579,1,non_commute
ST-2897,1.08345353720223,-1.39772879236403,4,non_commute
ST-2898,-0.0254564258721197,1.02107707881408,1,non_commute
ST-2899,-0.454246848389608,-2.18404898464209,3,non_commute
ST-29,0.524383351604074,-1.16018427686247,4,non_commute
ST-290,-1.05043743200764,-0.934587083770925,3,non_commute
ST-2900,0.381533001310454,-2.27118072650479,4,non_commute
ST-2901,-0.749405171858821,-1.44369828306185,3,non_commute
ST-2902,-0.466886891543152,-1.91624474481598,3,non_commute
ST-2903,-1.12641121889723,0.379717426753621,1,non_commute
ST-2904,-0.00374417940589388,0.715813155301139,1,non_commute
ST-2905,0.779573423112427,-1.51723240436435,4,non_commute
ST-2906,-0.166175089320227,0.702190031846815,1,non_commute
ST-2907,0.39756207943023,1.98025404989571,2,non_commute
ST-2908,1.72703862461946,1.86609280391954,2,non_commute
ST-2909,1.53857164928538,1.6083868985793,2,non_commute
ST-291,-0.762443842201927,-1.56290576838022,3,non_commute
ST-2910,-0.990828681569627,0.685652089334538,1,non_commute
ST-2911,-1.06709875072563,1.42188945393052,1,non_commute
ST-2912,-1.4817532858782,0.469465532508185,1,non_commute
ST-2913,-1.4083744484776,0.201864570995349,1,non_commute
ST-2914,0.713300506501141,0.357056836218181,2,non_commute
ST-2915,0.475092869428457,0.94064100130323,2,non_commute
ST-2916,1.39230543754646,0.774870604860112,2,non_commute
ST-2917,0.0597718832191861,1.57520738914425,2,non_commute
ST-2918,1.10611379048099,-0.216683999437613,4,non_commute
ST-292,-0.90623475619014,-2.09871724988142,3,non_commute
ST-2920,-0.398977905153249,-1.94857673625962,3,non_commute
ST-2921,-0.204384132824481,0.271494010442517,1,non_commute
ST-2922,-0.250332029197034,0.613300684159221,1,non_commute
ST-2923,-1.79736671225427,0.609729756082189,1,non_commute
ST-2924,0.510822248338862,-1.13349045022383,4,non_commute
ST-2925,1.17131414433963,1.50982418856964,2,non_commute
ST-2926,1.09627948680376,1.7054132220855,2,non_commute
ST-2927,1.49387353781792,1.40567411903988,2,non_commute
ST-2928,-2.61315418452823,1.84379541397131,1,non_commute
ST-2929,1.06013563478316,0.213057213893878,2,non_commute
ST-293,-0.680543755961601,-2.2682348634614,3,non_commute
ST-2931,-0.901333545112004,0.775135829055328,1,non_commute
ST-2932,-1.53662410759666,0.386725816540598,1,non_commute
ST-2933,1.90622698510419,-1.16478312053161,4,non_commute
ST-2934,0.509016751613004,-1.64045616205159,4,non_commute
ST-2935,-0.334301924639659,0.469572381280462,1,non_commute
ST-2936,-0.0587304951734005,1.41722038378504,1,non_commute
ST-2937,0.825708872247576,1.40416920726945,2,non_commute
ST-2938,0.0744436743850551,1.47939692448435,2,non_commute
ST-2939,0.173931737795757,1.13916890222078,2,non_commute
ST-294,-0.752462022116099,-2.13345287615393,3,non_commute
ST-2940,1.77452756108159,-0.381906975413671,4,non_commute
ST-2941,-0.137182849665608,1.20839167414894,1,non_commute
ST-2942,-0.00181887018215101,1.11168221451932,1,non_commute
ST-2943,-2.55048534681896,-1.72349372114306,3,non_commute
ST-2944,-2.23999723015861,-1.42864580814662,3,non_commute
ST-2945,-2.72734247914442,-1.26870353919052,3,non_commute
ST-2946,-1.63637855115479,-1.78776506330643,3,non_commute
ST-2947,-2.30322591405757,-1.10296692412582,3,non_commute
ST-2948,1.5537282711683,-0.732264867310973,4,non_commute
ST-2949,-1.67763480792386,1.05991143677978,1,non_commute
ST-295,-0.720586163405253,-2.25802756252764,3,non_commute
ST-2950,-2.9440274549619,1.1739260394425,1,non_commute
ST-2951,0.902843219917096,2.42391990731195,2,non_commute
ST-2952,-0.464725901852599,0.816013981451542,1,non_commute
ST-2953,-0.291345643144109,0.707183758399687,1,non_commute
ST-2954,-0.102445678904192,0.489781541191749,1,non_commute
ST-2955,0.56730881095464,0.052251569801963,4,non_commute
ST-2956,0.351429883835286,-0.206716799954477,4,non_commute
ST-2957,0.410860910842314,0.827688727164708,2,non_commute
ST-2958,-1.13042249216938,-1.42536714860869,3,non_commute
ST-2959,-0.997780434733003,-1.30854625118046,3,non_commute
ST-296,0.229015328235684,-1.93820342549621,4,non_commute
ST-2960,-1.52058932456027,-1.11402516253162,3,non_commute
ST-2961,-1.49793534569377,-1.1900437280433,3,non_commute
ST-2962,1.44347621489501,1.77512922975905,2,non_commute
ST-2964,-1.76350748327382,-0.273571511565865,3,non_commute
ST-2965,-2.64115301035751,-1.21579444590756,3,non_commute
ST-2966,1.68767825129613,1.72727677928241,2,non_commute
ST-2967,0.296449257040822,0.418428943818439,2,non_commute
ST-2969,-0.198261384761838,0.272811139477154,1,non_commute
ST-297,-0.142148212231727,-1.7283230852484,3,non_commute
ST-2970,0.647511781475402,2.21119953162322,2,non_commute
ST-2971,1.40437127709883,1.02062609670581,2,non_commute
ST-2972,0.0573725038482732,1.03904321042928,1,non_commute
ST-2973,-3.64646904429722,0.00656305618343587,3,non_commute
ST-2974,1.20953420532596,-1.28332239950307,4,non_commute
ST-2975,0.278244034065834,-0.855880930083745,4,non_commute
ST-2976,-0.413296134319673,0.110615650596346,1,non_commute
ST-2977,1.39904671131487,-1.45198386704345,4,non_commute
ST-2978,-0.0954781679159141,-0.366057370141648,4,non_commute
ST-2979,0.807748876147391,-1.54768217386581,4,non_commute
ST-298,-0.219008545097764,-1.42712214177654,3,non_commute
ST-2980,-0.537377682548514,-0.483101138824038,1,non_commute
ST-2981,1.21891395407257,-1.42374091032953,4,non_commute
ST-2982,1.22438765503897,2.66175409239573,2,non_commute
ST-2983,-1.06584863816117,-0.423846966547037,3,non_commute
ST-2984,0.18963214468511,1.28051126507806,2,non_commute
ST-2985,0.324322146623102,1.06832709667144,2,non_commute
ST-2986,1.4398244565552,-0.143359278799803,4,non_commute
ST-2987,0.201220883626583,1.51531202434146,2,non_commute
ST-2988,0.196757246036705,1.54029995094251,2,non_commute
ST-2989,-0.169378438427594,1.16487313682913,1,non_commute
ST-299,-0.440161951477377,-1.53602831248166,3,non_commute
ST-2990,0.449150722377597,2.49661276967084,2,non_commute
ST-2991,1.72650558061593,-0.419397733577791,4,non_commute
ST-2992,-2.43966066438833,-1.05420603649568,3,non_commute
ST-2993,-2.67971983532854,-1.18319982589272,3,non_commute
ST-2994,-1.95393852594152,-1.38548955757966,3,non_commute
ST-2995,0.166149871472968,-1.30437780612813,4,non_commute
ST-2996,-0.562635872205076,-1.05641685240196,3,non_commute
ST-2997,-1.50628423145469,0.727769489237317,1,non_commute
ST-2998,0.0301901632675786,3.1877180813379,2,non_commute
ST-2999,-1.37609084278041,-0.224040463867386,1,non_commute
ST-3,1.93764538584417,1.40926586860116,2,non_commute
ST-30,0.130785058703179,-0.893677461228211,4,non_commute
ST-300,-0.60021860392243,-1.43275502395147,3,non_commute
ST-3000,3.09638051890449,-0.369478921194834,4,non_commute
ST-3002,0.545265059506266,-1.46987245371794,4,non_commute
ST-3003,0.482721642660535,-1.32873134916913,4,non_commute
ST-3004,0.205158980040685,1.46228360044847,2,non_commute
ST-3005,1.35398144342578,-0.457765011229577,4,non_commute
ST-3006,-0.21858452824882,0.892923942911751,1,non_commute
ST-3007,-1.74118311721411,0.734562372483595,1,non_commute
ST-3008,-0.178333076346787,-0.515752585094013,4,non_commute
ST-3009,1.40969193467768,0.442607148303058,2,non_commute
ST-301,-0.747771863475646,2.52429094973452,1,non_commute
ST-3010,4.69214253880117,-1.31944486370473,4,non_commute
ST-3011,-0.737716219872542,-2.31105816019421,3,non_commute
ST-3012,-0.0594252078877064,-0.739820702510033,4,non_commute
ST-3013,-1.11287263453252,-1.01483278084327,3,non_commute
ST-3014,-1.6674150048306,1.97816521477785,1,non_commute
ST-3015,-0.0323425444405467,0.0260221903740817,1,non_commute
ST-3017,0.878010719455108,-1.38955544668934,4,non_commute
ST-3018,-0.0603160565832371,1.37448747859103,1,non_commute
ST-3019,0.168122970548223,-1.18935973876813,4,non_commute
ST-302,-0.76880930868613,-1.34234596840466,3,non_commute
ST-3020,-0.494717897420568,-0.290828821021731,1,non_commute
ST-3021,0.57800734279185,-0.47921927109229,4,non_commute
ST-3022,1.99839651018673,2.95588001780419,2,non_commute
ST-3023,-0.26432699898475,1.33847380756694,1,non_commute
ST-3024,-0.274517712818284,1.33761771396065,1,non_commute
ST-3025,0.019642566742786,0.527376989050059,1,non_commute
ST-3026,0.21103065997766,0.598865711236212,2,non_commute
ST-3027,-1.09428567806688,0.272413951784339,1,non_commute
ST-3028,0.513406449396417,1.307426848607,2,non_commute
ST-3029,-1.59351727802022,-0.252300637145021,1,non_commute
ST-303,-0.836117618183821,-1.48826589521145,3,non_commute
ST-3030,-0.982843210770026,-1.98778596752251,3,non_commute
ST-3031,-2.77205774974707,-0.845003292019425,3,non_commute
ST-3032,-1.46660094862098,0.11587610393985,1,non_commute
ST-3033,1.11966910419947,-1.91468623881885,4,non_commute
ST-3034,1.38424783795623,2.7372364716393,2,non_commute
ST-3035,-0.494115418998508,1.14336311873503,1,non_commute
ST-3036,0.744368432601898,1.60817614026749,2,non_commute
ST-3037,-1.4989019350005,1.38858634268424,1,non_commute
ST-3038,0.596270121692682,1.05831002146037,2,non_commute
ST-3039,0.344744283671774,0.754728393178762,2,non_commute
ST-304,-0.894059221358769,-1.58513669746973,3,non_commute
ST-3040,-0.889417620510212,-1.20232581758194,3,non_commute
ST-3041,-1.3647241152254,-0.820758313133591,3,non_commute
ST-3042,0.164534803515643,-0.89858654168047,4,non_commute
ST-3043,0.584249572121448,-1.164236789875,4,non_commute
ST-3044,0.193266314409533,-1.23420936713201,4,non_commute
ST-3045,-0.436918684539487,1.23479636023981,1,non_commute
ST-3046,-0.24013751122434,0.89798985354183,1,non_commute
ST-3047,-1.5792841908728,-1.14267302224527,3,non_commute
ST-3048,-2.24884240330208,-0.0690886255165432,1,non_commute
ST-3049,1.33547750639776,1.16494966689229,2,non_commute
ST-305,2.24923787569516,-1.68171980386931,4,non_commute
ST-3050,0.256186195596947,0.309633793277473,1,non_commute
ST-3051,-1.17748061596113,-0.119055352663301,1,non_commute
ST-3052,-1.52065896928849,0.346185063327267,1,non_commute
ST-3053,-1.0801954406045,-0.0548831754980503,1,non_commute
ST-3054,-1.0594196745831,0.202073532311631,1,non_commute
ST-3055,-0.98716531135096,0.201735475036111,1,non_commute
ST-3056,0.872323071551208,-0.475723146552745,4,non_commute
ST-3057,0.137567028031462,2.08312960816242,2,non_commute
ST-3058,0.521066751697435,1.40705473712191,2,non_commute
ST-3059,-1.37137241752573,-1.35357711219905,3,non_commute
ST-306,-0.486501830675267,-2.24281328718972,3,non_commute
ST-3060,0.491023878312437,1.12471215952742,2,non_commute
ST-3061,-0.428031969301341,-2.16607712553232,3,non_commute
ST-3062,0.627735932544247,-1.54041305922239,4,non_commute
ST-3063,0.032363369640216,0.266297421832728,1,non_commute
ST-3064,0.364533538037846,-1.73840125081877,4,non_commute
ST-3065,2.08665593298231,-0.467577283237404,4,non_commute
ST-3066,2.32504804648603,0.124997316916512,2,non_commute
ST-3067,-1.51391677661122,0.993141079039045,1,non_commute
ST-3068,-1.7113511879565,-1.72209703021283,3,non_commute
ST-3069,1.68194531275939,-0.257312033962454,4,non_commute
ST-307,-0.440874219367442,-2.19020889667451,3,non_commute
ST-3070,1.60991864149241,-0.116973526841897,4,non_commute
ST-3071,-0.18395264674919,1.71645677799535,1,non_commute
ST-3072,-0.535614108053779,-2.52133577576577,3,non_commute
ST-3073,-1.51014219957749,-3.00797624324502,3,non_commute
ST-3075,-1.98700556581198,0.510978606061003,1,non_commute
ST-3076,0.578607350964289,-0.439454403583009,4,non_commute
ST-3077,1.80191521790637,0.931798843627632,2,non_commute
ST-3078,2.01065606678618,0.0440720130615637,4,non_commute
ST-3079,1.76767114973637,0.509855408081452,2,non_commute
ST-308,-1.90701120426078,-1.33819286538636,3,non_commute
ST-3080,-0.213183968520532,-1.06170082828375,4,non_commute
ST-3081,0.880380269495886,-1.30976145162062,4,non_commute
ST-3082,-0.745575082083736,-0.381963334863564,1,non_commute
ST-3083,1.24110162624489,-1.29097383132864,4,non_commute
ST-3084,-2.25594632944174,-1.38404369397887,3,non_commute
ST-3085,1.80416668807833,1.09061893168059,2,non_commute
ST-3086,1.47229508088962,-0.692961547230906,4,non_commute
ST-3087,1.73716633574899,1.53237248143789,2,non_commute
ST-3088,-1.32055836751285,-0.890984598610958,3,non_commute
ST-3089,-1.48498392876243,-1.1327235232963,3,non_commute
ST-309,-1.4928567688231,-1.12252924700417,3,non_commute
ST-3090,-1.9288399763073,0.360156139409584,1,non_commute
ST-3091,1.23153481332094,0.559279953952634,2,non_commute
ST-3092,1.35243650833755,0.765423528259212,2,non_commute
ST-3093,0.491992558511865,0.605108857506609,2,non_commute
ST-3094,-2.18960043021003,-1.41141997967485,3,non_commute
ST-3095,1.02633224218824,-1.26155376148436,4,non_commute
ST-3096,1.98036172308936,0.550708325872864,2,non_commute
ST-3097,0.399996558796,-0.666285282401048,4,non_commute
ST-3098,1.43757797500358,0.0193950048307132,4,non_commute
ST-3099,-0.245465715767777,-0.294500215859826,1,non_commute
ST-31,0.499600925190448,-1.13901887775048,4,non_commute
ST-310,-1.23804987099339,-1.32491294227831,3,non_commute
ST-3100,-2.56912296930428,-1.56289986879435,3,non_commute
ST-3101,1.56954632667206,1.07472893295922,2,non_commute
ST-3102,-0.240207024895248,-2.27498343295758,3,non_commute
ST-3103,-1.55046629550514,1.33054104286117,1,non_commute
ST-3104,-1.480509503263,-1.35316508498731,3,non_commute
ST-3105,-0.639272072262919,-1.31472522726422,3,non_commute
ST-3106,1.66945644156849,-1.23965827993748,4,non_commute
ST-3107,-1.35169282149843,-0.495626122941406,3,non_commute
ST-3108,1.92192235652655,0.868793953033955,2,non_commute
ST-3109,1.42015164014299,1.68615805878383,2,non_commute
ST-311,-1.42553182013067,-1.24297471965679,3,non_commute
ST-3110,-0.345144091331904,0.228541214421925,1,non_commute
ST-3111,1.6160571271942,1.18646715199469,2,non_commute
ST-3112,1.77209181775824,1.04428619001623,2,non_commute
ST-3113,1.07518436191404,-1.3787032475774,4,non_commute
ST-3114,1.10125509320508,-1.34510629908293,4,non_commute
ST-3115,0.92921216674434,1.48447465285795,2,non_commute
ST-3116,0.0726676499749033,0.176094691499878,1,non_commute
ST-3117,-0.598143641205727,-1.54679574127463,3,non_commute
ST-3118,-2.12693087610233,-1.51912161545821,3,non_commute
ST-3119,0.671109939362032,0.684700368788862,2,non_commute
ST-312,-1.55245216595782,-1.10586533133296,3,non_commute
ST-3120,0.126712354592035,-1.34274788450167,4,non_commute
ST-3121,0.498576168283165,-1.35267290043343,4,non_commute
ST-3122,0.619151576847617,0.98963474946689,2,non_commute
ST-3123,-0.104024692631787,-0.0492103028295731,1,non_commute
ST-3124,-1.10597335547097,-0.788718356643797,3,non_commute
ST-3125,-1.87567745101529,-1.48614239596688,3,non_commute
ST-3126,0.448126070844546,1.69078605700382,2,non_commute
ST-3127,0.652857907210816,0.0820925798929318,4,non_commute
ST-3128,-2.51573958359451,-1.38965227270183,3,non_commute
ST-3129,-2.5170247153402,-1.22581495947633,3,non_commute
ST-313,-1.96112979921065,-0.813419850115601,3,non_commute
ST-3130,-0.131515279426446,-0.592083929616173,4,non_commute
ST-3131,1.84646293176195,-0.211804862690251,4,non_commute
ST-3132,0.047982865306073,-2.40697194770866,4,non_commute
ST-3133,1.22187217313008,0.684175731938654,2,non_commute
ST-3134,-0.562447671479076,0.159682440406853,1,non_commute
ST-3135,-0.148923782346451,-0.72593455044457,4,non_commute
ST-3136,-0.947535639517737,-2.29532842404168,3,non_commute
ST-3137,-2.64320643822176,-1.42709698465069,3,non_commute
ST-3138,-0.0505610052958381,-0.532597132325188,4,non_commute
ST-3139,1.08593155806035,-1.36319715474046,4,non_commute
ST-314,0.0278161367067372,2.34994274992892,2,non_commute
ST-3140,0.322128407675235,-0.8125989098043,4,non_commute
ST-3141,1.79735795497528,0.176901781371367,2,non_commute
ST-3142,-0.612192503527484,-2.16801852445525,3,non_commute
ST-3143,-0.525645640297219,-1.15846599580894,3,non_commute
ST-3144,0.772049372677011,0.939028550833213,2,non_commute
ST-3145,-2.72793053985768,-1.51861837750079,3,non_commute
ST-3146,-2.35439925161161,-0.77483052645746,3,non_commute
ST-3147,1.66924141241785,0.240369603337625,2,non_commute
ST-3148,1.14753705093935,0.108025950632156,4,non_commute
ST-3149,0.04658496823416,0.207659881898761,1,non_commute
ST-315,-1.61479803656131,-1.19590151846803,3,non_commute
ST-3150,1.51179028955906,-0.0896706143966268,4,non_commute
ST-3151,1.34584270096304,-0.582595449663719,4,non_commute
ST-3152,1.7523627948865,1.00353520404837,2,non_commute
ST-3153,0.936450799818715,0.31498115758612,2,non_commute
ST-3154,1.48569425915434,-0.102522755033065,4,non_commute
ST-3155,-0.788860893181543,0.487357914403784,1,non_commute
ST-3156,-3.18172560951725,1.43482191178145,1,non_commute
ST-3157,1.25215653692542,1.52484425465242,2,non_commute
ST-3158,0.417500822669023,1.61281923854859,2,non_commute
ST-3159,-0.508069292366519,-0.520831360964999,1,non_commute
ST-316,-1.74700495387507,-0.455497043858692,3,non_commute
ST-3160,-0.369729326033003,-2.2099858659344,3,non_commute
ST-3161,-1.27638501865053,0.428922451467622,1,non_commute
ST-3162,1.64294860867185,0.0349102420287171,4,non_commute
ST-3163,-1.36713111813013,-1.37714161069815,3,non_commute
ST-3164,1.85927226410284,-0.155243138297138,4,non_commute
ST-3165,-0.673157154640989,0.52794289023803,1,non_commute
ST-3166,0.154876654113216,-1.32128222494063,4,non_commute
ST-3167,-0.0519460121888246,0.461171243297312,1,non_commute
ST-3168,0.00135009610808067,0.662541590984487,1,non_commute
ST-3169,0.512923923070113,0.298925098758999,2,non_commute
ST-317,-1.71167918962001,-0.419787020863989,3,non_commute
ST-3170,-0.290435547057943,-2.0318782984454,3,non_commute
ST-3171,-0.412496282573763,-1.73966605539543,3,non_commute
ST-3172,0.551080451813299,0.415580155833007,2,non_commute
ST-3173,0.793513116603823,0.434539176151601,2,non_commute
ST-3174,0.0436711010944547,0.406585390621246,1,non_commute
ST-3175,-0.00246779574826221,0.119473255351145,1,non_commute
ST-3176,0.236590262830461,2.49043453928522,2,non_commute
ST-3177,0.452458757135028,0.383806170492919,2,non_commute
ST-3178,1.51547306528396,0.826407461244627,2,non_commute
ST-3179,1.02450971018182,1.23725270073807,2,non_commute
ST-318,-1.78043965434058,-0.684129088485898,3,non_commute
ST-3180,1.61226945087235,-0.231487171366946,4,non_commute
ST-3181,0.926618764101468,1.98893634618764,2,non_commute
ST-3182,-0.965202929490525,-1.20064491240974,3,non_commute
ST-3183,0.245459883244807,2.71013089194339,2,non_commute
ST-3184,1.43898969329189,1.40938448957623,2,non_commute
ST-3185,1.53970828007569,1.60569015771084,2,non_commute
ST-3186,1.09116325104264,-1.1272421985036,4,non_commute
ST-3187,-0.814796314388869,-2.20724230199317,3,non_commute
ST-3188,-0.115743738594961,-1.36426688361016,4,non_commute
ST-3189,-1.47831519764848,1.35226341721749,1,non_commute
ST-319,-1.90666292333409,-0.68477044874695,3,non_commute
ST-3192,0.00211627290138336,1.48336214677614,2,non_commute
ST-3193,1.46663656781953,1.62929001844987,2,non_commute
ST-3194,-1.40848297932016,-0.484343602040895,3,non_commute
ST-3195,-1.50849316104542,-0.412771845384047,3,non_commute
ST-3196,-1.51790881230484,-0.0915438964875984,1,non_commute
ST-3197,1.20758316101555,0.59408022872761,2,non_commute
ST-3198,-0.495807490752046,0.380148688021006,1,non_commute
ST-3199,2.24728869151565,-1.6832760531336,4,non_commute
ST-32,0.326496408160414,-1.0123693037648,4,non_commute
ST-320,-2.07630521475903,-0.784524444238899,3,non_commute
ST-3200,-0.399927242549278,-1.86450691448791,3,non_commute
ST-3201,-0.0415364421774391,2.31045354403632,2,non_commute
ST-3202,-1.31077106038529,0.0543944053718721,1,non_commute
ST-3203,0.313909507979298,1.10446163924674,2,non_commute
ST-3204,-0.609151067638788,-2.29964725193681,3,non_commute
ST-3205,0.810662740450087,-1.33059282584959,4,non_commute
ST-3206,-0.884717395248235,0.747151171562139,1,non_commute
ST-3207,1.13432734023047,1.27063949983776,2,non_commute
ST-3208,2.05301205251381,0.750622428088314,2,non_commute
ST-3209,1.7724535903757,0.316401431708095,2,non_commute
ST-321,-2.02142410440461,-0.79160676266397,3,non_commute
ST-3210,-1.14876324997485,0.483014591521175,1,non_commute
ST-3211,-0.241203078307212,0.0686657504498063,1,non_commute
ST-3212,-0.8598608263323,-2.0670384139965,3,non_commute
ST-3213,-1.07299954211006,-0.442953149353693,3,non_commute
ST-3214,1.5310904481333,-0.190204571168879,4,non_commute
ST-3215,-1.90646042739316,-0.8103794688222,3,non_commute
ST-3216,1.91681032976047,2.04568058659032,2,non_commute
ST-3217,2.88372054336666,1.68939142771317,2,non_commute
ST-3218,0.177220253039319,0.181842958273331,1,non_commute
ST-3219,-1.56592314018126,0.0546496774800979,1,non_commute
ST-322,-0.0730100246901954,-0.742908822087764,4,non_commute
ST-3220,1.26891658854542,0.0316236484112243,4,non_commute
ST-3221,1.12010477807542,1.92883285844157,2,non_commute
ST-3222,-1.44180234294576,-0.150574759795197,1,non_commute
ST-3223,-1.41596303110732,1.00607250263809,1,non_commute
ST-3224,-2.0093093902939,-0.320001016089283,3,non_commute
ST-3225,-1.37878383063858,-0.324391118306052,3,non_commute
ST-3226,-2.2251499755242,-1.38454934152912,3,non_commute
ST-3227,-1.69453333581253,-1.35606166717222,3,non_commute
ST-3228,-0.385476587771844,0.384537326665412,1,non_commute
ST-3229,-2.43638569289451,2.49113520719702,1,non_commute
ST-3230,0.562505476100368,0.872263936683328,2,non_commute
ST-3231,-0.182402617186968,1.56942850530533,1,non_commute
ST-3232,0.522271493999153,1.22274696557151,2,non_commute
ST-3233,-0.175126092817577,0.137782054776231,1,non_commute
ST-3234,0.750150649477389,1.58910569263755,2,non_commute
ST-3235,-0.587625445230691,-2.17467574785047,3,non_commute
ST-3236,-1.62057413544579,-0.0834475825790791,1,non_commute
ST-3237,-1.38552322240943,0.447066541492718,1,non_commute
ST-3238,-0.629641051902356,-2.22586735662965,3,non_commute
ST-3239,-0.452596326976329,-1.84579117216471,3,non_commute
ST-324,1.07757470148853,-0.46818177741383,4,non_commute
ST-3240,1.50725071313676,0.886679716041565,2,non_commute
ST-3241,-0.987680993241786,-2.09620859901752,3,non_commute
ST-3242,-0.207383997967344,1.32359189652354,1,non_commute
ST-3243,1.96234747921896,0.626997793082214,2,non_commute
ST-3244,1.14194773727863,-1.48055782679966,4,non_commute
ST-3245,0.109105966238151,2.17330711426036,2,non_commute
ST-3247,0.329969216156787,1.57394301186895,2,non_commute
ST-3248,1.53920045201807,0.0381084295880461,4,non_commute
ST-3249,0.810718455087514,-1.22757988918133,4,non_commute
ST-325,3.16868457886121,-0.631413238387093,4,non_commute
ST-3250,-0.951760692264573,-1.51464290625353,3,non_commute
ST-3251,-2.55004582174075,-1.38586968562707,3,non_commute
ST-3252,-1.19696047898887,-0.790850810024514,3,non_commute
ST-3253,0.0342258872407779,0.930981606757395,1,non_commute
ST-3254,2.14036942331063,0.499918766468283,2,non_commute
ST-3255,-0.884903356169279,-0.376780425528919,1,non_commute
ST-3256,-0.0128538821208464,-0.0497282750839236,1,non_commute
ST-3257,1.31193698840234,0.35778608626198,2,non_commute
ST-3258,-0.57990758317834,0.635371724130816,1,non_commute
ST-3259,-2.60324809270218,-1.43061114367859,3,non_commute
ST-326,-0.112281077287194,-0.642176790424546,4,non_commute
ST-3260,-2.65473378925774,-1.46229097338093,3,non_commute
ST-3261,-2.07570328006692,-1.51405398184135,3,non_commute
ST-3262,0.0204933741772641,0.118062602286986,1,non_commute
ST-3263,-2.16000228182735,-1.11601534163253,3,non_commute
ST-3264,1.35932278112602,0.988850471577599,2,non_commute
ST-3265,0.0782584790121766,-0.734243775971196,4,non_commute
ST-3266,0.344337800070297,0.209328138315535,4,non_commute
ST-3267,-0.418324097854826,-0.15613405934772,1,non_commute
ST-3268,1.68537620412487,0.659537475070964,2,non_commute
ST-3269,0.567419841010417,0.817447452119929,2,non_commute
ST-327,0.180152820482627,-0.964079499831314,4,non_commute
ST-3270,0.362998337509926,1.4996217554765,2,non_commute
ST-3271,-0.0893083277867379,0.445844613968543,1,non_commute
ST-3272,1.15387792878642,-1.47064869658094,4,non_commute
ST-3273,-0.448843566901489,1.28837586738408,1,non_commute
ST-3274,0.15409998567661,0.0920762638895524,1,non_commute
ST-3275,-0.355889588523298,1.34774075685355,1,non_commute
ST-3276,-2.25907850272843,-0.936099600635149,3,non_commute
ST-3277,-0.352546816032168,-0.384265219549502,1,non_commute
ST-3278,-0.0781758237595943,0.252144303540306,1,non_commute
ST-3279,1.08609566317744,-1.2414414760909,4,non_commute
ST-328,-0.337327626326623,-0.189908140986062,1,non_commute
ST-3280,0.169009536972388,-0.140657033923862,4,non_commute
ST-3281,-2.30273492398875,-1.40352654312381,3,non_commute
ST-3282,0.0350929925654667,0.302417745221662,1,non_commute
ST-3283,-0.805562298019516,-1.46779150206836,3,non_commute
ST-3284,-2.4528029070764,-0.99743084608122,3,non_commute
ST-3285,0.050201546535335,1.51781826068186,2,non_commute
ST-3286,-0.282869548150957,0.426992172782887,1,non_commute
ST-3287,0.505107314142063,0.371080998398413,2,non_commute
ST-3288,0.268038716292783,0.156845757464379,4,non_commute
ST-3289,0.0358553930506918,-0.173881021180069,4,non_commute
ST-329,1.07685966778342,-0.962396050698202,4,non_commute
ST-3290,-0.00249657352645116,0.676680958732061,1,non_commute
ST-3291,-1.79352270121703,0.435124564244463,1,non_commute
ST-3292,0.95821689626696,0.514683237326528,2,non_commute
ST-3293,0.956285449731181,0.304265645463615,2,non_commute
ST-3294,1.20916332364933,1.41681106791468,2,non_commute
ST-3295,1.63784205598902,-0.369900353163865,4,non_commute
ST-3296,2.45025236149493,2.34767193508474,2,non_commute
ST-3297,-1.95785587031856,0.462711231908148,1,non_commute
ST-3298,0.431774642816867,2.46068217044318,2,non_commute
ST-3299,-0.0762937461370903,0.262480675880729,1,non_commute
ST-33,1.12815314604865,-1.04490332058819,4,non_commute
ST-330,1.44838099568928,-0.508314708205622,4,non_commute
ST-3300,1.52062472657534,-0.027478197923031,4,non_commute
ST-3301,0.252697857364577,0.139049424407478,4,non_commute
ST-3302,1.47631450263698,1.44583841307809,2,non_commute
ST-3303,-1.05266917916874,-1.16143353695838,3,non_commute
ST-3304,-1.57019262510443,-1.22150080906977,3,non_commute
ST-3305,-1.48935669923715,0.635291402149286,1,non_commute
ST-3306,-1.15942537554268,0.0664488610715137,1,non_commute
ST-3307,1.20372961477096,1.66466339307951,2,non_commute
ST-3308,-1.38456535085587,2.36882834926841,1,non_commute
ST-3309,0.670967014362535,-1.5298438985443,4,non_commute
ST-331,0.718525610906896,-0.46342532541305,4,non_commute
ST-3310,1.81114637687542,-0.184773044897086,4,non_commute
ST-3311,-1.01375324937512,-1.15809979377529,3,non_commute
ST-3312,1.45916202673018,0.635864143766557,2,non_commute
ST-3313,-0.921611092131325,-1.91772865968056,3,non_commute
ST-3314,-0.904644520789206,-2.14024408217252,3,non_commute
ST-3315,-0.484401295129244,-2.0366551510536,3,non_commute
ST-3316,-0.284881429439477,0.140344709377992,1,non_commute
ST-3317,-0.989490607231123,0.270101437824788,1,non_commute
ST-3318,-0.806483773506548,-2.24434669840694,3,non_commute
ST-3319,-1.09472446583133,-1.84014608290667,3,non_commute
ST-332,0.407864000308909,-0.562397705920569,4,non_commute
ST-3320,-1.22699817754786,0.238597206219009,1,non_commute
ST-3321,-0.475583641877705,0.676762777227065,1,non_commute
ST-3322,-0.956838815955649,-2.06587244718431,3,non_commute
ST-3323,-0.692832165596211,-2.26791163051002,3,non_commute
ST-3324,-2.59067232823756,-1.30541939477767,3,non_commute
ST-3325,0.416830715451955,-1.46630854211262,4,non_commute
ST-3326,0.37985640413361,-1.40682132169594,4,non_commute
ST-3327,-2.34595376155235,-0.97991648501855,3,non_commute
ST-3328,-0.187440853041593,0.30520776460822,1,non_commute
ST-3329,1.57410553932483,0.275696717191873,2,non_commute
ST-333,1.7985695330793,1.1779368647092,2,non_commute
ST-3330,-0.953702910668753,-1.92486109356695,3,non_commute
ST-3331,-0.95437184575999,-1.99568071310054,3,non_commute
ST-3332,2.02901647722109,0.658593361994312,2,non_commute
ST-3333,-0.59216219252344,0.504924742784906,1,non_commute
ST-3334,-0.291612063898012,-0.0953638919181421,1,non_commute
ST-3335,1.55876940983165,1.61807081126604,2,non_commute
ST-3336,0.923272303957792,1.56342729014761,2,non_commute
ST-3337,-2.59867374646879,-1.40053537507181,3,non_commute
ST-3338,0.15940714116355,0.231449772478523,1,non_commute
ST-3339,-0.892092426881144,2.08193728309698,1,non_commute
ST-334,0.403498167036669,-0.946620523527602,4,non_commute
ST-3340,-0.17091375505453,-1.0027538591391,4,non_commute
ST-3341,-1.04986224514733,-1.68514386483032,3,non_commute
ST-3342,-1.81326697220343,0.413806238480735,1,non_commute
ST-3343,1.4080638786641,-0.0812971619798462,4,non_commute
ST-3344,-0.0373691249537691,1.10023915755356,1,non_commute
ST-3345,-0.306413501270837,0.246667868383206,1,non_commute
ST-3346,-0.185255863330128,1.04443256471281,1,non_commute
ST-3347,0.0735720955893629,-1.23428417312039,4,non_commute
ST-3348,1.89630902662032,0.917020169715203,2,non_commute
ST-3349,0.985604838268843,-1.31195657410467,4,non_commute
ST-335,1.00761704137973,-1.33265918185662,4,non_commute
ST-3350,1.65053671245831,-0.617129546557335,4,non_commute
ST-3351,-0.103671329577461,-1.54218275294207,4,non_commute
ST-3352,1.64762156200499,1.40840849086124,2,non_commute
ST-3353,-0.152447497122581,-0.000382600162152424,1,non_commute
ST-3354,-2.04796116127856,0.478053696716665,1,non_commute
ST-3355,-0.215897107382418,-0.937039093634715,4,non_commute
ST-3356,-0.904007880068136,0.669412359537752,1,non_commute
ST-3357,-0.0335832230326783,0.747991653894489,1,non_commute
ST-3358,1.97754811797963,1.43375706378726,2,non_commute
ST-3359,-0.707788810919784,-1.44641127488604,3,non_commute
ST-336,-1.93089591231881,0.537185817243156,1,non_commute
ST-3360,1.59190626805566,0.714707709766199,2,non_commute
ST-3361,1.3361562244881,1.51230595822011,2,non_commute
ST-3362,0.105005512108179,0.774136942844157,1,non_commute
ST-3363,-0.129699471026501,0.133979578557485,1,non_commute
ST-3364,0.883894149266551,2.13549906107328,2,non_commute
ST-3365,-2.34972026505613,-1.42604142572583,3,non_commute
ST-3366,1.85152862976818,1.30173956083047,2,non_commute
ST-3367,-0.0220109602067344,-0.884626885076069,4,non_commute
ST-3368,0.989239182719334,0.784835048400382,2,non_commute
ST-3369,0.0417405783982602,-1.21196651194606,4,non_commute
ST-337,2.42791465592939,1.37959073218885,2,non_commute
ST-3370,-2.66952472830891,-1.43534269172368,3,non_commute
ST-3371,-2.60666786233299,-1.42033833748381,3,non_commute
ST-3372,1.68191053335151,1.4911119928158,2,non_commute
ST-3373,1.79552813427677,1.69967744919646,2,non_commute
ST-3374,-0.747954895704929,-2.27095772910851,3,non_commute
ST-3375,-0.713068654382758,-2.2758685008064,3,non_commute
ST-3376,0.24499137320906,1.65119018012206,2,non_commute
ST-3377,-1.02844179195339,-2.34217669438884,3,non_commute
ST-3378,0.162053426822545,1.34358016481302,2,non_commute
ST-3379,1.8969463104805,1.06161796072558,2,non_commute
ST-338,-1.23373571052214,0.0700653458693745,1,non_commute
ST-3380,-0.215034676536703,-0.583923215115792,4,non_commute
ST-3381,-1.20141001058233,0.614027297223082,1,non_commute
ST-3382,-0.220176958725767,1.23328311978421,1,non_commute
ST-3383,-0.676309508790741,-2.39582134289599,3,non_commute
ST-3384,2.52199099259847,-0.545119885833541,4,non_commute
ST-3385,0.668480398008448,1.92307516665254,2,non_commute
ST-3386,2.11866074350739,0.21061940526162,2,non_commute
ST-3388,0.902068768514393,-1.51041514588875,4,non_commute
ST-3389,1.75373623877414,-0.153881371971238,4,non_commute
ST-339,0.412846236654523,-1.9008474931275,4,non_commute
ST-3390,0.975843359580393,-0.656807150570085,4,non_commute
ST-3391,1.76090451750899,0.0278583748265713,4,non_commute
ST-3392,-0.682602568680714,-1.20341467979707,3,non_commute
ST-3393,0.85424235977401,-1.04245937396125,4,non_commute
ST-3394,0.824413330738777,-0.0998729447327476,4,non_commute
ST-3396,-2.51847238059508,1.55959096010195,1,non_commute
ST-3397,0.0164789904336178,-1.15359100958794,4,non_commute
ST-3398,-1.04276382452219,-2.42490836916461,3,non_commute
ST-3399,0.923982951184079,3.67945377721555,2,non_commute
ST-34,0.595837503112129,1.84754879231753,2,non_commute
ST-340,1.00517118960401,-1.4289664890954,4,non_commute
ST-3400,-1.72234840975019,0.283401850237608,1,non_commute
ST-3401,3.291096551117,-1.33168683619567,4,non_commute
ST-3402,3.33137857867676,-1.07127857982762,4,non_commute
ST-3403,3.7818177479971,-0.861067500234582,4,non_commute
ST-3404,-2.43082662614589,0.808504911459554,1,non_commute
ST-3405,0.220574190818507,1.68542135611872,2,non_commute
ST-3406,2.13810430446423,1.96196209834138,2,non_commute
ST-3407,-0.838490080138744,1.91919383964749,1,non_commute
ST-3408,-0.211222423728367,2.99892691314791,2,non_commute
ST-3409,-0.77436833628956,2.16260139931166,1,non_commute
ST-341,1.02768658721986,-1.50861007272431,4,non_commute
ST-3410,-0.0666283248407936,1.73146811195475,2,non_commute
ST-3411,1.13717300375945,2.98284205669379,2,non_commute
ST-3412,1.86864338713877,2.68058079712434,2,non_commute
ST-3413,-0.186153397274141,2.88725782861331,2,non_commute
ST-3414,2.90790131218876,0.823983645480012,2,non_commute
ST-3415,-2.98774800289491,1.44061045279753,1,non_commute
ST-3416,-0.90290529128017,2.29483905175872,1,non_commute
ST-3417,-1.17884791750842,2.16179359042565,1,non_commute
ST-3418,-0.58626259613048,2.32914152817368,1,non_commute
ST-3419,-1.75907510336325,2.31398936688293,1,non_commute
ST-342,0.886748143499719,-1.55516028428094,4,non_commute
ST-3420,2.37415663905393,2.84525460707022,2,non_commute
ST-3421,-2.60629498051211,0.537254534753904,1,non_commute
ST-3422,-1.32980898472508,2.15127203692452,1,non_commute
ST-3423,-2.42041099399202,1.74549709577189,1,non_commute
ST-3424,-3.14569893118994,0.469455765652557,1,non_commute
ST-343,0.563826546365228,-0.578586815990622,4,non_commute
ST-344,1.26484581594159,-1.4703491543388,4,non_commute
ST-345,0.988554244177149,-1.30557127820421,4,non_commute
ST-346,1.32257576934938,-1.33643872680788,4,non_commute
ST-347,0.989723841457298,-1.15847490524434,4,non_commute
ST-348,1.23394549439898,-1.23450553903267,4,non_commute
ST-349,0.964305572368982,-1.11404580594196,4,non_commute
ST-35,1.04837307866827,-1.06065885494795,4,non_commute
ST-350,1.0111203222492,-1.31625875961781,4,non_commute
ST-351,1.02208863262148,-1.60060070823037,4,non_commute
ST-352,0.666940920394975,-1.62740774989216,4,non_commute
ST-354,-1.68352033430889,0.189652270119612,1,non_commute
ST-357,0.268543980809687,-0.118162461884753,4,non_commute
ST-358,-0.971327455915351,0.15577106384959,1,non_commute
ST-359,-0.813449120195709,0.22682579377658,1,non_commute
ST-36,0.0805493516443901,-1.10761682273591,4,non_commute
ST-360,-0.354624657393074,-0.287364484207827,1,non_commute
ST-361,-0.0116316673541796,-1.04380898274463,4,non_commute
ST-362,0.303081184841893,-1.20940106767911,4,non_commute
ST-363,0.592021475032223,2.08511939631426,2,non_commute
ST-364,0.0856891592491577,-1.29936156127763,4,non_commute
ST-365,1.75324883252853,0.574310467082773,2,non_commute
ST-366,0.275202034837447,-0.38060426730723,4,non_commute
ST-368,-2.7053512026951,-2.020707707174,3,non_commute
ST-369,-0.74514739482185,0.398364435652042,1,non_commute
ST-37,-0.190821997234436,-1.00855488554953,4,non_commute
ST-370,0.122837183482931,-0.617766209994798,4,non_commute
ST-371,0.0717943254035069,-1.2165797783693,4,non_commute
ST-372,-0.572649574242782,-0.153039426688344,1,non_commute
ST-373,3.4293193007244,1.0213756538295,2,non_commute
ST-374,1.58196495019608,-1.04387570607616,4,non_commute
ST-375,0.308908611206311,-1.49273107535282,4,non_commute
ST-376,-0.147766285175902,-0.27955297966595,1,non_commute
ST-377,-0.0841401630537169,-1.08099626311085,4,non_commute
ST-378,0.269647791782698,-1.62367483038941,4,non_commute
ST-379,-0.283323800757446,-0.455350932228743,1,non_commute
ST-38,-0.990466083275344,1.61204547780851,1,non_commute
ST-380,-2.03832340421869,-1.02141226024094,3,non_commute
ST-381,0.0336985376333306,-1.20709336910169,4,non_commute
ST-382,-0.351919187817143,-0.839308111648905,3,non_commute
ST-383,3.36905826109961,0.908886651598848,2,non_commute
ST-384,-0.163144242998559,-1.27497517296719,4,non_commute
ST-385,-0.148434284709127,-0.860289805979934,4,non_commute
ST-386,-0.241451721889538,-0.0977676594758252,1,non_commute
ST-387,-0.0357885399005093,-0.82300146763674,4,non_commute
ST-388,0.394498917988917,-0.519492006095477,4,non_commute
ST-389,-0.282949651975664,0.68861616136322,1,non_commute
ST-39,-0.0239449009486207,-0.811638277233913,4,non_commute
ST-390,0.106283360186591,0.456474520042859,1,non_commute
ST-391,-0.0181482847932686,0.459422286520226,1,non_commute
ST-392,-0.436238806256593,0.535345245753583,1,non_commute
ST-393,0.0584932924632484,2.27015592005029,2,non_commute
ST-394,-0.060597152618119,-0.465196111453472,4,non_commute
ST-395,-0.0188661154282654,0.0964547774217873,1,non_commute
ST-396,0.0176684499258143,0.257379468767062,1,non_commute
ST-397,-0.613273169996865,0.50259193840511,1,non_commute
ST-398,-0.61946821478199,0.196285006384022,1,non_commute
ST-4,0.894305698370548,-1.5991461012838,4,non_commute
ST-40,-0.0847524621857274,-0.701894635999,4,non_commute
ST-400,-0.344036682075257,0.43861661698249,1,non_commute
ST-401,0.132543762078373,0.598533793430243,1,non_commute
ST-402,-0.0463582053360803,0.565353511852273,1,non_commute
ST-403,-0.170891273995401,0.355293160806635,1,non_commute
ST-404,-0.372063823326525,0.74950996705362,1,non_commute
ST-405,0.170913823836941,0.248839933344224,1,non_commute
ST-406,-0.148376251924602,0.34005834624016,1,non_commute
ST-407,-0.401012043902116,0.411628298612019,1,non_commute
ST-408,-0.56651792536489,0.388963674343701,1,non_commute
ST-409,-0.58329677171023,0.371503670280668,1,non_commute
ST-41,0.144509638498478,-1.01314835793864,4,non_commute
ST-410,-0.10158690080612,0.173224787368439,1,non_commute
ST-413,-0.886771301124275,-2.06974265613272,3,non_commute
ST-414,-0.590364755405413,-1.95175441798967,3,non_commute
ST-416,-1.7698656045452,-2.08779417171866,3,non_commute
ST-417,-0.934638783466133,-1.92666113031091,3,non_commute
ST-418,-1.06723420301871,-2.20297840386592,3,non_commute
ST-419,-0.908954203479599,-1.8892376727242,3,non_commute
ST-42,0.746168722094171,-0.695049055532776,4,non_commute
ST-420,-0.87559032709658,-2.1258140015594,3,non_commute
ST-421,-0.738391136765332,-2.22111745107691,3,non_commute
ST-422,-0.739045870155502,-2.20336385868788,3,non_commute
ST-424,-0.442595043825935,-2.17411768164314,3,non_commute
ST-425,-0.376191804672902,-2.0839359647223,3,non_commute
ST-426,-0.625887970437018,-2.28032045011784,3,non_commute
ST-428,-1.67559436636935,-1.0850256082192,3,non_commute
ST-43,0.298248172604383,-1.18129671573996,4,non_commute
ST-431,-1.48045666330658,-1.39331319690286,3,non_commute
ST-432,-1.86563590616237,-0.390936198649123,3,non_commute
ST-435,0.326479132926091,-0.973672830460821,4,non_commute
ST-436,0.315533733568227,-0.898851575955959,4,non_commute
ST-437,-0.336695491391831,-0.352556819111264,1,non_commute
ST-438,-0.252138017960809,-0.683843009806695,4,non_commute
ST-439,-0.582590316523528,-0.196405022596937,1,non_commute
ST-440,0.672746786854904,-1.19664602550183,4,non_commute
ST-441,-0.114630725101519,-0.730032313549911,4,non_commute
ST-442,0.752792570013755,-0.666322811479726,4,non_commute
ST-443,1.32396672119858,-1.3966783750547,4,non_commute
ST-444,-1.25153612600597,1.20702020819141,1,non_commute
ST-445,-0.144586904701887,-0.933835268435635,4,non_commute
ST-446,0.5994699125548,-1.29139143907558,4,non_commute
ST-447,-0.552939721908737,0.21548460722741,1,non_commute
ST-448,0.438512164086682,0.175732664842926,4,non_commute
ST-449,1.14014554499751,-2.15541286669065,4,non_commute
ST-45,-0.812162442460545,-2.1477962236172,3,non_commute
ST-450,0.301731674949515,1.66162629285845,2,non_commute
ST-451,0.565087354749626,1.99977529643788,2,non_commute
ST-452,0.448120442611878,1.92479430464878,2,non_commute
ST-453,0.500736388577804,1.79405952139199,2,non_commute
ST-454,0.496750713229397,0.203505170243587,4,non_commute
ST-455,0.685692371732478,-0.492021806712768,4,non_commute
ST-456,0.482400536051683,0.204493008044266,4,non_commute
ST-457,1.12914508957123,-0.662271307114093,4,non_commute
ST-459,0.61692278569534,-0.381517020327396,4,non_commute
ST-46,-0.437085643141016,-2.29313072371665,3,non_commute
ST-460,0.889316715310566,-0.689116872962573,4,non_commute
ST-461,0.604460783223873,-0.283894113499731,4,non_commute
ST-462,0.764791458458434,-0.732757574709013,4,non_commute
ST-463,0.871006374332062,-0.848327668800527,4,non_commute
ST-464,0.659446095730102,-0.217457845829261,4,non_commute
ST-465,0.731765596715025,-0.347597297239899,4,non_commute
ST-467,0.586289152117991,0.0967336335322371,4,non_commute
ST-469,0.260081439194188,1.77823300400815,2,non_commute
ST-47,-0.356093902227637,-2.20087497101295,3,non_commute
ST-470,0.578866568522612,0.463337465890365,2,non_commute
ST-471,0.390398280335449,0.951836294349543,2,non_commute
ST-472,0.720340311404675,2.81866920835267,2,non_commute
ST-473,0.465628420213725,0.136020613641408,4,non_commute
ST-474,1.69727845832103,1.46131516526312,2,non_commute
ST-475,0.558417196037787,0.694066425928141,2,non_commute
ST-476,1.14146652153634,1.25498556680667,2,non_commute
ST-478,0.793839518386462,-0.478292526520068,4,non_commute
ST-479,0.618341457053527,-0.113712399755872,4,non_commute
ST-48,-2.26869001928855,1.1092949196976,1,non_commute
ST-480,0.589182731416229,0.0645659350980754,4,non_commute
ST-481,0.431535453265051,0.407524769109896,2,non_commute
ST-482,0.552079948357786,-1.39046198202404,4,non_commute
ST-483,0.38423926623038,-1.50881365216496,4,non_commute
ST-484,-2.40738960739903,2.52338653201924,1,non_commute
ST-485,1.81718945268129,0.344099747518764,2,non_commute
ST-486,1.75937077284547,0.258669056715371,2,non_commute
ST-487,1.72938788622421,0.263881651209237,2,non_commute
ST-488,1.80630851768569,0.629616146119386,2,non_commute
ST-490,1.91325740638815,0.794028098228126,2,non_commute
ST-491,1.8278194914443,0.909806479405536,2,non_commute
ST-492,1.6788424829919,0.329409433982223,2,non_commute
ST-493,1.66368395473663,0.199613798336486,2,non_commute
ST-494,1.5786374889767,0.116734950694276,4,non_commute
ST-495,1.58117524508639,-0.099617125536168,4,non_commute
ST-496,1.62225239885296,-0.110518142045032,4,non_commute
ST-497,1.49644383124463,-0.0527263174643237,4,non_commute
ST-498,1.87189859643157,-0.432668609316539,4,non_commute
ST-499,1.8229333092022,1.18112717053823,2,non_commute
ST-5,0.827649327678138,-1.59008938806778,4,non_commute
ST-50,-0.523616678906807,-2.19967062251401,3,non_commute
ST-500,1.79676223148753,1.617180279069,2,non_commute
ST-501,1.41906205148058,0.0413274950244734,4,non_commute
ST-502,1.52729936366229,-0.173326652241592,4,non_commute
ST-503,1.48379665638045,-0.199805004969216,4,non_commute
ST-504,1.8089813629063,1.76880873507543,2,non_commute
ST-505,1.64058467145665,-0.149725670190339,4,non_commute
ST-506,0.512757395564068,-1.34778673656672,4,non_commute
ST-507,-2.52565005932282,-0.452856077425567,3,non_commute
ST-508,-2.51428648065638,-1.27593067380189,3,non_commute
ST-509,-2.56155166393875,-0.924915313779853,3,non_commute
ST-51,-0.568744573806161,-2.1694400053299,3,non_commute
ST-510,-2.66759273761656,-1.03038574307742,3,non_commute
ST-511,-2.75151018826739,-1.04202170436675,3,non_commute
ST-512,-2.62299693312494,-1.34854226949635,3,non_commute
ST-513,-2.6048201226492,-1.32700707050683,3,non_commute
ST-514,-2.38640097723373,-1.40414092171789,3,non_commute
ST-515,1.08725075125554,-3.06856712049611,4,non_commute
ST-516,-2.10830294920155,-1.41147792375803,3,non_commute
ST-517,-1.73735571485916,-1.69795734545644,3,non_commute
ST-518,-2.09508039180288,-1.44063367379887,3,non_commute
ST-519,-2.17750947297919,-1.42423225502202,3,non_commute
ST-52,-0.675338730945688,-2.22484414850058,3,non_commute
ST-520,2.63023166890809,-2.23514412370499,4,non_commute
ST-522,-2.42657443066856,-1.3167994736571,3,non_commute
ST-523,-2.32241624028813,-1.11049775181349,3,non_commute
ST-524,-2.26626444481645,-0.917571870307405,3,non_commute
ST-525,-2.37722528000807,-0.975060802070491,3,non_commute
ST-526,-2.29964646061709,-0.786581640273858,3,non_commute
ST-527,0.375710505739883,2.56375452522597,2,non_commute
ST-528,-1.85836855331932,-1.51206870619161,3,non_commute
ST-53,-0.379439039737318,-2.0783620574368,3,non_commute
ST-530,-1.86180108727957,-1.46113257576225,3,non_commute
ST-531,-1.66592297370718,-1.48961417828429,3,non_commute
ST-532,-1.13942233886762,-1.3624148473469,3,non_commute
ST-533,-1.40575635684187,-1.34269513114766,3,non_commute
ST-534,-1.52704428278664,-1.23228557955947,3,non_commute
ST-535,-1.67517280848208,-1.38766502323494,3,non_commute
ST-536,-1.84752657099414,-0.698487406692709,3,non_commute
ST-537,2.97612668490511,0.802376450293129,2,non_commute
ST-538,-2.29404901759492,-1.1827924510646,3,non_commute
ST-539,2.00578973126808,0.0403201307322559,4,non_commute
ST-540,1.91449331919156,-0.126662018221439,4,non_commute
ST-541,1.70480196289648,-0.268277547201711,4,non_commute
ST-542,1.62949451235048,-0.333106034839453,4,non_commute
ST-543,1.43522847117377,0.474439138109968,2,non_commute
ST-544,1.27132113888962,0.308557713284348,2,non_commute
ST-545,0.535713791428886,1.67214526071214,2,non_commute
ST-546,1.89685503402236,-0.153882466655218,4,non_commute
ST-547,1.81609338389699,-0.229343724013892,4,non_commute
ST-548,1.78540475126853,-0.32339035248769,4,non_commute
ST-549,0.220556861341006,1.45248526253493,2,non_commute
ST-55,-0.408543949015753,-2.10693100641616,3,non_commute
ST-550,1.77211380198761,-0.321678796624999,4,non_commute
ST-551,1.83488471502222,-0.440795161107748,4,non_commute
ST-553,1.74920382770411,-0.268031091693196,4,non_commute
ST-555,1.07902733029852,-1.44835311188545,4,non_commute
ST-558,0.0263534603181168,0.812323059018235,1,non_commute
ST-559,-0.511167850947357,1.63305399850739,1,non_commute
ST-56,-0.0801624246294284,-2.99547740711897,3,non_commute
ST-560,-0.73902835391883,1.34474399759634,1,non_commute
ST-561,-0.135435499171928,0.724702564046297,1,non_commute
ST-562,-0.750384373636927,1.16500265368122,1,non_commute
ST-563,-0.495267555285334,1.16429405755825,1,non_commute
ST-564,-0.0611079013086778,0.869451013472842,1,non_commute
ST-565,-0.0728835041115022,1.05634629199487,1,non_commute
ST-566,-0.388096142490398,0.50006924788751,1,non_commute
ST-567,3.35135804931983,-0.544388315369447,4,non_commute
ST-568,-0.160097647229293,0.816998017719021,1,non_commute
ST-569,2.89185404961459,1.22312398124415,2,non_commute
ST-57,-1.6297944239656,-2.28477699288165,3,non_commute
ST-570,0.0839054777156958,0.726889923980119,1,non_commute
ST-571,0.157669443349042,0.768360436861415,1,non_commute
ST-572,0.412277866696292,0.908711334341676,2,non_commute
ST-573,-0.163716823931641,0.615537966563811,1,non_commute
ST-574,0.225589278645649,0.846769283918998,2,non_commute
ST-575,1.58486188607346,-2.22899789268248,4,non_commute
ST-577,2.29966792227847,-2.17921256114364,4,non_commute
ST-578,0.513060842801823,0.85127364720892,2,non_commute
ST-579,0.521329216388252,0.937366626281714,2,non_commute
ST-58,-1.73928909135615,0.76315273531353,1,non_commute
ST-580,0.71848008147424,0.88605184977976,2,non_commute
ST-583,-0.028586982784964,1.54707618404914,2,non_commute
ST-584,0.150675291223396,1.2655176440496,2,non_commute
ST-585,-0.0384918564951261,1.16642236421286,1,non_commute
ST-586,-0.288472256999032,1.32496746653858,1,non_commute
ST-587,0.822119461210317,1.51313623848223,2,non_commute
ST-588,-0.605151202274175,1.01794968498259,1,non_commute
ST-589,-0.107611272310269,0.551017097859102,1,non_commute
ST-59,-0.53427060653376,-2.20753903938064,3,non_commute
ST-590,-0.0588243719999763,0.274489635158974,1,non_commute
ST-592,4.20467906640985,-0.848232728813464,4,non_commute
ST-593,-0.452457434468143,1.01934410913673,1,non_commute
ST-594,-0.390505885674921,1.31972163058858,1,non_commute
ST-595,-0.203021659642664,0.445758196736761,1,non_commute
ST-596,-0.110849004466879,1.14519173481279,1,non_commute
ST-597,1.94100916475086,-1.0914430191927,4,non_commute
ST-598,-1.0938080902013,2.28856368201141,1,non_commute
ST-599,-0.300352490406462,0.300738973351886,1,non_commute
ST-6,0.807533785037674,-1.60325096004437,4,non_commute
ST-60,-0.479326126444294,-2.22571652664348,3,non_commute
ST-600,0.935018836755931,0.80705394790397,2,non_commute
ST-601,3.1495257299756,-0.106990717787841,4,non_commute
ST-602,-0.180877612840153,0.474528382603076,1,non_commute
ST-603,0.170724859331587,0.840963214059818,2,non_commute
ST-604,0.00654083594279566,0.283933165085597,1,non_commute
ST-605,0.123025018352763,0.291972912419603,1,non_commute
ST-606,0.264342877348103,0.260693208786283,1,non_commute
ST-607,-3.07158820629285,1.47252836429721,1,non_commute
ST-608,-0.371995318325197,-0.00428172057175892,1,non_commute
ST-609,-0.598501060368984,0.285122729603691,1,non_commute
ST-61,-2.18724341024638,-1.25642342104437,3,non_commute
ST-610,0.0230666320352291,0.335762152001495,1,non_commute
ST-611,0.118008502595194,0.166300004268516,1,non_commute
ST-612,-0.00364233060530152,0.413711732809397,1,non_commute
ST-613,1.3894230702596,0.839695231288614,2,non_commute
ST-614,0.691089087267489,0.495572533945395,2,non_commute
ST-615,1.20855727338506,0.882674310600636,2,non_commute
ST-616,1.0695396761471,0.87450261998749,2,non_commute
ST-618,-1.01311767602441,-2.24449362019833,3,non_commute
ST-619,-1.38855820325872,0.0904137689841908,1,non_commute
ST-62,-0.457895747711865,-2.21116992753429,3,non_commute
ST-620,-1.32601944849334,-0.528123035150294,3,non_commute
ST-621,-1.05569018268807,0.0452992638442536,1,non_commute
ST-622,-1.40868725261634,-0.250797091949299,1,non_commute
ST-623,-1.44605692878585,-0.070075301207222,1,non_commute
ST-624,-1.56885339613973,-0.0913487989219375,1,non_commute
ST-625,-1.22990719423157,0.0308337639203249,1,non_commute
ST-626,2.5852232189031,2.6350444276434,2,non_commute
ST-628,-1.51273943692158,0.292327137736977,1,non_commute
ST-629,-1.50751839999311,0.501454161794258,1,non_commute
ST-63,-0.406110452429126,-2.27028317272227,3,non_commute
ST-630,-1.12831973537883,2.09293234068457,1,non_commute
ST-631,-1.69651600686511,0.584447700311827,1,non_commute
ST-632,-1.29321047438655,-0.0467756396840937,1,non_commute
ST-633,-1.46077653755967,0.0631369243372156,1,non_commute
ST-634,-0.583008632372164,0.382154753503743,1,non_commute
ST-635,-1.37784475946198,-0.587642782501278,3,non_commute
ST-636,-1.32566928732591,0.163810172167533,1,non_commute
ST-637,-1.49054429300696,-0.0757698544794461,1,non_commute
ST-638,-1.30464505923526,0.203331621259648,1,non_commute
ST-639,-1.6745098837528,0.0814041981507416,1,non_commute
ST-64,-0.451034366402053,-2.17102058244294,3,non_commute
ST-640,-1.38016276396878,-0.402251193875158,3,non_commute
ST-641,-1.40597814309386,-0.206305684581419,1,non_commute
ST-642,-1.667564859876,0.363489151430099,1,non_commute
ST-643,1.79008468025985,0.945063544095986,2,non_commute
ST-644,1.28846822606648,1.57131573227767,2,non_commute
ST-645,1.89943826863487,1.10701545992689,2,non_commute
ST-646,1.34466929106213,1.03347059448619,2,non_commute
ST-647,1.07754946186763,1.37697120990918,2,non_commute
ST-648,0.699561912102443,1.54860346040796,2,non_commute
ST-65,-0.581367959474998,-0.947860333265743,3,non_commute
ST-650,1.79414355687235,0.937055408727263,2,non_commute
ST-651,2.14439404843313,0.9431514034218,2,non_commute
ST-652,1.89290303372033,0.994425901234843,2,non_commute
ST-654,2.04805337531902,0.910232551821665,2,non_commute
ST-655,-0.0750803464791153,0.967616827364445,1,non_commute
ST-657,1.31966970326805,0.566437591337986,2,non_commute
ST-658,0.891454971032621,0.721092937789167,2,non_commute
ST-66,-0.471512328702565,-2.18886057915419,3,non_commute
ST-660,-1.13068146222389,-0.0223823182844439,1,non_commute
ST-661,-1.30273147501715,1.32039467374456,1,non_commute
ST-662,-1.07273775865689,-1.07137623516976,3,non_commute
ST-663,-1.0707675349685,-1.11860731145808,3,non_commute
ST-664,-0.992868933170245,-1.40104156209427,3,non_commute
ST-665,-1.07613600323653,-0.35626638226203,1,non_commute
ST-666,-1.30887370428519,-0.342231247753602,3,non_commute
ST-667,-1.28263325013096,-1.12967721321342,3,non_commute
ST-668,-1.09993430422671,-0.870124400242546,3,non_commute
ST-669,-1.13913344534171,-0.897127337899203,3,non_commute
ST-67,-0.388198821301409,-2.2003111790106,3,non_commute
ST-670,1.48451861855567,-1.11823991792161,4,non_commute
ST-671,-1.17045018366686,-0.878568792182765,3,non_commute
ST-673,-0.982226121222483,-1.2894385581113,3,non_commute
ST-674,-1.3432432252945,-0.707185563268653,3,non_commute
ST-675,-1.25166169013776,-0.369792402714083,3,non_commute
ST-676,-1.73762241081063,-0.0460512296445302,1,non_commute
ST-677,-1.61274778485401,-0.235462810209468,1,non_commute
ST-678,-1.57632817821818,-0.0804281131531582,1,non_commute
ST-679,-0.69360930842718,0.909364658259194,1,non_commute
ST-68,-0.451944114549802,-2.26214528239476,3,non_commute
ST-683,0.422562342884564,-1.55158031931478,4,non_commute
ST-685,1.33072224861456,1.51794047274876,2,non_commute
ST-686,-0.131294186101359,-1.84070234757278,3,non_commute
ST-687,0.284687792980996,-1.74376190470488,4,non_commute
ST-688,-0.564068185065504,-1.64373304430632,3,non_commute
ST-69,-0.36085888631487,-2.17818050537158,3,non_commute
ST-690,0.380344365304731,-1.36956183084122,4,non_commute
ST-691,0.431521510595687,-1.4069636871068,4,non_commute
ST-692,1.21516626209974,-1.26495240943303,4,non_commute
ST-693,1.44478264465297,-1.27326164403426,4,non_commute
ST-694,1.61282520643093,-0.76550964174679,4,non_commute
ST-695,1.33796942726942,-1.44705211772554,4,non_commute
ST-696,2.12528568434442,-0.808281663751182,4,non_commute
ST-697,0.815526400928416,-1.06282853504533,4,non_commute
ST-699,0.148029503798208,-1.69132450929434,4,non_commute
ST-7,0.876677158938971,-1.62593351065381,4,non_commute
ST-70,-0.453193607962494,-2.19969392270262,3,non_commute
ST-700,0.310685459870842,-1.6150614656263,4,non_commute
ST-701,0.471109715616339,-1.70252558486515,4,non_commute
ST-702,-0.682574077110651,-1.13080714727757,3,non_commute
ST-703,-0.6284507946988,-0.960069630008126,3,non_commute
ST-704,-0.959213493858406,-0.726265698881652,3,non_commute
ST-705,-0.862740040296029,-0.914969239712653,3,non_commute
ST-707,-1.09108477834736,-1.17141397198821,3,non_commute
ST-708,-1.89840518355177,-0.90133045163846,3,non_commute
ST-709,-0.942807224631062,-0.860627098349086,3,non_commute
ST-71,-0.485633530631925,-2.23907667969519,3,non_commute
ST-712,1.42012269509236,-0.802151721991993,4,non_commute
ST-713,3.0360834561486,-1.13244006778986,4,non_commute
ST-714,-0.0769810442147174,-1.34064630082468,4,non_commute
ST-715,-0.0347845232826549,-1.41974547235394,4,non_commute
ST-717,0.0321442193269713,-1.89436149903442,4,non_commute
ST-719,0.277559132711999,-1.34238585186071,4,non_commute
ST-72,-0.524138326037073,-2.13629609412255,3,non_commute
ST-720,0.303288144990288,-1.37057176996011,4,non_commute
ST-721,0.408483444911582,-1.336504971462,4,non_commute
ST-722,0.876090966365846,-1.3098842731613,4,non_commute
ST-723,-0.24109902115368,-1.4932569142504,3,non_commute
ST-724,-0.433374759358433,-1.0943161422456,3,non_commute
ST-725,-0.221802737407053,-1.30199156227818,3,non_commute
ST-726,-0.277852589661299,-1.73559505454754,3,non_commute
ST-727,-1.07943013874793,-1.01551860994561,3,non_commute
ST-728,0.172832078622505,-1.57475422702328,4,non_commute
ST-729,1.56831551432277,-0.827276234576099,4,non_commute
ST-73,-0.267593329750154,-2.04718337871528,3,non_commute
ST-731,2.25581208601842,-0.129721637597348,4,non_commute
ST-732,1.60509685147032,-0.749440502976533,4,non_commute
ST-733,-0.658353367569443,-1.42336514684656,3,non_commute
ST-735,0.163464228755132,0.32278131079228,1,non_commute
ST-736,-0.00440203405692848,0.111599772110418,1,non_commute
ST-737,0.665415351847546,0.828962281674572,2,non_commute
ST-738,0.370988473770192,1.37533231821683,2,non_commute
ST-739,0.789327716558487,-2.95232447864764,4,non_commute
ST-74,-2.65727770157477,0.98070558928906,1,non_commute
ST-740,1.17844030726363,0.7490658724294,2,non_commute
ST-741,3.40049504728131,0.328622381567454,2,non_commute
ST-742,0.605288924787274,2.37340103373774,2,non_commute
ST-743,0.562052570060259,2.38615179544354,2,non_commute
ST-744,0.549633918845958,2.43310119854922,2,non_commute
ST-745,1.32224836575526,0.695832263070347,2,non_commute
ST-746,2.06392853738795,0.76126284861149,2,non_commute
ST-747,1.10724274705191,-0.325104324344673,4,non_commute
ST-748,1.69754957889701,-0.455238152788643,4,non_commute
ST-749,1.78514903698483,-0.219100459510733,4,non_commute
ST-750,1.55214060394406,-0.171127259298316,4,non_commute
ST-751,2.2018029468778,-1.25494215619997,4,non_commute
ST-752,1.54821606378451,-0.475619088206311,4,non_commute
ST-753,1.58158315887865,-0.70044315576643,4,non_commute
ST-754,1.68134761423119,-0.353845434114028,4,non_commute
ST-755,0.925164187308831,-0.793419057690594,4,non_commute
ST-756,1.79289584954681,-0.106222046387743,4,non_commute
ST-757,1.53124220442508,-0.763196237098077,4,non_commute
ST-758,1.62188695140917,-0.846586780309878,4,non_commute
ST-759,1.42960499409492,-1.01630171385968,4,non_commute
ST-76,1.28958070311142,-1.41485613231852,4,non_commute
ST-760,1.57673903773327,-0.819564534421394,4,non_commute
ST-761,1.59868863694981,0.904320198356142,2,non_commute
ST-762,1.78509509526482,1.17641196142941,2,non_commute
ST-763,1.63494682462435,-0.526765785776641,4,non_commute
ST-764,1.58233621164338,0.996433379060651,2,non_commute
ST-765,1.85503212570926,0.758686090861029,2,non_commute
ST-766,1.11637332657343,1.72600425980434,2,non_commute
ST-767,0.865963924016979,2.01182400871826,2,non_commute
ST-768,0.7981745850409,1.85459266431736,2,non_commute
ST-769,1.01296793067065,1.9243186292484,2,non_commute
ST-77,1.34029667275668,-1.3089433126175,4,non_commute
ST-770,0.984743205507189,1.89057533253244,2,non_commute
ST-771,1.08623765300328,1.81112249946911,2,non_commute
ST-772,0.882573655963041,1.89777814405537,2,non_commute
ST-773,0.687688891192817,2.0199598142564,2,non_commute
ST-774,0.218198809661456,0.338214832242003,1,non_commute
ST-775,0.693301027439865,1.9604810379051,2,non_commute
ST-776,3.64413580811455,-2.74922531718548,4,non_commute
ST-777,2.24002278042448,-0.194957937827203,4,non_commute
ST-778,0.19321157223847,1.2911537042848,2,non_commute
ST-779,0.441795700756615,2.0785098740357,2,non_commute
ST-78,1.14756459948277,-1.13994735363912,4,non_commute
ST-780,1.79503201271986,-0.151222614430358,4,non_commute
ST-781,0.493321711178461,1.6075579068658,2,non_commute
ST-782,1.35282169926102,1.22566425563949,2,non_commute
ST-783,2.19661919721715,0.951856481685002,2,non_commute
ST-784,2.12649424441658,0.0921315152633999,4,non_commute
ST-786,2.0088649147164,0.838666488643277,2,non_commute
ST-787,2.00730227224348,0.933062354945118,2,non_commute
ST-788,2.18694240548935,0.707309385782541,2,non_commute
ST-789,1.04358650591787,1.80792974430469,2,non_commute
ST-790,2.05236890468435,0.390612538518439,2,non_commute
ST-791,2.1041104798043,0.253115352164585,2,non_commute
ST-792,1.71356758841695,0.00784008385356195,4,non_commute
ST-793,2.08381450355338,0.199258599840844,2,non_commute
ST-794,2.04552192240848,0.125474450933816,2,non_commute
ST-795,2.29227049910684,0.303356833353495,2,non_commute
ST-796,2.1706373988844,0.145749505783224,2,non_commute
ST-797,1.72342600869727,0.92961120294824,2,non_commute
ST-798,3.6977090269454,-1.06209939538114,4,non_commute
ST-799,1.78588648742598,0.691017796480812,2,non_commute
ST-8,0.798497201875627,-1.59246025519164,4,non_commute
ST-80,0.888178662777125,-1.36176042000862,4,non_commute
ST-800,1.73151404112973,-0.259603991374761,4,non_commute
ST-801,1.60539086323812,0.67187865999931,2,non_commute
ST-802,1.84839345813857,1.36548858636505,2,non_commute
ST-803,1.54758032470582,1.20803716017919,2,non_commute
ST-804,1.55483662438706,0.938836402474819,2,non_commute
ST-805,2.13663996935576,-0.90036667271397,4,non_commute
ST-806,-2.27140594318072,-1.88705855465047,3,non_commute
ST-807,1.42624420048954,1.06030850963811,2,non_commute
ST-808,1.39428325846976,0.994631934183971,2,non_commute
ST-809,1.67355977619975,0.789767139999666,2,non_commute
ST-81,1.32436017333822,-1.47118225195717,4,non_commute
ST-810,1.35608704951532,1.48286124121729,2,non_commute
ST-811,1.67862892526245,1.26331671035774,2,non_commute
ST-812,1.73198089987603,0.728183425655772,2,non_commute
ST-813,1.54695035334176,1.72514328356155,2,non_commute
ST-814,1.72933737977475,1.2878032626658,2,non_commute
ST-815,1.76773397100233,1.10922680113954,2,non_commute
ST-816,1.22445137087123,1.79365149010495,2,non_commute
ST-817,0.838556017070192,1.3971560677706,2,non_commute
ST-818,1.3532599994683,1.51917502329217,2,non_commute
ST-819,1.16531592628893,1.59937972739957,2,non_commute
ST-82,0.951110518986365,-1.60271620199418,4,non_commute
ST-820,1.56879099828783,1.73368468513664,2,non_commute
ST-821,1.06299968525271,1.76519180988193,2,non_commute
ST-822,0.77051742695279,1.60121186346014,2,non_commute
ST-823,1.14457191638141,1.28111339073585,2,non_commute
ST-824,-2.56267281390886,-1.26207131828329,3,non_commute
ST-825,-1.10293784425126,1.56093999405815,1,non_commute
ST-826,-1.07410428621122,1.75764873981043,1,non_commute
ST-827,-0.708845415675303,0.658975300524876,1,non_commute
ST-828,-2.62972220460056,-1.32918444254543,3,non_commute
ST-829,-2.23419975399743,-0.850511187613948,3,non_commute
ST-83,1.34979739274105,-1.49928692910249,4,non_commute
ST-830,1.3141329322448,0.0349673498587845,4,non_commute
ST-831,-2.5077531519734,-1.23741737912536,3,non_commute
ST-833,2.32573538886635,1.3238368522391,2,non_commute
ST-834,-2.33694646622984,-1.41557025146753,3,non_commute
ST-835,-0.122614052065877,-1.79696456479322,3,non_commute
ST-838,1.01584750281799,0.455923848337496,2,non_commute
ST-839,0.806649200898872,0.251693466541628,2,non_commute
ST-84,1.26151989335949,-1.48398271725087,4,non_commute
ST-840,1.76539634423475,-0.381705848425617,4,non_commute
ST-842,-1.24434438199588,1.53584334438663,1,non_commute
ST-847,-0.122878750972851,0.777429856316289,1,non_commute
ST-849,-0.0722007676642569,0.369227524762789,1,non_commute
ST-85,1.43857599440962,-1.26492747193128,4,non_commute
ST-850,-0.335655933395108,0.468600022137627,1,non_commute
ST-852,-0.232010579081908,0.505423962185967,1,non_commute
ST-853,-0.0790237379817854,0.93060113856684,1,non_commute
ST-854,-0.141742555777004,0.903452394723951,1,non_commute
ST-855,-0.441552995169712,0.887749427352901,1,non_commute
ST-856,-0.0607930208018788,1.09397479050645,1,non_commute
ST-857,-0.134494375316534,0.785378203165743,1,non_commute
ST-859,1.25641241252971,0.952390562350571,2,non_commute
ST-86,1.16583456329784,-1.48410235781131,4,non_commute
ST-860,1.74232651800593,0.937019241072014,2,non_commute
ST-861,-1.092731468869,2.24083156841641,1,non_commute
ST-862,1.67216479176589,0.814078672879507,2,non_commute
ST-863,0.825497583597375,0.363500671008631,2,non_commute
ST-864,1.75370205242661,-0.384460300532288,4,non_commute
ST-866,-0.0150232015826866,0.28049708576733,1,non_commute
ST-867,-0.0683902691291328,0.0334506072186898,1,non_commute
ST-868,0.0872685858167925,0.228504105122117,1,non_commute
ST-869,-0.30083100403476,0.636999520465726,1,non_commute
ST-87,1.18015584973324,-1.46601743104982,4,non_commute
ST-870,-1.0840508425653,0.419110750641464,1,non_commute
ST-871,-1.36399323620802,0.876905538569667,1,non_commute
ST-872,-1.67748312892255,0.349774039514108,1,non_commute
ST-873,-1.21688001066444,-1.07693744164279,3,non_commute
ST-874,-1.58818200577324,0.853086717389209,1,non_commute
ST-875,-1.48064597601497,1.05250260888072,1,non_commute
ST-876,-1.49109233732322,1.1915408735905,1,non_commute
ST-877,0.41060407077951,-1.56687608308147,4,non_commute
ST-879,1.04058726847031,1.7992779577917,2,non_commute
ST-88,1.11849464707946,-1.91221169860008,4,non_commute
ST-880,1.39360080660228,1.71738754813283,2,non_commute
ST-881,1.50197567812116,1.50943598791433,2,non_commute
ST-882,-0.0236579558238802,-1.47195261365756,4,non_commute
ST-883,-1.18517256458979,-0.68444136223154,3,non_commute
ST-884,0.0901239307384316,-1.49922055034175,4,non_commute
ST-885,2.11017449142239,0.535143321803052,2,non_commute
ST-886,-0.613527095102548,-0.705952184391346,3,non_commute
ST-887,0.161829417739892,-1.48329346476941,4,non_commute
ST-889,0.895423105522128,2.12591180454588,2,non_commute
ST-89,0.82580935310109,-1.47871188041712,4,non_commute
ST-890,0.774653999858006,1.9092335310167,2,non_commute
ST-891,1.6022803365707,-0.250881504226675,4,non_commute
ST-892,1.49242713909846,-0.0544454999133847,4,non_commute
ST-894,1.53731549295861,-0.346838292630912,4,non_commute
ST-895,0.228693476870956,1.7189023378357,2,non_commute
ST-896,0.635747841151241,1.25454304083333,2,non_commute
ST-897,0.921419483675712,0.495273050736269,2,non_commute
ST-899,-0.13922407729969,1.06413593604999,1,non_commute
ST-9,0.749973430014309,-1.76616051602876,4,non_commute
ST-90,1.19797355388674,-1.22237489251401,4,non_commute
ST-900,0.159359625440175,1.081097016875,2,non_commute
ST-901,-0.0358155386393179,1.29768386760589,1,non_commute
ST-902,-0.123958651514625,1.16762531975905,1,non_commute
ST-903,0.442087130260349,1.28367148499371,2,non_commute
ST-904,0.284812702308886,1.45096148787491,2,non_commute
ST-905,0.248741731983517,1.51866492561538,2,non_commute
ST-906,0.480107206928001,1.41073906048902,2,non_commute
ST-907,0.451061186755307,1.47704431448218,2,non_commute
ST-908,1.56947876246579,-0.303391452322794,4,non_commute
ST-909,1.66431990771248,0.420340870618327,2,non_commute
ST-91,1.10420923360047,-1.44315483963698,4,non_commute
ST-910,0.107530218783616,0.930591964551214,1,non_commute
ST-912,-0.266210203862163,0.554695148987285,1,non_commute
ST-913,0.799054484850393,0.715139865469132,2,non_commute
ST-914,0.00226295574917484,0.0496748715927009,1,non_commute
ST-915,0.329178866060914,0.321600555628958,2,non_commute
ST-916,0.816105890705683,0.395843642914363,2,non_commute
ST-918,-0.995264929525373,-1.12407738845597,3,non_commute
ST-919,-1.3600205706753,-0.373325242575219,3,non_commute
ST-92,1.54255078953226,-1.34553208882773,4,non_commute
ST-920,-1.5017456855433,-0.478308261455682,3,non_commute
ST-923,1.53783558188657,-0.799598209006626,4,non_commute
ST-924,1.66957331095633,-0.690021174921694,4,non_commute
ST-925,0.651836920439783,2.28204147477785,2,non_commute
ST-926,0.696296045061051,2.75043163404421,2,non_commute
ST-927,1.9560881399919,0.681733135148486,2,non_commute
ST-928,1.19305041686133,-0.648011494933881,4,non_commute
ST-929,1.10329644676304,1.7159595155071,2,non_commute
ST-93,1.30080157183847,-1.40045497007045,4,non_commute
ST-930,0.232610871096808,1.27725354593005,2,non_commute
ST-931,-1.14147023364251,1.41813739655694,1,non_commute
ST-932,1.39605652204472,-1.22539267715816,4,non_commute
ST-933,1.72308945682963,-0.0346717861626847,4,non_commute
ST-934,-0.333194907923783,-2.22878280471199,3,non_commute
ST-935,1.54402518114471,-0.791261864843644,4,non_commute
ST-936,-1.22255197466048,-0.645370774164701,3,non_commute
ST-937,0.580878924137669,1.73160831952663,2,non_commute
ST-938,0.906893037807843,-1.00968202805684,4,non_commute
ST-939,0.485471322771653,1.28295122301986,2,non_commute
ST-94,1.2109637726213,-1.45679826940234,4,non_commute
ST-941,1.46374323262004,0.172495253458694,2,non_commute
ST-942,-0.172030636716617,0.646021887532251,1,non_commute
ST-943,-1.64945154940915,0.530081598014143,1,non_commute
ST-944,-1.50694203093547,0.367137577310533,1,non_commute
ST-946,-0.627136434942972,-0.159649353423411,1,non_commute
ST-947,-0.841099692508709,1.2464906359801,1,non_commute
ST-948,1.01702174150044,1.20206644844278,2,non_commute
ST-949,1.65642702152911,-0.82552724586976,4,non_commute
ST-95,1.14422325989329,-1.39590373333773,4,non_commute
ST-950,-1.21545772214496,-0.807100225219552,3,non_commute
ST-951,-0.573225437965396,-1.05558587148924,3,non_commute
ST-952,-1.05328658241861,-0.861366004306688,3,non_commute
ST-953,2.12855588869927,-0.194446053702222,4,non_commute
ST-954,2.12604377714795,0.82336642337051,2,non_commute
ST-955,1.7798234008135,-0.739950983885924,4,non_commute
ST-956,1.53312232913547,1.54323001685807,2,non_commute
ST-957,1.35687253518225,1.44533552175917,2,non_commute
ST-958,1.08887287967694,1.91525543820995,2,non_commute
ST-959,1.80411220289024,1.20891668793004,2,non_commute
ST-96,1.18870280548648,-1.40269076732189,4,non_commute
ST-960,1.3036375049015,0.969029768328283,2,non_commute
ST-961,2.24940257181774,1.00923666233538,2,non_commute
ST-962,2.25582838426519,0.782063245985063,2,non_commute
ST-963,2.07907759409004,0.975666642656407,2,non_commute
ST-964,0.222983958560435,0.710482469806237,2,non_commute
ST-965,0.278798525541811,-1.27761021397778,4,non_commute
ST-966,1.73754681135865,1.26376113822409,2,non_commute
ST-967,-0.0899525184961802,-0.273056271513965,4,non_commute
ST-968,1.33490019340427,-1.38001757773982,4,non_commute
ST-97,-0.179023161319408,-1.64016803896697,3,non_commute
ST-970,-0.239470963478954,0.294824651085461,1,non_commute
ST-971,0.147873454647146,0.345616632690149,1,non_commute
ST-972,-0.0566824808061154,-1.48153602060347,4,non_commute
ST-973,-0.0954826280650865,-1.42784159939301,4,non_commute
ST-974,-0.002574778783434,-1.56896015939342,4,non_commute
ST-975,-2.58377104011146,-1.3236674604693,3,non_commute
ST-976,-0.215363877933654,-1.29574051352546,3,non_commute
ST-977,-1.85175847883518,0.691898243782697,1,non_commute
ST-978,-2.07353065007134,0.479317687958807,1,non_commute
ST-979,-1.49039669664244,1.21446425094266,1,non_commute
ST-98,0.415807042281384,-1.56760129677617,4,non_commute
ST-980,0.754056018187734,-1.48172063769704,4,non_commute
ST-981,0.227113141769362,1.12034907283135,2,non_commute
ST-983,-0.0938774567231089,-0.619454186357864,4,non_commute
ST-984,-0.159701127019379,-1.32407983763207,4,non_commute
ST-985,-0.19669753803434,-0.243672425316942,1,non_commute
ST-986,0.124423910132085,-0.187714744816148,4,non_commute
ST-987,0.0749291826194417,-1.45867293597299,4,non_commute
ST-988,0.500035807155336,-1.78839666365389,4,non_commute
ST-99,0.548151617804189,-1.69564624401726,4,non_commute
ST-990,0.875348691195343,-1.49096839760859,4,non_commute
ST-991,0.682026226446256,-1.14466613046021,4,non_commute
ST-992,-0.346312536605769,-0.296389184007516,1,non_commute
ST-993,-1.55550641410993,-0.936087538423557,3,non_commute
ST-994,-1.47298946790366,-1.35242296606441,3,non_commute
ST-995,-1.22599109194554,-0.290364229533617,1,non_commute
ST-996,-1.79979262383044,-0.845610950134326,3,non_commute
ST-997,-1.42873160271836,-1.3497111668041,3,non_commute
ST-10,1.43411083369616,-1.04542972475735,4,evening_commute
ST-1000,-0.971210826379309,-1.56990599524568,3,evening_commute
ST-1002,-1.02501962851788,-1.67963837617768,3,evening_commute
ST-1003,1.85150110025422,0.327781288525858,2,evening_commute
ST-1004,-1.74143256591293,-1.05960692379174,3,evening_commute
ST-1005,-1.26741850532089,-1.55516063141431,3,evening_commute
ST-1006,-1.06006264265589,-1.64037688120611,3,evening_commute
ST-1007,-1.75617854251512,-1.36157642567598,3,evening_commute
ST-1008,-1.44617119763851,-1.32906186816539,3,evening_commute
ST-101,3.03809458642996,-0.677256442074643,4,evening_commute
ST-1010,-1.64133432087563,-0.957125506405922,3,evening_commute
ST-1011,-1.73601511934333,-0.87630858987798,3,evening_commute
ST-1012,-2.41628640669665,-0.995231221427877,3,evening_commute
ST-1013,-1.72788094307772,-1.50824668159714,3,evening_commute
ST-1014,-1.23219210731633,-1.01458809947368,3,evening_commute
ST-1015,-0.999101231099873,-1.30421633484244,3,evening_commute
ST-1016,-1.17163346968916,-1.33957053583527,3,evening_commute
ST-1017,-1.10886992149301,-1.7147782107141,3,evening_commute
ST-1018,-1.07917819295428,-1.60176664081569,3,evening_commute
ST-1019,-0.413661897643757,-1.5945351625203,3,evening_commute
ST-102,0.64552170286254,-1.97949861487836,4,evening_commute
ST-1020,2.48944294814154,1.42124623664204,2,evening_commute
ST-1023,1.30381578268705,1.62175556023369,2,evening_commute
ST-1024,1.23144039468382,1.48404776733731,2,evening_commute
ST-1025,0.79723491631014,-0.114920821554552,4,evening_commute
ST-1027,1.19146974948121,1.87160491050565,2,evening_commute
ST-1028,1.30724755728125,2.13180970861157,2,evening_commute
ST-1029,0.855087998641968,0.189614790864059,4,evening_commute
ST-103,0.407738998981155,-1.64927265068859,4,evening_commute
ST-1031,1.2932669820008,1.90222437819862,2,evening_commute
ST-1032,0.902913000996156,0.380469468944419,2,evening_commute
ST-1033,1.47489850914567,1.52339277404467,2,evening_commute
ST-1034,0.601189278199582,-0.897921325179744,4,evening_commute
ST-1035,1.31531457698649,1.24141992600868,2,evening_commute
ST-1036,1.11202535287422,-0.0642477119705414,4,evening_commute
ST-1037,1.93546659612007,-1.11749454970287,4,evening_commute
ST-1038,1.01517061687351,0.942285416877756,2,evening_commute
ST-1039,1.40100630592905,1.35772532346051,2,evening_commute
ST-104,-2.13937654914639,0.571676476879701,1,evening_commute
ST-1040,0.192201866316147,1.84064382503511,2,evening_commute
ST-1041,0.924875421704885,-0.490921216117086,4,evening_commute
ST-1042,0.0893350947326693,1.76997944757192,2,evening_commute
ST-1043,-0.819456035123343,3.16798240785293,1,evening_commute
ST-1044,0.311099239598717,0.118809951130475,4,evening_commute
ST-1045,0.991269845935595,-0.774312781874942,4,evening_commute
ST-1046,0.750929809339269,-0.47290699634927,4,evening_commute
ST-1047,0.908869156778783,-0.293772663931906,4,evening_commute
ST-1048,0.18613876891963,0.907950613447498,2,evening_commute
ST-1049,0.348473752349665,0.76340032819785,2,evening_commute
ST-105,0.254763551986851,-1.72607211069364,4,evening_commute
ST-1050,-0.164161681071026,1.40650088787394,1,evening_commute
ST-1051,-0.230001258076111,1.9520661606098,1,evening_commute
ST-1052,0.838439284853309,2.11103694108009,2,evening_commute
ST-1053,0.212205102124326,1.15386952312878,2,evening_commute
ST-1054,0.274206385001231,2.09721349480557,2,evening_commute
ST-1055,0.183642990587855,1.98483095536658,2,evening_commute
ST-1056,0.0771325462117362,1.91220945660374,2,evening_commute
ST-1058,0.0384632230320176,1.61838982451487,2,evening_commute
ST-1059,0.175467445991721,1.73049803479989,2,evening_commute
ST-106,-0.572507967197709,-2.52758526133812,3,evening_commute
ST-1061,0.347400805760871,0.377206446865411,2,evening_commute
ST-1062,-2.50246443818807,-1.07735104620379,3,evening_commute
ST-1063,-2.60449001549204,-1.15542769090147,3,evening_commute
ST-1064,-2.5184750663795,-1.23309907327067,3,evening_commute
ST-1065,-2.49279164111828,-1.32572063408717,3,evening_commute
ST-1067,-1.98056523598634,-1.46766050380452,3,evening_commute
ST-1069,-1.99945414681983,-1.45778453121762,3,evening_commute
ST-107,0.986292798024354,-1.72284734106469,4,evening_commute
ST-1070,1.20074284447143,-0.210851956691754,4,evening_commute
ST-1072,0.781711103822863,0.507738257551135,2,evening_commute
ST-1075,0.646002391395235,0.986878127695523,2,evening_commute
ST-1076,0.557239013955204,0.714023100657429,2,evening_commute
ST-1077,0.408364585813241,0.546967494726542,2,evening_commute
ST-1078,0.923357294714775,-0.200005688623472,4,evening_commute
ST-1079,0.926090177901344,-0.0826152947353159,4,evening_commute
ST-108,0.492277882110228,-1.70856624973736,4,evening_commute
ST-1081,1.47806866330812,-0.372260476571589,4,evening_commute
ST-1082,0.947737395436976,0.612449830904065,2,evening_commute
ST-1083,0.930139164216064,-0.72824655656636,4,evening_commute
ST-1084,0.882574015685368,0.954242108386642,2,evening_commute
ST-1085,0.65399965088277,1.28425896674889,2,evening_commute
ST-1086,0.807879320630914,0.376260347555056,2,evening_commute
ST-1087,1.1311741200315,-0.234113316013074,4,evening_commute
ST-1088,1.73282792350072,-0.946351438899124,4,evening_commute
ST-1089,0.716143486670265,0.353243301364792,2,evening_commute
ST-109,0.496542823959821,-1.54154255406558,4,evening_commute
ST-1092,0.547471211892467,-0.614831350261677,4,evening_commute
ST-1093,-0.166484533870099,-0.0850089482421316,1,evening_commute
ST-1094,-1.49567500152918,2.3775800843738,1,evening_commute
ST-1095,-0.265541125167397,-0.508881614522509,4,evening_commute
ST-1096,1.93231183348005,0.388322064112861,2,evening_commute
ST-1097,-0.163451856982455,-0.291785363071459,4,evening_commute
ST-1098,-0.071251953200764,-0.363516769549601,4,evening_commute
ST-1099,-0.170450245125226,-0.0702949694639149,1,evening_commute
ST-11,1.68431517340836,-1.66638035610609,4,evening_commute
ST-110,0.593013693535353,-1.27244006608673,4,evening_commute
ST-1100,0.950219185188611,1.03517336916017,2,evening_commute
ST-1101,1.26850894140777,1.08444396829348,2,evening_commute
ST-1102,1.12806622072333,0.449649739823095,2,evening_commute
ST-1103,1.02337076801248,1.05163930131588,2,evening_commute
ST-1104,1.05868203051279,1.20158027090148,2,evening_commute
ST-1105,0.671907817904201,0.421267339281432,2,evening_commute
ST-1106,0.590614209516501,0.858563656667551,2,evening_commute
ST-1107,0.979025765845148,1.00863491984531,2,evening_commute
ST-1108,2.69098367258447,-0.0899331999475062,4,evening_commute
ST-1109,1.07002264157975,1.01270457047032,2,evening_commute
ST-111,0.455293217291123,-1.78184440503584,4,evening_commute
ST-1110,1.12305056794047,0.73050501461067,2,evening_commute
ST-1111,0.109941167935991,0.287619301182422,1,evening_commute
ST-1114,0.604666433760733,0.210871536592094,4,evening_commute
ST-1118,-0.334296581239024,1.25347327518642,1,evening_commute
ST-1119,-0.417908411995185,1.89728148512226,1,evening_commute
ST-112,0.477208855788633,-1.66857557586829,4,evening_commute
ST-1120,-0.267679276079333,1.70857010533806,1,evening_commute
ST-1121,-0.656001726948114,1.46166226728843,1,evening_commute
ST-1122,-0.792045711184938,1.7292220240008,1,evening_commute
ST-1123,-0.0433187715278801,0.982790808457297,1,evening_commute
ST-1124,-0.66715244332089,1.39214313675474,1,evening_commute
ST-1125,-0.367112162391248,1.60284944428832,1,evening_commute
ST-1127,-0.46765525692861,1.24528665335722,1,evening_commute
ST-1128,-0.401202582655984,1.60220887559893,1,evening_commute
ST-1129,0.86423702393962,1.96805571076386,2,evening_commute
ST-113,3.09413396425484,1.79484267763014,2,evening_commute
ST-1130,0.457834151549194,1.58984782787187,2,evening_commute
ST-1131,1.29842350857321,1.25867314186534,2,evening_commute
ST-1132,-0.52539874242607,1.6850180615608,1,evening_commute
ST-1133,0.165208872634057,1.78162967537179,2,evening_commute
ST-1135,0.181894090449966,1.48962063051236,2,evening_commute
ST-1136,0.00899121662739784,1.45084062215068,2,evening_commute
ST-1137,-0.893128958486123,-2.73875310626957,3,evening_commute
ST-114,0.145952909484447,-1.9051747210019,4,evening_commute
ST-1140,-1.69998611107745,0.440249017687603,1,evening_commute
ST-1141,-2.04668568229128,0.671959435892369,1,evening_commute
ST-1142,-1.83863139240854,0.501164091269635,1,evening_commute
ST-1143,-1.76572778827227,1.24689622477187,1,evening_commute
ST-1144,-1.17799412617373,0.447174146887879,1,evening_commute
ST-1146,-1.5147004826302,1.18053985482974,1,evening_commute
ST-1147,-1.99765617306534,0.825695059828102,1,evening_commute
ST-1148,-1.86268791921735,0.050242280174271,1,evening_commute
ST-1149,-1.99796085451928,0.647414772817639,1,evening_commute
ST-1150,0.710306078784719,-0.554945188567124,4,evening_commute
ST-1151,-0.236802738957355,-0.189911851869745,1,evening_commute
ST-1152,2.17263922174068,0.444215171749791,2,evening_commute
ST-1153,2.69604179988237,1.18304617006732,2,evening_commute
ST-1154,2.14460172871561,0.476481198197463,2,evening_commute
ST-1156,-0.467964962523296,1.62821541158931,1,evening_commute
ST-1157,2.47978558533347,1.40469947828533,2,evening_commute
ST-1158,1.86814151492274,0.664499316203605,2,evening_commute
ST-116,-1.32471749639152,0.237168131362625,1,evening_commute
ST-1160,2.68770925357265,-0.956957901868967,4,evening_commute
ST-1161,1.91211021480871,0.0111049241043391,4,evening_commute
ST-1162,1.60794769800812,1.63356744940315,2,evening_commute
ST-1163,2.10031025635535,0.549926984379617,2,evening_commute
ST-1164,2.07669483653496,0.376286086613105,2,evening_commute
ST-1165,1.77344515719654,1.07305521285766,2,evening_commute
ST-1166,1.79702330991131,1.21146950909902,2,evening_commute
ST-1167,0.550756730433396,2.64472653078313,2,evening_commute
ST-1168,1.93386712801363,0.951049384288462,2,evening_commute
ST-1169,1.72001043079461,-0.204985601845549,4,evening_commute
ST-117,-1.58013379600056,0.379760455973017,1,evening_commute
ST-1170,3.84273953973897,0.113170327374002,2,evening_commute
ST-1171,2.03029996090972,-0.418882211402649,4,evening_commute
ST-1172,1.8710572081838,-1.20839541551328,4,evening_commute
ST-1173,1.74710584011195,-0.889820796951476,4,evening_commute
ST-1174,1.82878215063191,-0.745318579182437,4,evening_commute
ST-1177,1.71819549643266,1.02173686904568,2,evening_commute
ST-1178,1.85456902148758,0.0538783439730493,4,evening_commute
ST-1179,1.58577508559203,0.38470291694515,2,evening_commute
ST-118,-1.63169078735046,0.145560352840786,1,evening_commute
ST-1180,2.2831248639869,-0.337820243197039,4,evening_commute
ST-1181,1.92967708487316,0.400420239786109,2,evening_commute
ST-1182,1.91096364547481,0.893466598684712,2,evening_commute
ST-1184,0.773695531939271,1.06887603343845,2,evening_commute
ST-1185,0.718147406245247,1.34535848019604,2,evening_commute
ST-1186,0.831353217526271,1.26100459213628,2,evening_commute
ST-1188,0.291777325961345,-0.594987121515383,4,evening_commute
ST-1189,1.25601672833972,-1.20330225151045,4,evening_commute
ST-119,-1.56885566353914,0.0860241976316631,1,evening_commute
ST-1190,1.39204577130338,-0.887943324619194,4,evening_commute
ST-1191,0.588279101549702,-1.80532126510856,4,evening_commute
ST-1192,0.567858830585263,-1.87836463971936,4,evening_commute
ST-1193,0.347782853471403,-1.7148464525472,4,evening_commute
ST-1194,0.310934457780662,-1.89936826119058,4,evening_commute
ST-1195,0.334471661431323,-0.62060933178542,4,evening_commute
ST-1197,-0.902054910192175,-0.0317118424529761,1,evening_commute
ST-1198,-0.879234183427808,-0.0302157884152452,1,evening_commute
ST-1199,0.811267135633757,-1.85207416856022,4,evening_commute
ST-12,0.890587956449335,-1.16659908470884,4,evening_commute
ST-120,-1.15669477685546,-1.28852223280784,3,evening_commute
ST-1200,-1.1701605851563,0.644818230109722,1,evening_commute
ST-1201,-1.02198004601514,0.0360914224668551,1,evening_commute
ST-1202,-1.38833109439586,0.154273011365717,1,evening_commute
ST-1203,0.379311979133526,0.756391602691562,2,evening_commute
ST-1204,0.15682202181871,1.06560009411929,2,evening_commute
ST-1206,-1.84862073821745,0.775251214127481,1,evening_commute
ST-1207,-0.549224340136206,1.07406032794556,1,evening_commute
ST-1208,-0.807402830294814,0.541348078244655,1,evening_commute
ST-121,-1.80692254856079,0.223889444030993,1,evening_commute
ST-1210,0.241615421990962,0.080362307220849,4,evening_commute
ST-1211,0.38907494581412,-0.0278715911139266,4,evening_commute
ST-1212,0.161633615684897,-0.0872763616117861,4,evening_commute
ST-1213,-0.0239618879207637,0.868816980917053,1,evening_commute
ST-1215,-1.39685363014271,0.0212081525984094,1,evening_commute
ST-1216,-1.06363376148572,0.663325335618704,1,evening_commute
ST-1217,0.040680516604144,0.374182900286576,1,evening_commute
ST-1218,-1.34126219652879,-1.21118413611048,3,evening_commute
ST-1219,-1.39998891666764,-0.692424612235303,3,evening_commute
ST-122,0.995453524352932,-2.06359427563786,4,evening_commute
ST-1220,-1.17521956054492,-0.73811621613233,3,evening_commute
ST-1221,-0.859128977731401,-0.695279189267187,3,evening_commute
ST-1222,-1.13656102784195,-0.840341724898588,3,evening_commute
ST-1223,-0.753031739714007,-1.18321954973407,3,evening_commute
ST-1224,-1.67385817443199,0.536224480587272,1,evening_commute
ST-1226,-1.42691071481678,-0.772599338893631,3,evening_commute
ST-1227,-1.37066209917134,-0.687549869104779,3,evening_commute
ST-1228,-1.32416190055793,-1.01571646338359,3,evening_commute
ST-1229,-1.25181137098945,-0.825641319916826,3,evening_commute
ST-123,-1.27423953139715,0.0465057705216803,1,evening_commute
ST-1230,0.748010187679961,2.67243350269294,2,evening_commute
ST-1231,-0.995754573061913,-0.768932048054614,3,evening_commute
ST-1233,-1.03732850963746,0.560191347443925,1,evening_commute
ST-1235,-1.39687231392484,0.519803496438283,1,evening_commute
ST-1236,-1.57311137603286,-1.25639562709141,3,evening_commute
ST-1237,-1.14003149863765,-0.842709717000959,3,evening_commute
ST-1238,-1.41384067835641,-0.302175651437507,3,evening_commute
ST-1239,-1.41338486274275,0.477740739841263,1,evening_commute
ST-124,-1.77902109533386,0.0503932897537571,1,evening_commute
ST-1241,-1.51576194377782,0.0348586595571769,1,evening_commute
ST-1243,-1.39697278392678,0.450929986893447,1,evening_commute
ST-1245,1.92844368168295,0.283744327849166,2,evening_commute
ST-1246,2.21733840858734,0.143932625838835,2,evening_commute
ST-1247,1.87045238960869,0.441202453480846,2,evening_commute
ST-1248,0.605963872367129,0.639440087246375,2,evening_commute
ST-1249,-2.0978420663732,-1.53759287474851,3,evening_commute
ST-125,-1.47910158717002,0.221817711204539,1,evening_commute
ST-1250,-2.32823118173837,-1.37075178324486,3,evening_commute
ST-1251,-2.36464757129518,-1.32480172040851,3,evening_commute
ST-1252,-2.61656617035912,-1.04907663612176,3,evening_commute
ST-1253,-2.63680331372493,-1.24990230245284,3,evening_commute
ST-1254,-2.47726252120352,-1.13151634451352,3,evening_commute
ST-1259,-0.473165550858654,0.994444919372654,1,evening_commute
ST-126,-1.02309659050692,-0.129109315966534,1,evening_commute
ST-1260,-0.564609883719418,1.48746495993375,1,evening_commute
ST-1262,0.467384141407262,0.896894337041765,2,evening_commute
ST-1263,0.283095673061223,-1.81065917006365,4,evening_commute
ST-1264,-0.588897112315836,1.1382225921059,1,evening_commute
ST-1265,-0.822042237833949,0.573396749301189,1,evening_commute
ST-1266,-0.137703825846758,-0.781745432760237,4,evening_commute
ST-1267,-1.09841740292888,0.416559541537914,1,evening_commute
ST-1268,-0.736156538743108,0.618940902637169,1,evening_commute
ST-1269,-1.31837149210673,0.992853472268245,1,evening_commute
ST-127,-2.02738820968327,0.981688335959124,1,evening_commute
ST-1270,-0.525878551007563,0.402500979257821,1,evening_commute
ST-1271,0.823409851577797,-1.89564038954685,4,evening_commute
ST-1273,-1.29166471976845,-1.04799969742958,3,evening_commute
ST-1274,-1.29538595259618,-2.62662339252121,3,evening_commute
ST-1275,-1.08931108142512,-0.822892068166318,3,evening_commute
ST-1276,-1.84404411312043,0.556231220405087,1,evening_commute
ST-1277,-1.92049983156255,0.308636732755864,1,evening_commute
ST-1278,-0.565106966600981,1.43258926997376,1,evening_commute
ST-1279,-0.418306132215337,1.30631166641607,1,evening_commute
ST-128,-1.93060816994497,0.779365552654358,1,evening_commute
ST-1280,0.135814622288722,0.961419745453585,2,evening_commute
ST-1281,-0.623420705330769,1.5012153885438,1,evening_commute
ST-1282,-0.203160932613645,1.59440645126424,1,evening_commute
ST-1283,-0.855182575859124,1.37740991437419,1,evening_commute
ST-1284,-0.615524394359087,1.41866774611515,1,evening_commute
ST-1285,-0.468600467177921,1.34171428623036,1,evening_commute
ST-1286,-0.34861805694005,1.2678652793695,1,evening_commute
ST-1287,-0.412617704169677,1.46743726246913,1,evening_commute
ST-1288,-0.417698417364407,1.07341371032006,1,evening_commute
ST-1289,0.0586934055376362,1.77198149548661,2,evening_commute
ST-1290,-0.667460170018597,-1.31706631257564,3,evening_commute
ST-1291,-0.37880316565112,1.28016007808419,1,evening_commute
ST-1292,-0.363060452978311,1.5633632639783,1,evening_commute
ST-1293,2.37124439290293,0.625173203088653,2,evening_commute
ST-1295,0.296520244777694,1.77519618733508,2,evening_commute
ST-1296,0.293513734803495,1.79438310759913,2,evening_commute
ST-1297,0.284573826075348,1.88190970366946,2,evening_commute
ST-1298,-0.815857782629857,-2.14266335110828,3,evening_commute
ST-1299,0.84401159666562,-2.43158742476526,4,evening_commute
ST-13,3.1782273236556,-0.622227607338279,4,evening_commute
ST-130,-1.894946052924,0.310339569062296,1,evening_commute
ST-1300,-0.116518863021526,-1.08247728415161,4,evening_commute
ST-1302,-0.0031153990722604,-0.109239063396596,4,evening_commute
ST-1303,2.20960322203154,0.0693857089705233,4,evening_commute
ST-1305,2.05380544516627,0.516666258853446,2,evening_commute
ST-1306,1.79807104604508,0.989210760189265,2,evening_commute
ST-1307,2.17890592352543,0.811257746201075,2,evening_commute
ST-1308,2.10672203964335,1.26666091893746,2,evening_commute
ST-1309,2.07941487931984,0.408658958654072,2,evening_commute
ST-131,-1.64977946425958,1.1384715569877,1,evening_commute
ST-1310,-1.28536651102451,1.08668867261052,1,evening_commute
ST-1311,1.62402145619629,1.35402690729279,2,evening_commute
ST-1312,1.67664749472827,1.56331157801751,2,evening_commute
ST-1313,1.43850771898974,1.965805463391,2,evening_commute
ST-1314,0.621259129257588,2.01977320024159,2,evening_commute
ST-1315,3.69077706572443,1.02159617100292,2,evening_commute
ST-1316,2.72185606454152,-1.55087729520753,4,evening_commute
ST-1317,-0.561534472775115,0.0125820542479233,1,evening_commute
ST-1319,0.409665822975321,-2.60729793481856,4,evening_commute
ST-132,-1.73308151506663,-0.0613539580400807,1,evening_commute
ST-1320,-0.800863972869346,-1.99318680190038,3,evening_commute
ST-1321,-0.319934048260126,-1.79264098939651,3,evening_commute
ST-1322,0.498285466752621,0.350576239315957,2,evening_commute
ST-1323,-0.715106587764896,-1.20305974332497,3,evening_commute
ST-1324,-0.0743328489320678,-0.0832123722598898,4,evening_commute
ST-1325,0.00220426408047108,-0.0265939932659918,4,evening_commute
ST-1326,0.890319360923806,-0.375144556191501,4,evening_commute
ST-1327,-0.0819161534808276,-0.399463507300472,4,evening_commute
ST-1328,3.59365303937395,-0.32398235551026,4,evening_commute
ST-1329,1.30149684009456,2.07502693732617,2,evening_commute
ST-1331,0.8972808848909,-0.373506242442692,4,evening_commute
ST-1332,-0.438974138706703,-0.190176745630862,1,evening_commute
ST-1333,0.441306754295244,0.75797575086369,2,evening_commute
ST-1334,-0.128916213881674,-0.163949506415949,4,evening_commute
ST-1335,-0.0987948144600673,-0.256095413757574,4,evening_commute
ST-1336,3.34882329703598,-1.0512798779084,4,evening_commute
ST-1337,-0.567348906178218,0.998616937770626,1,evening_commute
ST-1338,-2.56182159653768,-1.01529881618852,3,evening_commute
ST-1339,1.22504156841943,-0.539065733661421,4,evening_commute
ST-134,-1.66674728255999,-0.0386260238143183,1,evening_commute
ST-1341,0.308918823542763,0.0328571121746738,4,evening_commute
ST-1342,0.395668470236369,-0.287136791276201,4,evening_commute
ST-1343,0.401622070520346,-0.0753638392653969,4,evening_commute
ST-1344,1.1673173446391,-0.515648622755127,4,evening_commute
ST-1345,0.275910845985547,1.03360859400048,2,evening_commute
ST-1346,0.0450808104650816,0.544410428093046,1,evening_commute
ST-1347,1.36836338261085,-2.78969352759863,4,evening_commute
ST-1348,0.207989646978361,1.05046742709359,2,evening_commute
ST-1349,0.338296521747807,0.844795840623138,2,evening_commute
ST-1350,-0.669703110382041,-1.02274994318323,3,evening_commute
ST-1351,-2.33122687758807,-1.38035178820829,3,evening_commute
ST-1352,-2.56937492192829,-1.23388564012381,3,evening_commute
ST-1353,-0.656607544926541,-1.32408322900922,3,evening_commute
ST-1354,2.43065282351952,-0.956913418419326,4,evening_commute
ST-1355,1.51550567090647,0.274373742891361,2,evening_commute
ST-1356,-0.0304485402654664,-0.31449927289523,4,evening_commute
ST-1357,-0.875827497425188,0.302792806843305,1,evening_commute
ST-1359,3.04675160251651,-0.957109678586903,4,evening_commute
ST-136,-1.35234920956875,-0.140731719606969,1,evening_commute
ST-1360,1.88995324375534,1.01212067119352,2,evening_commute
ST-1361,1.75061859393722,1.17761492415144,2,evening_commute
ST-1364,0.740224159918199,1.34267151589172,2,evening_commute
ST-1365,2.27195292780875,-0.0816067958455307,4,evening_commute
ST-1366,2.48393998523433,-0.376041528697591,4,evening_commute
ST-1367,1.00661002142127,0.144273323262393,4,evening_commute
ST-1369,-2.62872790031987,-0.028013391311096,3,evening_commute
ST-137,-1.56191379717836,0.0298718963970362,1,evening_commute
ST-1370,0.578701090436731,-0.0736879432279879,4,evening_commute
ST-1371,0.145348478281809,1.84431761615034,2,evening_commute
ST-1372,-0.786576808937423,0.103784439251705,1,evening_commute
ST-1373,-1.33377590675506,0.314119894409906,1,evening_commute
ST-1374,-1.12591641427561,0.102104203236256,1,evening_commute
ST-1375,-0.310083627873609,0.0278214014326664,1,evening_commute
ST-1376,0.176350419285161,-0.226038752017789,4,evening_commute
ST-1377,-3.30258316984159,1.4021480456688,1,evening_commute
ST-1378,0.574762268129494,-1.89214985286959,4,evening_commute
ST-1379,0.585527757857479,-2.09274536533653,4,evening_commute
ST-138,-1.72017420967537,0.160488583392971,1,evening_commute
ST-1380,-0.300631476883992,-0.0186922976515351,1,evening_commute
ST-1381,-0.0271341744050281,-0.249357754948482,4,evening_commute
ST-1383,-0.131798159051454,0.774746802833129,1,evening_commute
ST-1384,0.230965098640663,0.366638302108235,2,evening_commute
ST-1385,2.97908415581794,-0.921455124897463,4,evening_commute
ST-1386,-0.0747816488102351,0.514578292924118,1,evening_commute
ST-1387,1.51030115671251,1.34501223877497,2,evening_commute
ST-1388,1.49047423071555,1.35964207161253,2,evening_commute
ST-1389,1.25863407109916,1.06605354306222,2,evening_commute
ST-1390,0.90302313950744,1.0889925769007,2,evening_commute
ST-1391,0.897625086030706,1.31185292784371,2,evening_commute
ST-1392,0.61623094102709,1.148884432829,2,evening_commute
ST-1394,-0.70660964760927,1.52514958465153,1,evening_commute
ST-1395,0.466984946871858,0.376642767702807,2,evening_commute
ST-1396,1.47750456827418,0.6596788012312,2,evening_commute
ST-1397,0.795008333577395,-1.14218125726469,4,evening_commute
ST-1398,-1.768062249544,-1.10122257916651,3,evening_commute
ST-14,2.64115642991433,-0.426119344236824,4,evening_commute
ST-140,-1.00000516603967,-0.0578943962772766,1,evening_commute
ST-1400,-0.811625218113424,-1.51413029525544,3,evening_commute
ST-1402,-2.60417117562812,-1.18842777339106,3,evening_commute
ST-1403,-1.74225681606579,-0.665854613925746,3,evening_commute
ST-1404,2.14771247912853,0.574334236911341,2,evening_commute
ST-1405,2.61918090495786,1.92558365083601,2,evening_commute
ST-1406,1.98172942405128,0.643190640956927,2,evening_commute
ST-1407,0.608623200070979,1.14830064425246,2,evening_commute
ST-1408,0.761207594513886,0.414482932720646,2,evening_commute
ST-1409,0.721013654696475,-0.43627817784257,4,evening_commute
ST-1410,0.729889537828614,0.866652296540305,2,evening_commute
ST-1411,3.28909963080321,1.47635698776345,2,evening_commute
ST-1413,0.821972717642179,0.243441869999324,2,evening_commute
ST-1414,0.873574708103901,0.860245689434975,2,evening_commute
ST-1416,0.734505944689378,0.867429105521813,2,evening_commute
ST-1417,0.93491162654888,1.30310032381315,2,evening_commute
ST-1418,0.976462716365987,1.43713264599582,2,evening_commute
ST-1419,0.685986384782864,1.20361126635505,2,evening_commute
ST-142,-1.25104949350693,0.263781266375014,1,evening_commute
ST-1420,0.684525325896739,-0.246294725753651,4,evening_commute
ST-1421,0.429199576810481,0.91642948403694,2,evening_commute
ST-1422,0.628032799032622,-0.381613792044933,4,evening_commute
ST-1423,0.868679617368163,1.11951128453913,2,evening_commute
ST-1424,-0.615012782629353,0.740414476717216,1,evening_commute
ST-1425,-0.348238261698574,1.49610039280745,1,evening_commute
ST-1426,-0.363400909548828,1.51425124649919,1,evening_commute
ST-1427,-0.154016381568303,-0.78638294970375,4,evening_commute
ST-1428,-2.08031077252973,0.228498551263706,1,evening_commute
ST-1429,0.187806459316131,-2.15024964931822,4,evening_commute
ST-143,-1.38281274186402,0.0518053421983004,1,evening_commute
ST-1432,-1.79512927197453,0.141633720997956,1,evening_commute
ST-1433,1.88597028628795,-0.383806748755094,4,evening_commute
ST-1434,0.135063725566843,2.07128978776023,2,evening_commute
ST-1435,-1.32465885896795,-0.0840593292855901,1,evening_commute
ST-1436,-0.759833544987164,0.176864423474277,1,evening_commute
ST-1437,-1.49683396393855,0.0807033056427254,1,evening_commute
ST-1438,-0.54643698806132,-0.202253822160756,1,evening_commute
ST-1439,-1.320098316603,0.139402452529634,1,evening_commute
ST-144,-1.5247501338393,0.169976528346512,1,evening_commute
ST-1440,-0.98036967815905,0.0309329244611759,1,evening_commute
ST-1441,1.25355586413949,-0.579874848853356,4,evening_commute
ST-1442,0.498630308019235,-0.823553066819181,4,evening_commute
ST-1443,0.69519846482668,-0.484563410257798,4,evening_commute
ST-1445,0.778203442354583,-0.430182655900754,4,evening_commute
ST-1446,0.323121882337475,0.132771983489485,4,evening_commute
ST-1447,0.207009106829272,-0.716768965306284,4,evening_commute
ST-1449,-0.197329308278745,-0.307075309284764,4,evening_commute
ST-145,-1.20098256118171,-0.127722111791127,1,evening_commute
ST-1451,-0.235844168551009,-0.13482952692322,1,evening_commute
ST-1452,0.144747869493046,-0.358007477281291,4,evening_commute
ST-1454,-2.82202204283086,-0.746040576592885,3,evening_commute
ST-1455,-1.11245396261261,0.105925282529367,1,evening_commute
ST-1456,-1.00401890603515,0.943821501989289,1,evening_commute
ST-1457,-0.929685575500328,0.919618328274789,1,evening_commute
ST-1458,-0.354262157465928,0.177147679878442,1,evening_commute
ST-1459,0.394367425479555,-0.0469474116748719,4,evening_commute
ST-146,-1.81243190863792,-0.0663334784167872,1,evening_commute
ST-1460,-1.35657204818408,0.365369975303562,1,evening_commute
ST-1461,0.233269168383548,1.86166853360767,2,evening_commute
ST-1462,1.14583448836927,1.81442140612741,2,evening_commute
ST-1463,0.235037094481754,1.63186833163005,2,evening_commute
ST-1464,0.29987581605627,1.85717858327216,2,evening_commute
ST-1465,0.0208718569179083,2.02272554962664,2,evening_commute
ST-1466,0.331388775546144,1.8608756298611,2,evening_commute
ST-1467,0.270531959939805,1.82619209224877,2,evening_commute
ST-1468,0.111644106070571,2.06563000548726,2,evening_commute
ST-1469,0.776714602085868,1.13686619708744,2,evening_commute
ST-147,-1.34377668635826,-0.145074836616716,1,evening_commute
ST-1470,-0.400555754147418,1.32758697261775,1,evening_commute
ST-1473,-0.648885137425789,1.55351415024743,1,evening_commute
ST-1474,0.137911557616006,0.778502105948629,2,evening_commute
ST-1475,-0.783006866643055,1.56488166501239,1,evening_commute
ST-1476,-0.242307218903289,1.80160653202817,1,evening_commute
ST-1477,-3.67135106126038,2.57629013345266,1,evening_commute
ST-1479,0.749271698925869,0.116281130795316,4,evening_commute
ST-148,-1.58986893924937,-0.0085227202387663,1,evening_commute
ST-1480,1.33556109797167,1.17339284577676,2,evening_commute
ST-1481,1.26903686961857,2.07743464607218,2,evening_commute
ST-1482,1.01848084670289,-0.0721473284103076,4,evening_commute
ST-1483,1.2649655958839,1.8990620580305,2,evening_commute
ST-1484,0.852876790254873,0.349371057621981,2,evening_commute
ST-1485,1.1878775780002,0.336737872965829,2,evening_commute
ST-1486,0.6726452285354,-0.688264657808104,4,evening_commute
ST-1487,1.33392247315444,0.0259406842630697,4,evening_commute
ST-1488,1.13492410879036,0.0468897402796098,4,evening_commute
ST-1489,1.06879210790752,2.03551138102058,2,evening_commute
ST-1490,1.30664855355173,2.09524799915941,2,evening_commute
ST-1491,0.245694955225505,-0.550734432541775,4,evening_commute
ST-1492,-0.286172905744257,-0.243319098806928,1,evening_commute
ST-1493,0.433277366080102,-0.308415413249597,4,evening_commute
ST-1494,1.37736511930762,-1.14600756718323,4,evening_commute
ST-1495,-0.962247162978118,-1.51112473849274,3,evening_commute
ST-1496,-1.08265185096884,-1.50342934123534,3,evening_commute
ST-1497,-1.21476119458332,-1.66259015706761,3,evening_commute
ST-1498,-1.84161972183759,-0.874767769226094,3,evening_commute
ST-1499,-1.12378849972902,-1.81708046316878,3,evening_commute
ST-15,0.937607405008394,-1.06723128681525,4,evening_commute
ST-150,-1.45297679607502,0.200437618146237,1,evening_commute
ST-1500,-1.32226401452879,-1.25441093531761,3,evening_commute
ST-1501,-1.25379448302906,-0.150951603133543,1,evening_commute
ST-1503,-0.76181878183779,-1.48987098018539,3,evening_commute
ST-1504,-1.29927660008042,-1.52004870564266,3,evening_commute
ST-1505,-0.662722731821049,-2.68581289492741,3,evening_commute
ST-1506,-1.3251574556403,-1.78418201260117,3,evening_commute
ST-1507,-1.78824676841948,-1.83193436355632,3,evening_commute
ST-1508,-1.6105838097925,-1.82664182391225,3,evening_commute
ST-1509,-1.83572171271813,-1.61332508835258,3,evening_commute
ST-151,-1.56366761921698,-0.0401821377031739,1,evening_commute
ST-1510,-2.13953861123551,-1.53414214822928,3,evening_commute
ST-1511,-1.95033967074533,-1.47985353474138,3,evening_commute
ST-1512,-1.84816817104175,-1.76187935672514,3,evening_commute
ST-1514,-2.54151477002411,-1.21572847124593,3,evening_commute
ST-1515,-2.54904886751608,-0.957161150165921,3,evening_commute
ST-1517,-2.55238393454855,-1.2378439582842,3,evening_commute
ST-1518,-2.50758452749863,-1.1432044464662,3,evening_commute
ST-1519,-2.10459432052918,-1.42041175200717,3,evening_commute
ST-152,-1.44977925279739,0.149452361613113,1,evening_commute
ST-1520,-2.19389591001346,-1.48725814142815,3,evening_commute
ST-1521,-1.1793590680646,-0.407686069645293,3,evening_commute
ST-1522,-1.38375776358601,-0.263939646327925,3,evening_commute
ST-1523,-1.43234683350062,-1.15611261076154,3,evening_commute
ST-1526,-1.41930852629457,-0.688557795386065,3,evening_commute
ST-1527,-1.27057127693675,0.792072708133736,1,evening_commute
ST-1528,-1.38030741574374,0.596601517932335,1,evening_commute
ST-1529,-1.40705754873538,-0.836698804340863,3,evening_commute
ST-153,-1.78706851870921,0.506234942413512,1,evening_commute
ST-1531,-1.30925046180837,-0.863407867023492,3,evening_commute
ST-1533,1.77984664289975,2.32666840231823,2,evening_commute
ST-1534,-1.85905344453528,0.689361709049863,1,evening_commute
ST-1535,-1.45752342027427,0.662592354603704,1,evening_commute
ST-1536,-2.01755395042903,1.08633780134541,1,evening_commute
ST-1537,-1.29456661004413,0.50322030738941,1,evening_commute
ST-1538,-1.14793290138087,-0.415156783533101,3,evening_commute
ST-1539,-0.769077360876216,-2.02799693314608,3,evening_commute
ST-154,-1.89155203114316,0.0342362346001535,1,evening_commute
ST-1540,-0.880942101763812,-0.91614619417736,3,evening_commute
ST-1541,-0.92489929662262,-0.886451879423407,3,evening_commute
ST-1542,-0.754130623719968,0.263234789980055,1,evening_commute
ST-1543,-0.553161677063961,-0.189352314729159,1,evening_commute
ST-1544,2.01363707459096,1.03325637281923,2,evening_commute
ST-1545,0.723776915558586,-0.581965886237657,4,evening_commute
ST-1546,-0.978162555736349,0.290063784247715,1,evening_commute
ST-1547,-0.704993396251496,0.333673657967602,1,evening_commute
ST-1548,-0.729251151667551,1.08802479804157,1,evening_commute
ST-1549,2.03199216498363,0.73397936596867,2,evening_commute
ST-155,-1.67688142986056,0.0616148073066197,1,evening_commute
ST-1552,1.55428651468415,1.59121623373813,2,evening_commute
ST-1553,1.92101318395789,0.396160219046013,2,evening_commute
ST-1554,2.06493218074002,0.146026910472799,2,evening_commute
ST-1555,2.10817567596085,-0.190483051763459,4,evening_commute
ST-1556,2.02783280322204,0.643983825479263,2,evening_commute
ST-1557,1.6892080890575,0.50595268259686,2,evening_commute
ST-1559,1.9440910927563,0.754174402924894,2,evening_commute
ST-156,-1.61609661985049,0.397102255754367,1,evening_commute
ST-1560,1.7085671598553,1.20776751860021,2,evening_commute
ST-1561,-0.146356773173154,3.06425961156809,2,evening_commute
ST-1562,1.76892794732481,0.667785933374683,2,evening_commute
ST-1563,-1.73010958571778,2.64818848482635,1,evening_commute
ST-1564,1.6281308623189,1.42013149427182,2,evening_commute
ST-1565,-0.526346520046383,2.04266661779694,1,evening_commute
ST-1566,1.7387887607978,1.59958955814652,2,evening_commute
ST-1568,1.86643871559002,-0.0515597854959546,4,evening_commute
ST-157,-1.50846595048731,0.344092391821558,1,evening_commute
ST-1571,1.28594572703528,0.382988097926195,2,evening_commute
ST-1573,1.62793561933246,0.584210819647532,2,evening_commute
ST-1574,1.74012231519433,0.463085581703366,2,evening_commute
ST-1575,1.84292256608265,-0.330864898333007,4,evening_commute
ST-1576,2.27474002810516,-0.700051395343664,4,evening_commute
ST-1577,1.92333417547097,0.460193039370698,2,evening_commute
ST-1578,0.685029304075763,1.28055818728506,2,evening_commute
ST-1579,1.00358867963068,1.11995496678932,2,evening_commute
ST-158,-1.57522174315831,0.0399850956720695,1,evening_commute
ST-1580,0.714281833618247,-0.477939176905604,4,evening_commute
ST-1582,1.53231527442891,-0.348088313373278,4,evening_commute
ST-1584,1.52654773938325,-0.573457727248933,4,evening_commute
ST-1585,1.99226503048242,-0.461986666209271,4,evening_commute
ST-1586,1.23482871419762,-0.170590281397739,4,evening_commute
ST-1588,0.472434714030944,-0.419616741364281,4,evening_commute
ST-1589,0.868586557212894,-0.148595302915777,4,evening_commute
ST-159,-1.56274388856387,0.128212571290071,1,evening_commute
ST-1590,1.52321905405046,-0.372518513388043,4,evening_commute
ST-1592,1.14923579805363,0.608410387901608,2,evening_commute
ST-1593,2.86596825937354,0.268592760794689,2,evening_commute
ST-1594,0.02813975651692,1.8754183660552,2,evening_commute
ST-1595,2.56935572784732,0.760023642320033,2,evening_commute
ST-1597,0.110792932152251,1.82872704821742,2,evening_commute
ST-1598,0.0762264600560427,1.89955119581005,2,evening_commute
ST-1599,0.799486354535986,-0.7166667156585,4,evening_commute
ST-16,0.835171234206117,-2.48203639211502,4,evening_commute
ST-160,-1.64078913160338,0.250386054825074,1,evening_commute
ST-1601,0.311514901804793,2.08976833726152,2,evening_commute
ST-1602,0.937081409406247,-1.4805854287631,4,evening_commute
ST-1603,0.248467569131973,-1.88620201489424,4,evening_commute
ST-1605,-1.54976146524168,0.130570844420039,1,evening_commute
ST-1606,-1.58723935705437,0.247239087075981,1,evening_commute
ST-1607,-1.18321638863633,0.260352083678191,1,evening_commute
ST-1608,-1.36411586990092,-0.302382072806335,3,evening_commute
ST-1609,-0.917953953341895,0.0900863454687321,1,evening_commute
ST-161,-1.53628029245818,-0.0673109686560277,1,evening_commute
ST-1610,-1.60948080905387,0.089964775651591,1,evening_commute
ST-1611,-1.38666573863426,0.0858187212428118,1,evening_commute
ST-1614,2.10054169282418,2.00072355417127,2,evening_commute
ST-1615,0.359373541148637,-0.459195776314483,4,evening_commute
ST-1616,-0.35827015662424,-0.388816425921952,1,evening_commute
ST-1617,1.62797956553161,-0.266587339305638,4,evening_commute
ST-1618,0.0887681464519284,0.0423871807845488,4,evening_commute
ST-1619,-1.63880485176575,-0.176577388774956,1,evening_commute
ST-162,-0.873206846065299,0.174179601211672,1,evening_commute
ST-1620,0.53001586030793,0.3257130883246,2,evening_commute
ST-1621,0.15744942636289,0.586773313944955,2,evening_commute
ST-1622,-0.865880145817085,2.92268650981983,1,evening_commute
ST-1623,0.695088263216264,2.23333255063936,2,evening_commute
ST-1625,-0.123727889259718,-0.521566678911751,4,evening_commute
ST-1626,0.405113099965308,-0.234957881555555,4,evening_commute
ST-1627,1.17416047750123,-0.435828863668917,4,evening_commute
ST-1628,-0.516888298371866,-0.0598417485578775,1,evening_commute
ST-1629,-0.664529528965417,-0.359480347192897,1,evening_commute
ST-163,-1.54263403873152,0.178310685927633,1,evening_commute
ST-1630,0.333100225029714,1.51942285934234,2,evening_commute
ST-1631,-2.75982037246882,0.0500546026125789,1,evening_commute
ST-1632,-0.791332419020236,-0.377687050626065,3,evening_commute
ST-1633,3.43982472277061,-1.08628387092597,4,evening_commute
ST-1634,-1.01927578633324,0.961729737335482,1,evening_commute
ST-1636,-0.855510446045353,-0.163508308757097,1,evening_commute
ST-1637,0.0730448466965578,-0.219219203869964,4,evening_commute
ST-1638,0.97624898580748,0.965836668098633,2,evening_commute
ST-1639,-0.294494640328348,1.59571697160532,1,evening_commute
ST-1640,-0.335388271541732,1.7390250642233,1,evening_commute
ST-1641,-0.161404977743077,0.916360728003287,1,evening_commute
ST-1642,-0.57605487134864,1.6464719942406,1,evening_commute
ST-1643,2.37067863889699,-1.10400912619874,4,evening_commute
ST-1644,1.05193593150335,2.88628813649977,2,evening_commute
ST-1645,-2.54959269616965,-1.19888850737876,3,evening_commute
ST-1646,-2.16566096620786,-1.44735329309214,3,evening_commute
ST-1647,-2.60881943667014,-1.17140691742204,3,evening_commute
ST-1648,-1.50699438633666,-0.232663917952533,3,evening_commute
ST-1649,-0.697842608379686,-1.95741171525656,3,evening_commute
ST-165,-1.42446794531741,0.0598386606330706,1,evening_commute
ST-1650,-0.80998919351984,-1.98471157784181,3,evening_commute
ST-1651,-0.84675454898944,-1.11245722759729,3,evening_commute
ST-1652,-0.872473447658929,-0.490503328235901,3,evening_commute
ST-1653,-0.700853295301558,-1.92821555531234,3,evening_commute
ST-1654,2.02060513858939,-2.16316745815817,4,evening_commute
ST-1655,1.88995560529648,0.142176112482197,2,evening_commute
ST-1656,1.27671641873826,1.18055641025956,2,evening_commute
ST-1657,1.03535903334139,1.15163829254558,2,evening_commute
ST-1658,2.72205905633303,0.227866657089697,2,evening_commute
ST-1659,-0.110808287255687,-2.7646665157287,3,evening_commute
ST-1660,0.887633401813576,-1.78617656364142,4,evening_commute
ST-1661,0.641379341056525,-1.78188464297979,4,evening_commute
ST-1662,1.72675397217572,2.25935975627793,2,evening_commute
ST-1663,0.81603328229957,-1.82334837034958,4,evening_commute
ST-1664,1.14998394922421,-1.91304792362861,4,evening_commute
ST-1665,0.994121634978631,0.312542765899611,2,evening_commute
ST-1667,0.583662663215847,-0.116457683970716,4,evening_commute
ST-1668,-1.36988976591901,-0.0166597816195143,1,evening_commute
ST-1669,-0.258724897076846,0.141581562614785,1,evening_commute
ST-167,-1.53872859988763,0.0160683021941643,1,evening_commute
ST-1670,-0.10505099813181,-0.547427493148734,4,evening_commute
ST-1671,-0.00638499210073574,-0.119608691470671,4,evening_commute
ST-1672,-0.590690650085257,1.8330635422079,1,evening_commute
ST-1674,1.50417908277577,0.120595507114606,4,evening_commute
ST-1675,-0.541795394489058,-0.751834764664339,3,evening_commute
ST-1676,-2.50094381034754,-1.15820608829649,3,evening_commute
ST-1677,-0.910761081911568,-2.10537641161284,3,evening_commute
ST-1678,1.74600369275949,-2.6974946413202,4,evening_commute
ST-1679,1.99155805684501,0.72715193815702,2,evening_commute
ST-168,-1.1159806710057,1.22724359142897,1,evening_commute
ST-1680,2.0288167416165,0.577915827032193,2,evening_commute
ST-1681,1.29971815346632,-0.415126247661797,4,evening_commute
ST-1682,0.602372888264844,-0.691088174749428,4,evening_commute
ST-1683,-3.05053184998914,0.666362664976027,1,evening_commute
ST-1684,0.948944005235154,-0.678554228666461,4,evening_commute
ST-1685,0.774367622819888,1.22999790759881,2,evening_commute
ST-1686,0.583136624653545,0.549070563282222,2,evening_commute
ST-1687,0.734739490174035,-0.318512579074743,4,evening_commute
ST-1688,-2.51287596710368,-1.352336850426,3,evening_commute
ST-1689,-2.54253302310327,-1.31707369004262,3,evening_commute
ST-169,-1.19945118091334,-0.0431889887527764,1,evening_commute
ST-1690,-0.226377537965968,-2.30005601449071,3,evening_commute
ST-1691,0.552172393250689,-0.792152092319813,4,evening_commute
ST-1692,1.05641962285345,-1.0028611332903,4,evening_commute
ST-1693,2.77764005058599,-1.7592782029932,4,evening_commute
ST-1694,-1.99061830443845,-1.22922505315527,3,evening_commute
ST-1695,-2.4105376152108,-0.910219032396202,3,evening_commute
ST-1696,-1.43667769247139,-0.876437129036837,3,evening_commute
ST-1697,-0.904089895512053,-1.03470623681953,3,evening_commute
ST-1698,-0.781595920376594,-2.09925926641842,3,evening_commute
ST-1699,-0.958678714336061,-1.77498319365707,3,evening_commute
ST-17,0.883226987382845,-0.652628966266512,4,evening_commute
ST-170,-1.12988270379036,-0.240390212034948,1,evening_commute
ST-1700,-0.784771360706098,-1.22791309646236,3,evening_commute
ST-1701,-0.772077839272383,-1.99814357222115,3,evening_commute
ST-1702,-0.00439014428789955,1.07096756447952,1,evening_commute
ST-1703,0.872977704162065,1.51048253610407,2,evening_commute
ST-1704,-0.536371799370943,2.68047715200448,1,evening_commute
ST-1705,1.86414772595551,-0.864832227522092,4,evening_commute
ST-1706,1.41248539549036,-0.929535342535532,4,evening_commute
ST-1707,0.651934148988364,0.776800607130762,2,evening_commute
ST-1708,-2.57456432150599,-1.01378479578643,3,evening_commute
ST-1709,-2.5319270541481,-1.28589337182909,3,evening_commute
ST-171,-1.62753291955845,0.0561818849019645,1,evening_commute
ST-1710,-2.53039991738421,-1.20536521272768,3,evening_commute
ST-1711,-3.52639854008411,-1.44521714251702,3,evening_commute
ST-1712,-2.854338406695,-1.39582839216632,3,evening_commute
ST-1713,-2.5457423046731,-1.15831581691211,3,evening_commute
ST-1714,-2.49281944667334,-1.33545841051717,3,evening_commute
ST-1715,-2.63367420409616,-1.28240743826578,3,evening_commute
ST-1716,1.07408934507513,0.813264917276993,2,evening_commute
ST-1717,0.986341539454129,0.757167453154955,2,evening_commute
ST-1718,-2.49531970853322,-1.24130427735705,3,evening_commute
ST-1719,0.927927531302581,-0.245643960877151,4,evening_commute
ST-172,-1.5171188031331,0.235736521379134,1,evening_commute
ST-1720,0.836311172656466,-0.145145699890005,4,evening_commute
ST-1721,-0.000451369510820389,-0.0357719888089806,4,evening_commute
ST-1722,0.742594168844735,-1.88709651447405,4,evening_commute
ST-1723,0.0985744178534448,0.318667237795339,1,evening_commute
ST-1724,0.656716283761811,0.641914278533768,2,evening_commute
ST-1725,0.869590252050619,1.11319782540861,2,evening_commute
ST-1726,1.00827440767373,1.0798575753061,2,evening_commute
ST-1727,-2.49134095205868,-1.13203322750928,3,evening_commute
ST-1728,1.37338631519563,-0.648551302340598,4,evening_commute
ST-1729,1.2676614205901,-0.270839052252395,4,evening_commute
ST-173,-1.76969734494143,0.265537738965451,1,evening_commute
ST-1730,1.34652947211458,-0.204350886264323,4,evening_commute
ST-1731,-1.04928781414801,-1.71248070460623,3,evening_commute
ST-1732,-1.2679562579855,-0.225001044803799,1,evening_commute
ST-1733,-1.486424356996,-1.13430825245693,3,evening_commute
ST-1734,-1.78341528578962,-1.10658887060252,3,evening_commute
ST-1735,2.16666844608,0.385533408403291,2,evening_commute
ST-1736,-0.84860785339194,-1.22951069958576,3,evening_commute
ST-1739,2.13485089354425,0.512214215995123,2,evening_commute
ST-174,-1.82376391358337,0.38544041790129,1,evening_commute
ST-1740,0.26921080714449,0.497899333451366,2,evening_commute
ST-1742,2.40179914409945,0.486235864039762,2,evening_commute
ST-1745,-0.512424069527752,-0.628787948978616,3,evening_commute
ST-1746,0.213570164780622,0.917721134508229,2,evening_commute
ST-1747,-0.11768713911533,-2.11084679299723,3,evening_commute
ST-1748,-1.26338975867744,3.05356313364652,1,evening_commute
ST-175,-0.949328149549402,0.102287581367917,1,evening_commute
ST-1750,0.848081801733585,-1.21474981470433,4,evening_commute
ST-1751,-1.06630065997942,1.89984272723521,1,evening_commute
ST-1752,1.79428261564464,0.853301864651379,2,evening_commute
ST-1753,-1.57384519751005,0.264648682638465,1,evening_commute
ST-1754,1.48410366763758,-0.85850541434356,4,evening_commute
ST-1756,-1.698633020564,0.395101041394236,1,evening_commute
ST-1757,-0.850144661630101,0.319320047148439,1,evening_commute
ST-1758,-0.69949188046056,-0.40185703373458,3,evening_commute
ST-1759,-1.6616931344932,0.298261117296494,1,evening_commute
ST-176,-1.03923472065903,0.0384948088817275,1,evening_commute
ST-1760,0.423411585819949,-1.77978715785839,4,evening_commute
ST-1761,-1.28580956871899,0.416863079440467,1,evening_commute
ST-1762,0.781944842100223,1.86797587896037,2,evening_commute
ST-1763,0.972600103220334,-0.0390057715846062,4,evening_commute
ST-1764,0.0769329379965791,0.234696716928576,1,evening_commute
ST-1765,0.542314890576432,0.580622464941806,2,evening_commute
ST-1766,0.232885881968054,1.71450420726665,2,evening_commute
ST-1767,0.161168532807795,1.58747611424504,2,evening_commute
ST-1768,-0.68471102631401,0.185660792585424,1,evening_commute
ST-1769,-1.85146396927881,0.293304882869303,1,evening_commute
ST-177,-1.08027482768158,-0.085089520468131,1,evening_commute
ST-1770,-0.650960795198776,0.291420403303416,1,evening_commute
ST-1771,-0.849558321822713,-0.160065609527103,1,evening_commute
ST-1772,-1.58817188487765,0.351906275705577,1,evening_commute
ST-1773,-0.601047809014706,0.110955038238083,1,evening_commute
ST-1774,-2.0220079326077,0.153990197737613,1,evening_commute
ST-1775,-0.93626171076442,-0.10479488740129,1,evening_commute
ST-1776,-1.03499347666066,0.0108917926156279,1,evening_commute
ST-1777,-0.99299602231703,0.0744634719372929,1,evening_commute
ST-1778,-1.47857061207671,0.293544629743814,1,evening_commute
ST-1779,-1.41072770599958,0.230546197210988,1,evening_commute
ST-178,-1.12422069408676,0.451876124784059,1,evening_commute
ST-1780,-1.17215576844041,0.0513406714813694,1,evening_commute
ST-1781,-1.12534141501835,-0.019657732141865,1,evening_commute
ST-1782,-0.209739253208216,0.34535972051621,1,evening_commute
ST-1783,-0.661280156398726,0.119548403618949,1,evening_commute
ST-1785,-1.15860165809782,-0.00447118874450146,1,evening_commute
ST-1786,-0.800609585034748,0.0132233345619539,1,evening_commute
ST-1787,-2.56908984308799,0.791240941712034,1,evening_commute
ST-1788,0.856209600970107,2.72359594543817,2,evening_commute
ST-1789,-1.06070096838834,0.410029610406979,1,evening_commute
ST-1790,2.67423473745868,1.23272292157356,2,evening_commute
ST-1791,-0.748316567579362,-0.0891389471243314,1,evening_commute
ST-1792,-2.74507489313337,2.23761587256373,1,evening_commute
ST-1793,0.954943753651776,0.598252864011839,2,evening_commute
ST-1794,0.87193930096214,0.351850732225398,2,evening_commute
ST-1795,0.960045804014576,-0.175757457201946,4,evening_commute
ST-1796,0.709458383848125,0.287119814125135,2,evening_commute
ST-1797,1.7007551082579,-0.966285448246487,4,evening_commute
ST-1798,-0.931879024325084,0.362816330330059,1,evening_commute
ST-1799,-1.43258966879708,0.187448096731558,1,evening_commute
ST-18,1.09419636940058,-1.12388700456403,4,evening_commute
ST-180,-1.39146321326414,0.0944652172105016,1,evening_commute
ST-1800,-1.67636852306781,1.24098327947098,1,evening_commute
ST-1801,-1.31413869014941,0.0916727903897175,1,evening_commute
ST-1802,-1.73904025028464,0.046661875364488,1,evening_commute
ST-1803,-3.41406451539297,-0.0336443462768986,3,evening_commute
ST-1804,-1.59651895554033,0.204118886362883,1,evening_commute
ST-1805,-1.36731575042538,-0.178014145473577,1,evening_commute
ST-1807,-1.50453359804919,0.0963465518463072,1,evening_commute
ST-1808,-1.77729359385522,0.144934389540747,1,evening_commute
ST-1809,-0.983039024419023,-0.417118674031438,3,evening_commute
ST-181,-1.41161081745415,0.0595987310878335,1,evening_commute
ST-1810,-1.54867509972755,0.0981249979740544,1,evening_commute
ST-1811,-1.5139492004707,0.0664443212607709,1,evening_commute
ST-1812,-1.16874123290046,0.200417076718929,1,evening_commute
ST-1813,-1.12202350825521,0.263974479459898,1,evening_commute
ST-1814,-1.00958410759453,0.423378923873815,1,evening_commute
ST-1815,-1.22817876756087,0.0248631403624983,1,evening_commute
ST-1816,-2.06565028189663,0.763054157253638,1,evening_commute
ST-1817,-2.00264690913718,0.650057240595125,1,evening_commute
ST-1818,-1.4713556408973,0.366232900490656,1,evening_commute
ST-1819,-1.55939367714397,0.351804441206917,1,evening_commute
ST-182,-2.39024668388414,1.032598081904,1,evening_commute
ST-1820,-1.7586235049528,0.926654902297229,1,evening_commute
ST-1822,-1.2423701028803,0.417155695238432,1,evening_commute
ST-1823,-1.53852433696966,-0.01003137384631,1,evening_commute
ST-1824,0.0414274341795556,-0.263415757672003,4,evening_commute
ST-1825,-0.0988830424352441,-0.95513999921047,4,evening_commute
ST-1826,0.210232694781618,-0.66761709473323,4,evening_commute
ST-1827,1.19705737294895,-0.396003123084712,4,evening_commute
ST-1828,0.860638033512093,-0.505671563195758,4,evening_commute
ST-1829,-1.58542887219423,-0.112075891204765,1,evening_commute
ST-183,-1.3560602383859,0.223920265631586,1,evening_commute
ST-1830,-1.99196237530843,2.03729198655647,1,evening_commute
ST-1831,0.242070300874026,1.70428746065438,2,evening_commute
ST-1832,1.06351332509687,2.39375979032781,2,evening_commute
ST-1833,0.113393306681218,1.38170072782603,2,evening_commute
ST-1834,0.0973188553748297,0.488768206500919,1,evening_commute
ST-1835,0.276834526377038,1.00335490284699,2,evening_commute
ST-1836,0.418145453868253,0.148184900014446,4,evening_commute
ST-1837,0.57138232164386,0.246829164964295,2,evening_commute
ST-1838,0.378620251690281,0.0566807154350731,4,evening_commute
ST-1839,0.753409672545282,-0.271099674071503,4,evening_commute
ST-1840,0.0902046393846073,1.86764734405975,2,evening_commute
ST-1841,0.450172060819666,-0.222007067129562,4,evening_commute
ST-1842,0.162607172616927,-0.426802832210012,4,evening_commute
ST-1843,-1.87993552251619,1.76090869850358,1,evening_commute
ST-1844,0.156647621012596,1.68593454866592,2,evening_commute
ST-1845,0.175355759884723,0.89476922580811,2,evening_commute
ST-1846,0.0973670490566986,1.25694958660944,2,evening_commute
ST-1847,-1.88055899289323,1.7617262051727,1,evening_commute
ST-1848,0.770197251893566,-0.411979720109401,4,evening_commute
ST-1849,0.196036363467095,1.58935483409871,2,evening_commute
ST-185,-1.76617471516078,0.165790772368237,1,evening_commute
ST-1850,0.0922180675375051,1.74530634692632,2,evening_commute
ST-1851,1.2588542574545,0.221471193818104,2,evening_commute
ST-1852,1.6344776944453,0.885977333602964,2,evening_commute
ST-1853,0.520084477416123,0.651924943912985,2,evening_commute
ST-1854,0.646346275572659,0.821190167660854,2,evening_commute
ST-1855,0.770727538582756,1.01842356686154,2,evening_commute
ST-1856,-2.65372716750802,1.19408560514387,1,evening_commute
ST-1857,1.22032721833104,-0.121410423955363,4,evening_commute
ST-1858,1.53747943136888,-0.171266027555443,4,evening_commute
ST-1859,1.52976991436627,0.059462870107613,4,evening_commute
ST-186,-0.82878909480819,0.674037459391832,1,evening_commute
ST-1860,0.830174862997793,1.36096779172308,2,evening_commute
ST-1861,0.798578599411719,1.20813143594547,2,evening_commute
ST-1862,1.57885675739706,-0.630538006702196,4,evening_commute
ST-1864,1.68680101640012,-0.674229605103326,4,evening_commute
ST-1865,-1.77483002668698,1.64936518606928,1,evening_commute
ST-1866,1.48785880425918,-0.0608792494428138,4,evening_commute
ST-1867,1.51338495889294,-0.59839325711497,4,evening_commute
ST-1868,1.57907485986595,-0.243414137363001,4,evening_commute
ST-1869,0.941148605234452,0.613077538927106,2,evening_commute
ST-187,-0.80086872342457,0.00989890839789655,1,evening_commute
ST-1870,0.291756337343456,0.577227259960304,2,evening_commute
ST-1871,0.927328840489045,1.21511271953365,2,evening_commute
ST-1872,0.731059802669328,0.62760350161256,2,evening_commute
ST-1873,0.974564830130623,-0.173600446289901,4,evening_commute
ST-1874,0.871584406276747,-0.342842059729221,4,evening_commute
ST-1875,0.861875972359063,0.3789838993888,2,evening_commute
ST-1876,0.879050106330315,-0.261471316624007,4,evening_commute
ST-1877,0.927735561359192,1.15831062696358,2,evening_commute
ST-1878,0.864798238480395,-0.620196732469693,4,evening_commute
ST-1879,1.6874552563972,0.950989240881934,2,evening_commute
ST-188,1.17111867879713,2.31945053376554,2,evening_commute
ST-1880,1.8855299764272,1.06622732316796,2,evening_commute
ST-1881,1.85417815055781,0.603551449244612,2,evening_commute
ST-1882,2.07114874521855,0.449909030538961,2,evening_commute
ST-1883,2.15752122630862,0.0156027261598731,4,evening_commute
ST-1884,1.96896060355402,-0.195238820282931,4,evening_commute
ST-1885,1.93638387952362,-0.268037206844797,4,evening_commute
ST-1886,1.35348474179048,0.137277131411712,4,evening_commute
ST-1887,2.2614197096912,-1.48498357386871,4,evening_commute
ST-1888,0.963266100761053,1.41491825960351,2,evening_commute
ST-1889,1.44523576220892,0.520752856229116,2,evening_commute
ST-189,-0.89988358331466,0.0632837427150728,1,evening_commute
ST-1890,-3.63123873813183,2.57878891768477,1,evening_commute
ST-1891,0.821788899457306,1.66245290422449,2,evening_commute
ST-1892,0.761418684087132,1.38098580013882,2,evening_commute
ST-1893,1.63842631988431,1.07828685687931,2,evening_commute
ST-1894,1.40582697518619,-1.04800589594274,4,evening_commute
ST-1895,1.94333379760319,-0.678181855344739,4,evening_commute
ST-1896,1.97701592121861,0.54253223327028,2,evening_commute
ST-1897,1.91104544891968,0.735031600431134,2,evening_commute
ST-1899,2.33281553356541,0.280190488524252,2,evening_commute
ST-19,0.522073095202944,-0.169476439796919,4,evening_commute
ST-190,-1.351030091581,2.35712410002994,1,evening_commute
ST-1900,2.20156266330987,0.362672582985324,2,evening_commute
ST-1901,1.71037227310311,1.89393732196858,2,evening_commute
ST-1902,2.1861658547753,0.615537478681019,2,evening_commute
ST-1903,1.64040907772623,0.965290347572181,2,evening_commute
ST-1904,1.95429299665071,1.1044036046369,2,evening_commute
ST-1905,2.15428133694975,0.885550419435778,2,evening_commute
ST-1906,2.21764452903982,0.396405308712437,2,evening_commute
ST-1908,1.95913494803407,-0.28082038032253,4,evening_commute
ST-1909,1.99262648050283,-0.29176749524689,4,evening_commute
ST-1910,1.82481035149308,-0.293179485905364,4,evening_commute
ST-1911,3.63887018552426,-1.15927905418663,4,evening_commute
ST-1912,3.28921179201465,-1.15034287716581,4,evening_commute
ST-1913,-2.63494362261512,-0.188954382814871,3,evening_commute
ST-1914,2.26373999100591,0.331619238232544,2,evening_commute
ST-1915,2.03934335274889,0.26465031793306,2,evening_commute
ST-1916,2.08157816884119,0.377746235859879,2,evening_commute
ST-1917,2.19770005429875,0.893679462006232,2,evening_commute
ST-1918,2.06855184529062,0.807582227255887,2,evening_commute
ST-1919,2.35654655636299,1.4999962504853,2,evening_commute
ST-1920,1.9082992982853,0.0205966730678539,4,evening_commute
ST-1921,1.97022327598548,1.21737320531601,2,evening_commute
ST-1922,1.97530514200054,1.10172354443766,2,evening_commute
ST-1923,2.04321440370937,-0.365062051583456,4,evening_commute
ST-1924,1.94211867290133,0.257988156170837,2,evening_commute
ST-1925,2.05377795126436,1.48763456147287,2,evening_commute
ST-1926,2.29651958408615,0.0122505430544791,4,evening_commute
ST-1927,-1.31327579946456,0.928754869200143,1,evening_commute
ST-1929,1.71388811223552,0.34696979624655,2,evening_commute
ST-193,-1.72560955061623,0.565131786727684,1,evening_commute
ST-1930,-0.598538043110514,1.84681234399523,1,evening_commute
ST-1932,-1.96708977729403,0.502509142853832,1,evening_commute
ST-1933,-1.99149410285773,0.944463840642646,1,evening_commute
ST-1934,-2.09820564505151,0.633464483468052,1,evening_commute
ST-1935,-2.01111935212962,1.17321911295383,1,evening_commute
ST-1936,-2.17094690483781,1.10550289532874,1,evening_commute
ST-1937,-1.5394157687982,0.311443774589054,1,evening_commute
ST-1938,-1.76454813694946,0.509834308149194,1,evening_commute
ST-1939,-2.02916608251693,0.847656393417095,1,evening_commute
ST-194,-0.627688734576043,-0.242767420992648,1,evening_commute
ST-1940,-2.06366835193547,0.814564909714247,1,evening_commute
ST-1941,-1.69875338249852,0.888795663474567,1,evening_commute
ST-1943,-4.14439970629675,2.79361846018781,1,evening_commute
ST-1944,-1.20516281086025,0.759878896895518,1,evening_commute
ST-1945,-1.54497930274126,0.671127091857388,1,evening_commute
ST-1946,-1.37109118272881,0.270767640297461,1,evening_commute
ST-1947,-0.954383234936687,0.748628240091655,1,evening_commute
ST-1948,-1.18904938425929,0.526758378497427,1,evening_commute
ST-1949,-0.804108081561255,0.85523128831482,1,evening_commute
ST-195,-1.34191195406294,-0.03827380683692,1,evening_commute
ST-1950,-0.594213702140478,0.871093737679175,1,evening_commute
ST-1952,-1.16304752031049,0.624942686388633,1,evening_commute
ST-1953,-0.396929433133385,1.37879594831099,1,evening_commute
ST-1954,-1.16554933470225,0.649164244723432,1,evening_commute
ST-1955,-1.45313784838133,0.804118944391971,1,evening_commute
ST-1956,-0.944315344357788,0.832938803324246,1,evening_commute
ST-1957,-1.16025580799047,0.688765235112603,1,evening_commute
ST-1958,-1.19579045246435,0.907977790612464,1,evening_commute
ST-1959,-1.47455237094669,0.603596836333825,1,evening_commute
ST-196,-1.20734828691477,0.5402882457633,1,evening_commute
ST-1960,-1.30790794644055,0.465171034091479,1,evening_commute
ST-1961,-1.56705176804126,-0.976824728809343,3,evening_commute
ST-1962,-1.44357200023019,-1.0141205738488,3,evening_commute
ST-1963,-1.19363405230582,-0.838235170464319,3,evening_commute
ST-1964,-1.33079757817855,-1.31252701846171,3,evening_commute
ST-1965,-1.2833858064221,-0.561995548539595,3,evening_commute
ST-1966,-1.13314640365523,-0.874468385869286,3,evening_commute
ST-1967,-0.333527180508148,-1.43375508846095,3,evening_commute
ST-1968,-0.696625196397267,-1.92114538577307,3,evening_commute
ST-1969,-0.836185112919868,-1.99819145245018,3,evening_commute
ST-197,-0.763178794856469,-0.0848565537172697,1,evening_commute
ST-1970,-0.689398185489563,-1.87889946478753,3,evening_commute
ST-1971,0.0626024790440975,-1.3714505738905,4,evening_commute
ST-1972,-0.646091969548877,-2.15020295983746,3,evening_commute
ST-1973,-0.738146918283591,-1.96157813760426,3,evening_commute
ST-1974,-0.738104483602475,-1.13721054466549,3,evening_commute
ST-1975,-0.76191932962672,-1.0625114988126,3,evening_commute
ST-1976,-0.849718508821098,-1.70411972731239,3,evening_commute
ST-1977,-0.891700477794338,-2.34415829486304,3,evening_commute
ST-1978,-0.786123016868922,-1.9401193141533,3,evening_commute
ST-1979,-3.42672508796681,2.09359829520331,1,evening_commute
ST-198,-0.889963519028567,0.0915859118329051,1,evening_commute
ST-1982,-0.561615031905876,-1.23224671978505,3,evening_commute
ST-1983,-0.622567496172619,-0.664063721749866,3,evening_commute
ST-1985,-0.626966553383461,-1.41853479352347,3,evening_commute
ST-1986,-0.609604369909966,-1.90319855688122,3,evening_commute
ST-1989,-2.21629390469718,2.21487818066442,1,evening_commute
ST-199,-0.427159511324615,0.339729289966602,1,evening_commute
ST-1990,-0.704585599048227,-1.2407478276561,3,evening_commute
ST-1991,-0.717853208495692,-0.754695958901632,3,evening_commute
ST-1992,-0.719279117008459,-1.98767445301558,3,evening_commute
ST-1993,-1.58579050732594,-0.80407939370171,3,evening_commute
ST-1994,-1.21997068180899,-1.63663844928206,3,evening_commute
ST-1995,-1.11870738645813,-1.73143092995807,3,evening_commute
ST-1996,-1.19269930813901,-1.67346398085428,3,evening_commute
ST-1997,-1.06406641451456,-1.76189741115558,3,evening_commute
ST-1999,-0.728103855826086,-1.35635774046042,3,evening_commute
ST-20,1.08348725317661,-1.18936378272538,4,evening_commute
ST-200,-0.50756753427072,-0.31246805930213,1,evening_commute
ST-2000,-1.63397898530262,-1.21647222915024,3,evening_commute
ST-2001,-1.19747109451817,-1.40012580250273,3,evening_commute
ST-2002,-0.994434625674216,-1.17667552413311,3,evening_commute
ST-2003,-1.53478856899949,-0.965932807409951,3,evening_commute
ST-2005,-1.32535642042229,-1.36975507477042,3,evening_commute
ST-2006,-1.17849116643959,-0.889459116941674,3,evening_commute
ST-2007,-1.15919187327734,-1.80102989842677,3,evening_commute
ST-2008,-1.75471030293044,-0.813519375422387,3,evening_commute
ST-2009,-4.11819744398701,2.68772518813714,1,evening_commute
ST-201,-0.0280790656315001,-0.573716305446677,4,evening_commute
ST-2011,-1.13452093951197,-1.65955367477612,3,evening_commute
ST-2012,-1.14203009088993,-1.70153967978729,3,evening_commute
ST-2013,-1.25112822783436,-1.42276045110823,3,evening_commute
ST-2014,-1.39050633927532,-1.52006654276187,3,evening_commute
ST-2015,0.218299482376904,2.28836338229579,2,evening_commute
ST-2016,-1.18538827545875,-1.64446238427073,3,evening_commute
ST-2017,-1.16738149426033,-1.68964432671138,3,evening_commute
ST-2018,-1.15701003927039,-1.67279761680797,3,evening_commute
ST-2019,0.4893637048197,-0.227876513368371,4,evening_commute
ST-202,1.46670550804263,-3.17096947925673,4,evening_commute
ST-2020,-2.13578355473746,-1.50965054097722,3,evening_commute
ST-2021,-3.32405545356661,0.388857143262867,1,evening_commute
ST-2022,-2.47194072631661,-1.02377557214407,3,evening_commute
ST-2023,-2.21231990454526,-1.37311684164984,3,evening_commute
ST-2024,-2.09014173498347,-1.45026436877106,3,evening_commute
ST-2025,-2.00947357889876,-1.61230611343611,3,evening_commute
ST-2026,-1.97668852989802,-1.18064432564926,3,evening_commute
ST-2027,-1.68876608646807,-0.801562656250001,3,evening_commute
ST-2028,-1.53034626255665,-1.11900096593846,3,evening_commute
ST-2029,-2.0586299485741,-1.31408462138835,3,evening_commute
ST-203,-0.639280354002325,-0.421379611802079,3,evening_commute
ST-2030,3.00376575279728,0.383527564543414,2,evening_commute
ST-2031,-2.54747846913403,-1.07916205899275,3,evening_commute
ST-2032,-2.51505235018528,-1.23712874441599,3,evening_commute
ST-2033,-2.54374871257664,-1.36355444293134,3,evening_commute
ST-2034,-2.51790583283788,-1.1719135186067,3,evening_commute
ST-2035,-2.53524653194323,-1.48788138373084,3,evening_commute
ST-2036,-2.46458223244494,-1.34491541588256,3,evening_commute
ST-2037,-2.45751840346969,-1.35851435184671,3,evening_commute
ST-2038,-0.700317149489997,-2.29094879641286,3,evening_commute
ST-2039,-1.06052942219577,-1.72750458720104,3,evening_commute
ST-204,-0.134448764660288,-0.619284725847788,4,evening_commute
ST-2040,-2.41708014444273,-1.35307733681549,3,evening_commute
ST-2041,-2.42071490762602,-1.30514129970851,3,evening_commute
ST-2042,-2.48992660610282,-1.14992166989753,3,evening_commute
ST-2043,2.30225580874055,-1.536763240213,4,evening_commute
ST-2044,-2.59492227314887,-1.32401794920495,3,evening_commute
ST-2045,-2.47872959971676,-1.17805820674551,3,evening_commute
ST-2046,-2.34842105418395,-1.44022811569976,3,evening_commute
ST-2047,-2.52566053941504,-1.30993546339322,3,evening_commute
ST-2048,-2.633111533591,-1.11758480710263,3,evening_commute
ST-2049,-2.68159596114656,-1.19533898300699,3,evening_commute
ST-205,0.00965323271102551,-0.850265229141651,4,evening_commute
ST-2050,-2.54753594305865,-1.25252717750117,3,evening_commute
ST-2052,-2.07365879584821,-1.16452528124845,3,evening_commute
ST-2053,-2.1764782755275,0.704361341248727,1,evening_commute
ST-2054,-1.37860740097422,-1.05354680643764,3,evening_commute
ST-2056,-2.49930658215439,-1.23063434382305,3,evening_commute
ST-2057,-2.37826533421315,-1.17459911552458,3,evening_commute
ST-2058,-2.39650680350192,-1.23109536381064,3,evening_commute
ST-2059,-2.13862789989253,-1.43383596602096,3,evening_commute
ST-206,0.285976754051556,-0.419691013318482,4,evening_commute
ST-2061,1.54347430363697,2.6252908148429,2,evening_commute
ST-2062,0.0891339560068937,1.55197214346069,2,evening_commute
ST-2063,-0.575141525856842,1.37085059369139,1,evening_commute
ST-2066,-0.350297716508054,1.90455382973214,1,evening_commute
ST-2067,-0.0183505293620547,0.830586507570935,1,evening_commute
ST-2068,-0.139082876830258,1.08816796492243,1,evening_commute
ST-2069,0.920474141967533,1.19147463890307,2,evening_commute
ST-207,0.406824768109337,-0.74952569469168,4,evening_commute
ST-2070,-0.738875573933611,1.5863383289687,1,evening_commute
ST-2071,-1.66227980023621,2.40997343213939,1,evening_commute
ST-2073,-0.198311696197137,1.59298373016809,1,evening_commute
ST-2074,0.251389705269848,1.04782031095922,2,evening_commute
ST-2075,-0.068629528336537,0.840397872039676,1,evening_commute
ST-2076,-0.226727132308975,0.795453276068639,1,evening_commute
ST-2077,-0.826334101766592,1.73573981587181,1,evening_commute
ST-2078,-0.0260402845796079,1.37344946834548,2,evening_commute
ST-2079,-0.195024345560478,1.53972684626927,1,evening_commute
ST-208,1.60611566823218,-1.10196329915774,4,evening_commute
ST-2080,-0.179251511015369,1.0535384286911,1,evening_commute
ST-2081,0.0632122844280966,1.11009096465724,2,evening_commute
ST-2083,0.449183219755564,1.12784523098378,2,evening_commute
ST-2084,-2.73721811925565,-0.854426430928435,3,evening_commute
ST-2085,-0.374267519003523,1.2345404067334,1,evening_commute
ST-2086,-0.812654037120356,1.30280917742619,1,evening_commute
ST-2087,-0.68763292023923,1.44877202720792,1,evening_commute
ST-2088,-0.500461957138088,1.38582869290597,1,evening_commute
ST-2089,0.171425873157699,1.90504286406147,2,evening_commute
ST-209,3.02371600567228,-2.37627970093696,4,evening_commute
ST-2091,1.1326302682534,-1.30827326254904,4,evening_commute
ST-2093,-2.67145786698047,-0.933817911687324,3,evening_commute
ST-2094,0.0857069861449315,1.68315936260379,2,evening_commute
ST-2095,0.204395797269948,1.22751519579997,2,evening_commute
ST-2096,0.172956489931166,1.98436477572806,2,evening_commute
ST-2097,0.0647634713639855,1.86736661875842,2,evening_commute
ST-2098,-3.35274227828978,2.24564598457375,1,evening_commute
ST-2099,1.04106997813339,1.3521850220031,2,evening_commute
ST-21,0.582308170962497,-0.645313568808826,4,evening_commute
ST-210,1.13281361574509,-1.05133976006374,4,evening_commute
ST-2100,-1.81650410485662,2.62597466553058,1,evening_commute
ST-2101,-0.0412616084293695,1.46297502975817,2,evening_commute
ST-2102,1.35655984839205,1.0707597955156,2,evening_commute
ST-2103,1.21775183871284,1.13336020538091,2,evening_commute
ST-2104,-0.154764575096401,1.79114133762799,1,evening_commute
ST-2105,-3.46939683563871,2.45570433442255,1,evening_commute
ST-2106,0.233157049818825,1.82828159589427,2,evening_commute
ST-2107,0.231695123074472,1.81442679106982,2,evening_commute
ST-211,1.16214630177003,-1.16553487509561,4,evening_commute
ST-2110,0.0698042173735485,2.15953789614148,2,evening_commute
ST-2111,-2.62675507783743,0.522269197714975,1,evening_commute
ST-2112,0.148627112728412,1.74655911046241,2,evening_commute
ST-2113,0.371594657322939,1.84667463425301,2,evening_commute
ST-2114,-2.71634127041705,2.05367891344986,1,evening_commute
ST-2115,0.0198000489170168,1.59489351752246,2,evening_commute
ST-2116,0.317879660215174,1.82691145568267,2,evening_commute
ST-2117,0.37345816490325,1.80690526586889,2,evening_commute
ST-2119,0.449471290415882,1.85142980767073,2,evening_commute
ST-212,1.19296685831776,-0.891607443544419,4,evening_commute
ST-2120,0.230580445409539,1.76171332112193,2,evening_commute
ST-2123,1.67378842786532,1.06863412415572,2,evening_commute
ST-2124,1.28495284347435,1.00780073220065,2,evening_commute
ST-2125,0.95427953009751,1.17230712743724,2,evening_commute
ST-2126,1.03868394852368,0.830325498347989,2,evening_commute
ST-2127,0.711234464641443,1.59012240504414,2,evening_commute
ST-2129,1.06571229394291,0.993325797556311,2,evening_commute
ST-213,-0.6514363303856,-0.381929426313152,1,evening_commute
ST-2130,0.458785497997449,1.23778218319503,2,evening_commute
ST-2132,0.841422760682131,0.404403022352159,2,evening_commute
ST-2133,1.49924258923321,1.30238579840237,2,evening_commute
ST-2134,1.02314674031812,1.30041001428624,2,evening_commute
ST-2135,1.63247026293237,2.79988859979242,2,evening_commute
ST-2136,1.04516660978067,0.93651263895526,2,evening_commute
ST-2137,1.20192782062754,0.93594142787209,2,evening_commute
ST-2138,-1.46351786801408,0.769867845181316,1,evening_commute
ST-2139,-4.19939839544076,1.08255682119809,1,evening_commute
ST-214,-0.634375965077173,-0.502627755082709,3,evening_commute
ST-2140,-2.27155367298577,1.68049193710808,1,evening_commute
ST-2141,-3.9635485900735,1.48433688118024,1,evening_commute
ST-2142,-3.2963145998769,0.70757256896247,1,evening_commute
ST-2144,-1.93374382331688,1.67523291228548,1,evening_commute
ST-2145,-2.39185495933731,1.1048302277466,1,evening_commute
ST-2146,1.72082627001228,-0.867775591448633,4,evening_commute
ST-2147,0.558365209025462,-1.22801082041451,4,evening_commute
ST-2148,0.503898560618825,-1.27875368498841,4,evening_commute
ST-2149,0.532301138000601,-1.25493275600759,4,evening_commute
ST-215,3.16347672148018,0.146930259732368,2,evening_commute
ST-2150,0.64492144859082,-1.17446329514249,4,evening_commute
ST-2151,1.94901319228534,0.574252486970705,2,evening_commute
ST-2152,0.970789710994181,-1.02548894984746,4,evening_commute
ST-2153,0.676862647114237,-0.213249427091139,4,evening_commute
ST-2154,0.0270274475046851,-0.398048253405601,4,evening_commute
ST-2155,-3.0292447227049,2.53266729164413,1,evening_commute
ST-2156,1.37765396346142,-1.25994545129954,4,evening_commute
ST-2157,1.19289914614886,-1.28031940096853,4,evening_commute
ST-2159,-2.82393360816084,1.84929301057614,1,evening_commute
ST-216,0.0655563909263703,-0.369874677001939,4,evening_commute
ST-2160,1.0665913547089,-1.17439460923524,4,evening_commute
ST-2161,-0.954688503025153,-0.78458023340599,3,evening_commute
ST-2162,-3.34226595558013,2.24299322991473,1,evening_commute
ST-2163,0.948424389689991,-0.809435910454096,4,evening_commute
ST-2164,0.633781452012704,-1.11369936092177,4,evening_commute
ST-2165,0.622366890643576,-1.08832174737274,4,evening_commute
ST-2166,0.71141792576241,-1.50888727974222,4,evening_commute
ST-2167,1.31383208836845,-1.36701825657089,4,evening_commute
ST-2168,1.14772093535017,-1.0815314939617,4,evening_commute
ST-2169,1.9806453600037,-1.88698494221641,4,evening_commute
ST-217,-0.213368730844046,-0.741527258139904,4,evening_commute
ST-2171,-1.73299391660786,0.849806867718029,1,evening_commute
ST-2172,0.647529337540209,-0.249284533885479,4,evening_commute
ST-2173,0.521451405656602,-0.151276203356025,4,evening_commute
ST-2174,0.0621963255576501,-0.116211074871136,4,evening_commute
ST-2175,0.347370224602408,-0.193300009916008,4,evening_commute
ST-2176,0.593494265692206,-0.635764010926027,4,evening_commute
ST-2177,0.626498922009995,-0.281474145178789,4,evening_commute
ST-2178,1.40947977656053,0.126686546378572,4,evening_commute
ST-2179,1.64325925745579,-0.664637052624791,4,evening_commute
ST-218,0.321254555906838,-0.409243229562774,4,evening_commute
ST-2181,0.701350285860542,-0.36891270408713,4,evening_commute
ST-2182,1.18085712349078,-0.342529119210071,4,evening_commute
ST-2183,0.245699020908511,-0.118610227200407,4,evening_commute
ST-2184,0.862066088859505,-0.481107444264143,4,evening_commute
ST-2185,2.8805269696646,-1.97304298692807,4,evening_commute
ST-2186,-3.44082660184415,2.14598667596923,1,evening_commute
ST-2187,0.794531255586252,-0.216610752458643,4,evening_commute
ST-2188,1.58981452615174,-0.409719402936952,4,evening_commute
ST-2189,3.50653769642876,-0.0674714296769572,4,evening_commute
ST-219,0.799247053094645,-0.746123239943699,4,evening_commute
ST-2190,0.167853672332928,0.122279609824388,4,evening_commute
ST-2191,1.10121760435479,-0.864463188978806,4,evening_commute
ST-2192,-0.511634267311876,2.5904589001393,1,evening_commute
ST-2193,-2.76866920967697,2.5474748114855,1,evening_commute
ST-2194,1.2707739246297,-0.961879659588805,4,evening_commute
ST-2195,0.768236600011002,-0.440703180637402,4,evening_commute
ST-2196,0.441295874524703,-0.759307205562576,4,evening_commute
ST-2197,-1.15041992048355,2.38053185972877,1,evening_commute
ST-2198,-1.56012532531625,0.634530627071627,1,evening_commute
ST-2199,-0.363295712465914,-0.7013449020888,3,evening_commute
ST-22,0.104951354016995,-1.1414771244434,4,evening_commute
ST-220,0.712898857395249,-0.537045926655993,4,evening_commute
ST-2200,-0.550943012313572,-0.186243488854817,1,evening_commute
ST-2201,0.514414621327211,-0.40853141726958,4,evening_commute
ST-2202,0.141630502218634,-0.923681981520986,4,evening_commute
ST-2203,-1.4268450136263,1.93672597428686,1,evening_commute
ST-2204,0.565795918310963,-0.816573716307509,4,evening_commute
ST-2205,1.11038081391277,-0.823593219568067,4,evening_commute
ST-2206,1.10842543756153,-1.09696209975875,4,evening_commute
ST-2207,0.876721238297516,-0.56813607187702,4,evening_commute
ST-2208,1.31862681651164,-1.10092853177726,4,evening_commute
ST-2209,2.97577338045107,1.7973592323501,2,evening_commute
ST-221,0.900695480810045,-1.1336653530524,4,evening_commute
ST-2210,1.04739692225891,-0.676111370770233,4,evening_commute
ST-2211,0.375624244313019,2.41239680941284,2,evening_commute
ST-2212,0.95217885361764,-0.409864576085241,4,evening_commute
ST-2213,0.983933028371067,-0.57436177131661,4,evening_commute
ST-2214,0.679639016256001,-1.04506972261739,4,evening_commute
ST-2215,1.47689970991824,-0.945185586505671,4,evening_commute
ST-2216,1.20219118141219,-0.82217484304304,4,evening_commute
ST-2217,0.620469863630094,-0.647732521353467,4,evening_commute
ST-2218,0.681727962141598,2.50617742690957,2,evening_commute
ST-2219,-1.48005146015864,0.421296695219524,1,evening_commute
ST-222,1.23654162812994,-0.939770358601913,4,evening_commute
ST-2221,0.274053960587847,-0.258683511359905,4,evening_commute
ST-2222,-0.0322539747708582,0.336239559028612,1,evening_commute
ST-2223,-0.0110029015721748,0.618228722392644,1,evening_commute
ST-2224,-0.394311782543512,1.55953950667471,1,evening_commute
ST-2225,-0.649932667018441,0.666221417976844,1,evening_commute
ST-2226,-1.09961653421083,0.285490659454967,1,evening_commute
ST-2227,-1.1291505680766,1.13062769407178,1,evening_commute
ST-2229,-1.19474138291231,0.410563498869445,1,evening_commute
ST-223,1.32411143304231,-1.03821599022842,4,evening_commute
ST-2231,-0.0873410830319989,0.705467888304893,1,evening_commute
ST-2232,0.0344519727567366,0.626008495057156,1,evening_commute
ST-2233,-0.54264642159474,0.75480207873607,1,evening_commute
ST-2234,-1.11222732879022,0.336485704806013,1,evening_commute
ST-2235,-0.124285996332459,0.154630285075081,1,evening_commute
ST-2236,0.116277086527325,0.868089809405721,2,evening_commute
ST-2237,0.152075338506464,1.04519223337572,2,evening_commute
ST-2238,-0.268356754248113,3.28626915353917,2,evening_commute
ST-2239,1.43449187245623,-0.687621648176637,4,evening_commute
ST-224,0.880846510991057,-0.974671514971101,4,evening_commute
ST-2240,0.852858048350206,-0.513501627498974,4,evening_commute
ST-2241,1.23081869595216,2.18118112300254,2,evening_commute
ST-2242,1.09462733299487,1.08064923496269,2,evening_commute
ST-2243,0.707889912596035,-0.536722271269882,4,evening_commute
ST-2244,1.3075229300963,2.0618064609916,2,evening_commute
ST-2245,1.35917491524637,2.22156344699908,2,evening_commute
ST-2246,0.974273802807084,-0.217976032147442,4,evening_commute
ST-2247,1.41208857505317,-0.633230572598704,4,evening_commute
ST-2250,1.56096661265738,-0.0349929732190163,4,evening_commute
ST-2252,1.08038850961597,-0.414419759025823,4,evening_commute
ST-2253,0.631013058155451,-0.0225699965799614,4,evening_commute
ST-2256,-3.23745016737443,2.40416179940846,1,evening_commute
ST-2257,0.85257275754265,-0.653927167115952,4,evening_commute
ST-2259,1.39571139504586,1.41445404813553,2,evening_commute
ST-226,0.850310243969875,-0.941037580908748,4,evening_commute
ST-2260,1.28154636780133,0.862958037281706,2,evening_commute
ST-2261,1.39163515347196,2.08926375283704,2,evening_commute
ST-2262,0.79684818078108,-0.0391012387648313,4,evening_commute
ST-2263,1.35207048886898,1.95842120926941,2,evening_commute
ST-2264,1.07582529105931,-0.0352126611844407,4,evening_commute
ST-2265,-0.10178586236403,-0.356825476608088,4,evening_commute
ST-2266,-0.0783733888574101,0.771266311800021,1,evening_commute
ST-2267,-0.693135629648728,-0.243442499265353,1,evening_commute
ST-2268,0.731930879929643,-2.634012943451,4,evening_commute
ST-2269,-0.955561729591662,-0.290611042346813,1,evening_commute
ST-227,1.00528540534261,-0.82209019389009,4,evening_commute
ST-2270,-0.120500010526352,-0.240735274368454,4,evening_commute
ST-2271,-0.842933496267562,0.162234314787873,1,evening_commute
ST-2272,-1.22608132473642,0.0258084617795482,1,evening_commute
ST-2273,-1.14089992849242,-0.0463258906762812,1,evening_commute
ST-2274,-0.871469856895666,0.0131046348445214,1,evening_commute
ST-2275,2.54617874469756,-0.857082696512381,4,evening_commute
ST-2276,-0.661318397198215,-0.203203445383601,1,evening_commute
ST-2277,0.127884223240206,-0.959917288465802,4,evening_commute
ST-2278,0.107481542033198,-0.918859012290333,4,evening_commute
ST-2279,-0.0642416535526866,-0.569676534680677,4,evening_commute
ST-228,-1.11400563491131,0.324680602825547,1,evening_commute
ST-2280,-0.203065829664776,-0.110240645213153,1,evening_commute
ST-2281,-0.326464761981511,-0.91164244925635,3,evening_commute
ST-2282,-0.131776365724872,-0.166965497945839,4,evening_commute
ST-2283,-0.0302697221585563,-0.145368001364179,4,evening_commute
ST-2284,-0.0315022482624305,-0.644384085473154,4,evening_commute
ST-2285,-0.259228032374037,0.53762371338729,1,evening_commute
ST-2286,-0.665964325062053,1.75012043910816,1,evening_commute
ST-2287,0.433549696623558,1.15397114638068,2,evening_commute
ST-2288,-0.0153508354654018,1.24864506659699,1,evening_commute
ST-2289,0.0219466871111898,0.40139443759488,1,evening_commute
ST-229,-2.41756492760326,0.913532254167489,1,evening_commute
ST-2290,0.0653153921292337,0.295757492188152,1,evening_commute
ST-2291,-0.0302995885173475,0.160535212752421,1,evening_commute
ST-2292,0.0388392395038242,0.418476620216286,1,evening_commute
ST-2293,-0.0553510617406923,0.830607627277959,1,evening_commute
ST-2294,-0.226611333657162,-0.45234298449976,4,evening_commute
ST-2295,-0.450014982779207,0.0772079574726649,1,evening_commute
ST-2296,-1.28753268134765,1.77246274764069,1,evening_commute
ST-2297,-1.58639585418101,2.76649296202355,1,evening_commute
ST-2298,0.0502975286099713,-0.669554071354374,4,evening_commute
ST-2299,-0.616598554363343,-0.212727382299404,1,evening_commute
ST-23,0.388780751257991,-0.900829670269756,4,evening_commute
ST-230,-0.795566663725319,-0.586123083384601,3,evening_commute
ST-2300,0.107273930711322,-0.704555451313065,4,evening_commute
ST-2301,0.0561022646545585,-0.311339656875565,4,evening_commute
ST-2302,0.783918366518833,-2.3115167978018,4,evening_commute
ST-2303,3.14879840801759,1.25844282353778,2,evening_commute
ST-2305,0.85101793467461,-1.96038133573205,4,evening_commute
ST-2307,-3.84290168606286,2.09304263329651,1,evening_commute
ST-2308,0.536137293545002,-1.95641803165608,4,evening_commute
ST-2309,0.822756561940503,-1.95847259501249,4,evening_commute
ST-231,0.853476533102589,-0.960933065850643,4,evening_commute
ST-2310,0.461257833565292,-1.95644366084164,4,evening_commute
ST-2311,0.183015544263456,2.78174029352355,2,evening_commute
ST-2312,0.617886388441948,-1.69065196351873,4,evening_commute
ST-2314,0.688833678702022,-1.83662240699867,4,evening_commute
ST-2315,-2.52640591160742,1.88541010332991,1,evening_commute
ST-2316,-0.954814880571398,1.37886481716122,1,evening_commute
ST-2317,1.59675347152668,-0.365376476841702,4,evening_commute
ST-2318,0.322030091351214,-1.90703924211476,4,evening_commute
ST-232,1.20808032516881,-1.03326264788088,4,evening_commute
ST-2320,0.241253056856627,-1.92102423127413,4,evening_commute
ST-2321,0.439014552422156,-1.84036812392912,4,evening_commute
ST-2325,0.134011755899107,-1.55363487265529,4,evening_commute
ST-2326,0.195033334787009,-1.30961190319517,4,evening_commute
ST-2327,-0.00176342511286082,-0.969761936913162,4,evening_commute
ST-2329,-0.800804273149557,0.00791223754014678,1,evening_commute
ST-233,-0.517338687088315,-0.0462425743527786,1,evening_commute
ST-2330,0.495665721025773,-1.75513287753079,4,evening_commute
ST-2331,0.256483845479516,-1.6570983033479,4,evening_commute
ST-2332,0.878865608872523,-0.729832193858939,4,evening_commute
ST-2333,-0.0823576716106846,-1.17258918859877,4,evening_commute
ST-2334,1.0066249663793,-1.8866463706184,4,evening_commute
ST-2335,-0.443187967074742,-1.13393589795426,3,evening_commute
ST-2337,-0.90332451476927,0.250001130746508,1,evening_commute
ST-2338,-0.946008052717736,0.0539705486991836,1,evening_commute
ST-2339,0.669098592834895,-0.810640363247334,4,evening_commute
ST-234,-0.676868548914219,-0.45162228776962,3,evening_commute
ST-2340,-0.134450424360342,-0.725149382445781,4,evening_commute
ST-2341,0.587792845813373,-1.67495122060834,4,evening_commute
ST-2342,-0.219185363846197,-1.03214400342888,4,evening_commute
ST-2343,0.981267269005992,-0.62256644478779,4,evening_commute
ST-2344,-2.16513991740641,2.57979824694433,1,evening_commute
ST-2346,-2.3170106336074,0.789815550329776,1,evening_commute
ST-2349,3.07432494912695,-1.04676019028919,4,evening_commute
ST-235,-0.592371106065878,0.0713117137942131,1,evening_commute
ST-2350,1.27313132313018,-0.509379206812546,4,evening_commute
ST-2351,1.00109271209858,-0.931667136376481,4,evening_commute
ST-2352,1.41795013591338,-0.929945358765303,4,evening_commute
ST-2353,-0.193310270874675,-0.856878194019969,4,evening_commute
ST-2354,-2.05986536863424,0.967277669010585,1,evening_commute
ST-2355,2.05228118077492,0.380182837723891,2,evening_commute
ST-2356,1.79929318337027,-0.413391517659443,4,evening_commute
ST-2357,0.531653075370392,-0.292947229620261,4,evening_commute
ST-2358,-0.133597070265479,-0.426880303847968,4,evening_commute
ST-2359,2.13638782512924,0.483552792067888,2,evening_commute
ST-236,-0.318134476437797,0.128583625377916,1,evening_commute
ST-2361,0.720563627036666,-0.00850351307589593,4,evening_commute
ST-2362,2.13569275329865,0.423734246366947,2,evening_commute
ST-2363,2.11539530254599,0.420885246150421,2,evening_commute
ST-2364,2.08908064817861,0.479726327289853,2,evening_commute
ST-2365,1.64239270517555,-0.279365009557746,4,evening_commute
ST-2366,0.917284134680821,-0.464226025168098,4,evening_commute
ST-2367,0.465152890578942,-0.317783489486391,4,evening_commute
ST-2368,2.20858494248521,0.513358315804801,2,evening_commute
ST-2369,0.594095154457037,-0.0632020786031934,4,evening_commute
ST-237,-0.465617852512206,-0.536812447844399,3,evening_commute
ST-2370,-0.525696640983298,1.0386835063841,1,evening_commute
ST-2371,-0.655946365171328,1.00579936643338,1,evening_commute
ST-2373,-0.82728977330657,1.03873867939645,1,evening_commute
ST-2374,-1.05216974707881,0.801753481691618,1,evening_commute
ST-2375,-0.799025761837163,0.573658115930136,1,evening_commute
ST-2378,-3.16572707932298,0.438390564304435,1,evening_commute
ST-2379,-0.721384270529167,0.936149779055125,1,evening_commute
ST-238,0.884090622893412,-0.999846208506635,4,evening_commute
ST-2380,-0.479887651514407,1.08154676256181,1,evening_commute
ST-2382,-0.407478546606018,1.323364968572,1,evening_commute
ST-2383,-0.902056969893174,1.73808869004441,1,evening_commute
ST-2384,2.90699836850948,1.70742840309268,2,evening_commute
ST-2385,-1.4732878529379,2.66383301513358,1,evening_commute
ST-2388,2.21937202497005,-0.955868466487741,4,evening_commute
ST-2389,-1.46565587771083,1.26707485339113,1,evening_commute
ST-239,1.16703774393544,-1.59436831899968,4,evening_commute
ST-2390,2.9587618877897,1.38073927717604,2,evening_commute
ST-2391,2.43976821997582,1.92880252356232,2,evening_commute
ST-2393,-0.533350146214898,1.50033381273633,1,evening_commute
ST-2394,-0.841677431633996,1.17278067971781,1,evening_commute
ST-2395,-1.26796052487735,-1.51902263500277,3,evening_commute
ST-2396,-1.20644218767272,-1.5710442683247,3,evening_commute
ST-2397,-0.924998327153215,-1.61380745713039,3,evening_commute
ST-2398,-1.21871842056757,-1.60887058882118,3,evening_commute
ST-2399,1.29374236642994,2.73802867072111,2,evening_commute
ST-24,-0.450014573102869,-0.562884865693035,3,evening_commute
ST-240,1.62458619390665,-0.502016527125345,4,evening_commute
ST-2401,0.88085831206152,1.05750974318979,2,evening_commute
ST-2402,1.24202134996484,1.07606145003787,2,evening_commute
ST-2403,0.377116092048608,1.06927028823561,2,evening_commute
ST-2404,1.52564432721298,1.3155416195877,2,evening_commute
ST-2405,1.13188092745629,0.374952184171092,2,evening_commute
ST-2406,-0.0355756658180624,0.175672711045075,1,evening_commute
ST-2407,0.620477126764514,-2.16675053787262,4,evening_commute
ST-2408,0.512131478049474,-2.04430201874062,4,evening_commute
ST-2409,0.78735693746664,0.806887782133987,2,evening_commute
ST-241,0.519567136608234,-0.769170814217748,4,evening_commute
ST-2410,0.599029526126237,1.41534847005355,2,evening_commute
ST-2411,-2.53505293227288,-1.16627470331727,3,evening_commute
ST-2412,-2.4710123394436,-1.28503524717034,3,evening_commute
ST-2414,2.07315617400614,-0.381341220584296,4,evening_commute
ST-2415,1.82602021572026,-0.171447327528371,4,evening_commute
ST-2416,1.05460125930962,1.11655521780213,2,evening_commute
ST-2417,1.78904801385037,1.11749375050844,2,evening_commute
ST-2419,-2.52423786471102,-1.1593704757693,3,evening_commute
ST-242,-0.131133286185121,-1.20931833430349,4,evening_commute
ST-2420,-0.0453294143663215,-0.754891893280701,4,evening_commute
ST-2421,6.49456589913884,-0.635628090556817,4,evening_commute
ST-2422,-1.39177095081261,-0.281274536225689,3,evening_commute
ST-2423,2.93350455861301,1.97852074459743,2,evening_commute
ST-2424,0.13528813984395,1.93207408398715,2,evening_commute
ST-2425,0.719562088128904,0.110114875791661,4,evening_commute
ST-2427,-1.57937731825367,0.43882634022044,1,evening_commute
ST-2428,-0.50003203506995,1.35799438823961,1,evening_commute
ST-2429,-1.52782518661482,2.36973913324935,1,evening_commute
ST-243,-0.0785602901568302,-1.02177000547592,4,evening_commute
ST-2430,-0.744793168572128,-0.292021581718921,1,evening_commute
ST-2431,-1.21253192834464,0.0397007716818692,1,evening_commute
ST-2432,-0.773643246496938,-0.068628294869245,1,evening_commute
ST-2433,-1.18205252007681,0.0611989646143455,1,evening_commute
ST-2434,-0.315105534399735,0.0389854432420416,1,evening_commute
ST-2435,-1.40313197478776,0.349946343377993,1,evening_commute
ST-2436,0.915196590381819,2.68586033095638,2,evening_commute
ST-2437,0.171699698887507,-0.0194301867899959,4,evening_commute
ST-2438,1.21537496489435,-0.601752259282823,4,evening_commute
ST-2439,1.23716528465754,-0.738474942421844,4,evening_commute
ST-244,-0.901734759083396,-0.328881139914309,1,evening_commute
ST-2440,0.6841417563026,-0.207205170105772,4,evening_commute
ST-2441,0.865678494391114,-0.436620160854756,4,evening_commute
ST-2442,1.42931968038403,-0.246921193635332,4,evening_commute
ST-2443,0.934086119583624,0.194909861495666,4,evening_commute
ST-2444,-0.0070035677654176,-0.785442579961873,4,evening_commute
ST-2445,1.2077021960691,0.597528348213251,2,evening_commute
ST-2446,1.02855566579431,-0.439601230252574,4,evening_commute
ST-2447,0.323921797277034,-0.125231880418601,4,evening_commute
ST-2448,0.1741485606196,-0.111728588700272,4,evening_commute
ST-2449,0.358636635393368,-0.234918719185982,4,evening_commute
ST-245,0.574287448170008,-0.792726421124927,4,evening_commute
ST-2450,0.5309051242901,-0.22344812364834,4,evening_commute
ST-2451,0.624333942935593,-0.421596366190475,4,evening_commute
ST-2452,1.31031096438571,-0.535318158303872,4,evening_commute
ST-2453,0.753777011632611,-1.00947947062359,4,evening_commute
ST-2455,0.13856206579536,-0.0775855460162994,4,evening_commute
ST-2456,0.490656403102897,-0.656550615244161,4,evening_commute
ST-2457,0.540397448789182,0.136922964274954,4,evening_commute
ST-2458,0.381343153900522,0.908269229110302,2,evening_commute
ST-2459,1.22508913890455,1.06777644740462,2,evening_commute
ST-246,1.47245151428254,-0.432074795489446,4,evening_commute
ST-2460,1.54492505570587,2.22880581758644,2,evening_commute
ST-2461,-0.409102850543524,0.472205226882189,1,evening_commute
ST-2462,-1.09481895139768,0.802371607924476,1,evening_commute
ST-2463,-1.45564862694454,0.0559619311892599,1,evening_commute
ST-2464,-1.0193279771563,-0.868109016196679,3,evening_commute
ST-2465,-1.16679683261494,-1.0309986688303,3,evening_commute
ST-2466,0.0282765365801232,-1.42062550029013,4,evening_commute
ST-2467,0.259516104211618,-1.8952913335501,4,evening_commute
ST-2468,0.256752681893556,-0.645393539386749,4,evening_commute
ST-2469,0.336507207317454,-0.512091267649879,4,evening_commute
ST-247,0.160613458621077,-0.857858557412213,4,evening_commute
ST-2470,1.00812137248219,0.444965645502043,2,evening_commute
ST-2471,1.1058936994652,2.72029262817218,2,evening_commute
ST-2472,-1.49342498345947,-0.0336061881049884,1,evening_commute
ST-2473,-1.37091487357091,-0.0908021674588729,1,evening_commute
ST-2474,1.15015526839711,0.81669849278771,2,evening_commute
ST-2476,-2.74239575482057,-0.893917848901413,3,evening_commute
ST-2477,-2.55691065962592,-1.08846586182631,3,evening_commute
ST-2478,-1.13896715024416,-1.78517322880232,3,evening_commute
ST-2479,-1.93178347660503,-1.74985039470231,3,evening_commute
ST-248,0.0145303655659928,-0.585643058700027,4,evening_commute
ST-2480,-1.69692092345238,-1.18552224181215,3,evening_commute
ST-2481,-2.00456836332968,-1.2457961631224,3,evening_commute
ST-2482,-2.60859273853272,-1.05634612774967,3,evening_commute
ST-2483,-1.91061086775492,-1.57020268265372,3,evening_commute
ST-2484,-2.41707458632021,-1.04030099887237,3,evening_commute
ST-2486,-2.42623120116103,-1.06229980952597,3,evening_commute
ST-2487,-1.82873368680759,-1.64579184015304,3,evening_commute
ST-2488,-2.25588304854594,-1.33895006283967,3,evening_commute
ST-2489,-2.31744031422822,-1.24905758781659,3,evening_commute
ST-249,0.189238663814493,-1.09148106803791,4,evening_commute
ST-2490,-2.35994188619687,-1.23126175700865,3,evening_commute
ST-2491,-2.25687488271874,-1.20394364062018,3,evening_commute
ST-2492,-1.67670741126155,-1.31896623912848,3,evening_commute
ST-2493,-2.22687258043986,-0.809007285691697,3,evening_commute
ST-2494,-1.08412217650649,-1.45447900800462,3,evening_commute
ST-2496,0.0923924544095574,-0.299497529970064,4,evening_commute
ST-2497,0.552284093372134,-0.183213516152449,4,evening_commute
ST-2498,-0.0241984202306482,-0.0974051711620738,4,evening_commute
ST-2499,0.163582619108951,-0.907101472159265,4,evening_commute
ST-25,0.514176783118978,-0.725766429882757,4,evening_commute
ST-250,-2.36207224436134,0.66592005946465,1,evening_commute
ST-2500,0.174531072053205,-1.17031872650217,4,evening_commute
ST-2501,-0.212395718038303,-0.83816513659852,4,evening_commute
ST-2502,-0.849411524237586,-0.0833062848410227,1,evening_commute
ST-2503,3.23354245106077,-0.585931062201617,4,evening_commute
ST-2504,-0.229177669898648,-0.0665607147567091,1,evening_commute
ST-2505,-0.125359068788125,0.792757961524354,1,evening_commute
ST-2506,-0.224021544370515,0.21143718217733,1,evening_commute
ST-2507,-0.633724225394476,-0.0521498267645953,1,evening_commute
ST-2508,-0.786220676135708,-0.00902776437952087,1,evening_commute
ST-2509,0.106559560549891,-0.726848581516773,4,evening_commute
ST-251,-0.711280262278988,-0.416396183195343,3,evening_commute
ST-2510,-0.0437981537382687,2.68601167746749,2,evening_commute
ST-2511,-1.2436542950081,0.853611317370558,1,evening_commute
ST-2512,2.17869754518947,1.14645156791391,2,evening_commute
ST-2513,-1.25218850512673,-0.151403731554489,1,evening_commute
ST-2514,-1.50992408462784,0.561985699758625,1,evening_commute
ST-2516,-1.2687204703735,0.202334378941117,1,evening_commute
ST-2517,-1.79481698384434,-0.188992034009432,3,evening_commute
ST-2518,-1.24579984427476,0.248692735601768,1,evening_commute
ST-2519,-0.979441122138965,0.245985584549436,1,evening_commute
ST-252,-0.113401030824394,-0.97441212942919,4,evening_commute
ST-2520,-1.60335876953455,0.348259424920181,1,evening_commute
ST-2521,-1.22878819764998,-0.208470145646066,1,evening_commute
ST-2522,-1.08488276428185,-0.0538639451350813,1,evening_commute
ST-2523,-2.61391717989493,0.385118762474563,1,evening_commute
ST-2524,2.38681998387833,0.99378462044416,2,evening_commute
ST-2525,-0.925417632468838,-0.0645731621559569,1,evening_commute
ST-2526,-1.28018789794657,0.165168783080622,1,evening_commute
ST-2527,-1.35387922021064,0.211282748622256,1,evening_commute
ST-2528,-0.480152203515282,-0.469191079329934,3,evening_commute
ST-2529,-1.88600628570295,1.35837949069887,1,evening_commute
ST-253,0.310389300157006,-1.79650392172068,4,evening_commute
ST-2530,0.454030300510176,-1.13414098745692,4,evening_commute
ST-2531,0.88434444603658,-1.20598575763748,4,evening_commute
ST-2532,1.06512182690497,-1.28234124682205,4,evening_commute
ST-2533,1.06730004928917,-0.959216082344608,4,evening_commute
ST-2534,1.2615299924302,-1.04363179334158,4,evening_commute
ST-2535,0.508000671629393,-1.26153464650067,4,evening_commute
ST-2536,1.20552488336884,-1.12277563861227,4,evening_commute
ST-2537,0.685314929494066,-1.22065916259504,4,evening_commute
ST-2538,-2.66544017342646,-1.1954917191719,3,evening_commute
ST-2539,-1.85287741155198,-0.969670175051113,3,evening_commute
ST-254,0.92087370929443,-2.10254804564364,4,evening_commute
ST-2540,-2.36354793474789,-1.18956489457771,3,evening_commute
ST-2541,0.572226223270093,-1.87830446309586,4,evening_commute
ST-2542,0.498557625148019,-1.91466604479072,4,evening_commute
ST-2543,0.238816073208174,-1.52922280175873,4,evening_commute
ST-2544,0.535041641608614,-2.00802195692136,4,evening_commute
ST-2545,0.762324818777414,-1.78936442264124,4,evening_commute
ST-2546,0.810503588394201,-1.74225368630277,4,evening_commute
ST-2547,0.622406941547458,-2.02950076486392,4,evening_commute
ST-2548,0.806033248745049,-0.981379808698165,4,evening_commute
ST-2549,0.108588636285979,1.38634207570549,2,evening_commute
ST-255,0.928207593848951,-1.9396188246139,4,evening_commute
ST-2550,-2.0627018466637,-1.95406903456159,3,evening_commute
ST-2551,-1.93604673715878,-1.39917899753425,3,evening_commute
ST-2552,-2.14175920102687,-1.37240956687228,3,evening_commute
ST-2553,-0.754517688248661,-1.74057090716245,3,evening_commute
ST-2554,-1.53937310865098,1.70474755118427,1,evening_commute
ST-2555,-2.52416388863205,-1.19656578037852,3,evening_commute
ST-2556,-2.33127690248301,-0.876924100602229,3,evening_commute
ST-2557,-2.10445994559417,-1.4331881622506,3,evening_commute
ST-2558,-2.17059040256108,-1.06323827487365,3,evening_commute
ST-2559,-1.3922887869454,-1.24044043209317,3,evening_commute
ST-256,0.971990980674228,-1.90831485344491,4,evening_commute
ST-2560,0.0644146635516243,-0.482131357958365,4,evening_commute
ST-2561,0.578742450606867,-0.583513492971812,4,evening_commute
ST-2562,2.30531403530019,0.915818633931042,2,evening_commute
ST-2563,-1.28152268002804,-1.12715937807467,3,evening_commute
ST-2564,-1.21090327187462,-1.55338234948911,3,evening_commute
ST-2565,-1.68710243112697,0.386251396802042,1,evening_commute
ST-2567,0.423663740626783,1.86658344193161,2,evening_commute
ST-2568,0.643913314698079,0.907644363740823,2,evening_commute
ST-2569,-2.42951179572057,-1.30403714913595,3,evening_commute
ST-257,0.644508300881938,-1.97050204972913,4,evening_commute
ST-2570,1.9980186829221,0.814017585255776,2,evening_commute
ST-2571,1.15210876644059,-0.554095332015832,4,evening_commute
ST-2572,0.93512121484707,1.1951357558486,2,evening_commute
ST-2573,1.71784186763754,2.92337216972512,2,evening_commute
ST-2574,0.916496474914618,-0.545755170025259,4,evening_commute
ST-2575,0.623360310650663,0.651891313591836,2,evening_commute
ST-2576,0.540511590818089,0.963594860573101,2,evening_commute
ST-2577,0.933062006184733,0.273087697515795,2,evening_commute
ST-2578,0.87055877445706,-0.12185293041113,4,evening_commute
ST-2579,0.812601294622402,-0.155832380365384,4,evening_commute
ST-258,0.637259457325314,-1.82698114029294,4,evening_commute
ST-2580,0.600942628808283,-0.168511308053885,4,evening_commute
ST-2581,0.591275351573423,1.16858538378407,2,evening_commute
ST-2582,-0.636753481470163,1.48149386028943,1,evening_commute
ST-2583,1.02342655578735,0.778334661137397,2,evening_commute
ST-2584,1.05875309089218,1.33846177869313,2,evening_commute
ST-2585,0.818796351634787,0.340325148941526,2,evening_commute
ST-2586,0.456240609235316,0.361031690912779,2,evening_commute
ST-2587,0.77293122869297,1.6937648096442,2,evening_commute
ST-2588,0.919481040994167,0.9590789582947,2,evening_commute
ST-2589,0.569683031049511,1.0266709870075,2,evening_commute
ST-259,0.655671528713752,-1.90337259072291,4,evening_commute
ST-2590,0.206268602740454,0.752244489564289,2,evening_commute
ST-2591,0.683792382832643,0.867166556668082,2,evening_commute
ST-2592,0.616123447212829,-0.230163793328918,4,evening_commute
ST-2593,1.69368517811768,-0.934556280678598,4,evening_commute
ST-2594,1.07055085196152,-0.44264127583962,4,evening_commute
ST-2595,0.683949868945657,-0.856074693758703,4,evening_commute
ST-2596,1.07272929688761,-0.668846484410885,4,evening_commute
ST-2597,0.653669019834293,1.05602147164159,2,evening_commute
ST-2598,0.699614593761374,0.972427731730301,2,evening_commute
ST-2599,1.05507730072576,1.01233425978505,2,evening_commute
ST-26,0.475971598229686,-0.682282125795622,4,evening_commute
ST-260,0.556268399733318,-0.73540256745174,4,evening_commute
ST-2600,0.782687211898857,0.688245372221565,2,evening_commute
ST-2601,1.0738169271206,-0.743146403250767,4,evening_commute
ST-2602,1.82518619440062,-0.263077729677367,4,evening_commute
ST-2603,0.734084776173315,0.348161939866953,2,evening_commute
ST-2604,0.11182914309821,0.686347701335913,2,evening_commute
ST-2605,0.611549558839968,1.21187609624743,2,evening_commute
ST-2606,0.810748974585319,0.939055515583884,2,evening_commute
ST-2607,1.25006702722979,1.09509036117696,2,evening_commute
ST-2608,1.10591903220455,-0.318269108715368,4,evening_commute
ST-2609,1.09007261996217,-0.430544309599624,4,evening_commute
ST-261,-1.11300103426749,2.91785103500551,1,evening_commute
ST-2610,0.726621534628969,1.06918189545258,2,evening_commute
ST-2611,-2.49666564647066,-1.01554382470626,3,evening_commute
ST-2612,-2.77201300805802,-1.2809806225498,3,evening_commute
ST-2613,-2.16843780362799,-1.45997952099583,3,evening_commute
ST-2614,-0.695501334526089,0.703562287689001,1,evening_commute
ST-2615,0.271849502268186,0.784450114295967,2,evening_commute
ST-2616,-0.722649469661074,1.67024363708931,1,evening_commute
ST-2617,-0.87476523484367,0.930061849940552,1,evening_commute
ST-2618,-1.53001512101138,2.24759724608692,1,evening_commute
ST-2619,1.44116850504175,1.33458202893346,2,evening_commute
ST-262,0.0301940963270503,-0.872903904108208,4,evening_commute
ST-2620,0.564500490012122,1.04787391214619,2,evening_commute
ST-2621,0.840967756989839,-0.102351153555423,4,evening_commute
ST-2622,1.00372198491399,2.3941001868554,2,evening_commute
ST-2623,-1.53181455476865,0.095685739097424,1,evening_commute
ST-2624,-0.958475474050771,-0.0164840520142318,1,evening_commute
ST-2625,-1.33291594972889,0.281518442878218,1,evening_commute
ST-2626,-1.05500715057005,0.191862544591712,1,evening_commute
ST-2627,-2.52510793837329,-1.27625753743314,3,evening_commute
ST-2628,0.163528420661425,0.630712282176554,2,evening_commute
ST-2629,-0.182588965377023,-0.188062334087514,1,evening_commute
ST-2630,-0.221394176034186,-0.286633634347263,4,evening_commute
ST-2631,-0.610245870343689,-0.351663385299446,1,evening_commute
ST-2632,-0.102330334367325,0.298349597277894,1,evening_commute
ST-2633,0.118202135882119,0.650869701761231,2,evening_commute
ST-2634,0.0455455376827033,-0.44433238520157,4,evening_commute
ST-2635,0.0333226387002554,0.578058526505095,1,evening_commute
ST-2636,-0.239726286381048,0.184190233076331,1,evening_commute
ST-2637,-1.83104052743293,-0.570295671021716,3,evening_commute
ST-2638,-1.84350398815063,0.744473056204297,1,evening_commute
ST-2639,-1.93608237679209,0.688294926163375,1,evening_commute
ST-264,1.67694715549682,-1.58868674115344,4,evening_commute
ST-2641,-1.88453633089331,0.884068290464743,1,evening_commute
ST-2642,-1.9167462633796,0.614976261192745,1,evening_commute
ST-2643,-0.481900009938809,-1.73330695405556,3,evening_commute
ST-2644,-0.815980640335741,-1.68412468590112,3,evening_commute
ST-2645,-0.893230094224935,-1.74234215183376,3,evening_commute
ST-2646,-0.377444951831701,-1.59672154423032,3,evening_commute
ST-2647,-0.930121224801494,-1.13102034891424,3,evening_commute
ST-2648,-1.01656398321352,-1.08843810773501,3,evening_commute
ST-2649,0.5140942541632,-0.215787164320776,4,evening_commute
ST-265,-1.04950637228203,-0.013085219525214,1,evening_commute
ST-2650,1.20508712302448,-0.869104447985592,4,evening_commute
ST-2651,0.23268595607423,-0.622966125121493,4,evening_commute
ST-2652,0.555092049803313,-0.369785240331666,4,evening_commute
ST-2653,-0.726899105719966,-0.00393062655589407,1,evening_commute
ST-2654,-0.511247388784246,0.137081719621979,1,evening_commute
ST-2655,1.78515162046629,1.29646623898567,2,evening_commute
ST-2656,1.43809186090794,0.881718425542948,2,evening_commute
ST-2657,2.41203376052577,0.403562348639642,2,evening_commute
ST-2658,1.7083065032164,0.493610680544708,2,evening_commute
ST-2659,2.29928130196251,0.141210014905246,2,evening_commute
ST-266,-0.13415286138229,0.387150225161007,1,evening_commute
ST-2660,3.44333681131804,-0.500634787424974,4,evening_commute
ST-2661,1.44143590229256,2.02746352364396,2,evening_commute
ST-2662,2.01831450525383,1.10087094403952,2,evening_commute
ST-2663,2.35875334535144,0.26132541142874,2,evening_commute
ST-2664,1.26750854054702,-0.666849132412095,4,evening_commute
ST-2665,0.425039505840373,2.07622254994607,2,evening_commute
ST-2666,1.79859434511797,0.424784663849618,2,evening_commute
ST-2667,2.45726213769198,0.330948828809226,2,evening_commute
ST-2668,1.78297677577509,1.10704729384959,2,evening_commute
ST-2669,0.159213452723337,-1.68912230351574,4,evening_commute
ST-267,-0.0933168018552963,0.206630222742881,1,evening_commute
ST-2670,3.20916525478144,0.0474218032230677,2,evening_commute
ST-2671,1.96274926836501,-0.319642931904883,4,evening_commute
ST-2672,2.20182235291691,-1.00680288344818,4,evening_commute
ST-2673,1.83426866145671,-0.808126656842706,4,evening_commute
ST-2674,1.922330840994,0.999632535128779,2,evening_commute
ST-2675,0.962373859744193,1.48974859685953,2,evening_commute
ST-2676,0.713718119911648,1.13082241463486,2,evening_commute
ST-2677,0.670303939404298,1.22789716382613,2,evening_commute
ST-2678,1.77563341010833,0.385170178654662,2,evening_commute
ST-2679,2.12857162360963,-0.0702238769560045,4,evening_commute
ST-268,-0.455761941063647,-1.54214166667647,3,evening_commute
ST-2680,2.31550622846657,0.537461818659241,2,evening_commute
ST-2681,0.897599344610901,1.46532325423242,2,evening_commute
ST-2682,1.95987565018228,-0.539038291793813,4,evening_commute
ST-2683,-1.80066802181844,1.92161084889206,1,evening_commute
ST-2684,1.79037017985706,0.29291302825784,2,evening_commute
ST-2685,1.41568307082374,0.433265144215426,2,evening_commute
ST-2686,1.54459406407441,0.808422507691772,2,evening_commute
ST-2688,1.88805936600453,-0.664089104578453,4,evening_commute
ST-2689,2.11237576474903,0.623704590497352,2,evening_commute
ST-269,-0.860242978797933,-0.237564651503972,1,evening_commute
ST-2690,1.92165771955113,-0.663683571144299,4,evening_commute
ST-2691,1.58816854907188,1.21051868033461,2,evening_commute
ST-2692,-1.09785165430118,-1.69048420541544,3,evening_commute
ST-2693,-1.30689426252397,0.00198868378452838,1,evening_commute
ST-2694,0.151861506355554,-1.39057723794111,4,evening_commute
ST-2695,-4.62173591771247,3.3008067533929,1,evening_commute
ST-2696,-0.128676945610198,1.96814627200499,2,evening_commute
ST-2697,0.122854667028402,1.96825280315306,2,evening_commute
ST-2698,-0.35067761837261,1.76734396728097,1,evening_commute
ST-2699,1.13260640260836,-1.62018323587861,4,evening_commute
ST-27,-1.9444000353162,1.82597260824437,1,evening_commute
ST-270,-0.509084065798475,-0.525476516263157,3,evening_commute
ST-2700,-0.69091849107499,1.55477889348683,1,evening_commute
ST-2701,-0.725243416523956,1.47616890275323,1,evening_commute
ST-2702,0.0212650845360232,1.39239491606379,2,evening_commute
ST-2703,0.0814980336637892,0.996895385051094,2,evening_commute
ST-2704,-0.211545348717661,1.21952330815482,1,evening_commute
ST-2705,-0.331511633310804,1.31939559872587,1,evening_commute
ST-2706,-0.27609145638935,1.20279948475704,1,evening_commute
ST-2707,-0.591744642126438,1.67428130813613,1,evening_commute
ST-2708,-0.146768890272902,1.25916352154814,1,evening_commute
ST-2709,-0.316958941932354,1.71628297884116,1,evening_commute
ST-271,-0.851782258914566,-0.214323686430238,1,evening_commute
ST-2710,-0.238342102145428,1.64464226160403,1,evening_commute
ST-2711,-0.607764360134577,1.51714448703179,1,evening_commute
ST-2712,-0.296652744236254,1.49335454103611,1,evening_commute
ST-2713,-0.170779311735576,1.06560260395942,1,evening_commute
ST-2714,-0.10261621013794,1.07735914235277,1,evening_commute
ST-2715,-0.166785101265498,-0.0760652040105398,1,evening_commute
ST-2716,-0.436644900410536,1.34042401697132,1,evening_commute
ST-2717,-0.724202363828541,1.55945210577315,1,evening_commute
ST-2718,-0.420771685652946,1.27233137225592,1,evening_commute
ST-2719,-0.71625029171711,1.52380758059679,1,evening_commute
ST-272,-0.997916295762276,0.062147051176099,1,evening_commute
ST-2720,-0.403202149292481,1.44250856321748,1,evening_commute
ST-2721,1.86398217118438,-0.174985936555864,4,evening_commute
ST-2722,0.3847747112484,1.57800804518992,2,evening_commute
ST-2723,0.318148875788673,1.48010041715206,2,evening_commute
ST-2724,0.250686364399078,1.80646128180023,2,evening_commute
ST-2725,0.930529125075952,0.905438779044304,2,evening_commute
ST-2726,-0.365396180875457,1.48748799483979,1,evening_commute
ST-2727,0.818900166209775,1.1016425497702,2,evening_commute
ST-2728,1.59088798655036,-0.792379196006941,4,evening_commute
ST-2729,-0.594051912020915,1.45312412656726,1,evening_commute
ST-273,-1.0089502117414,-0.0469463308785048,1,evening_commute
ST-2730,0.169018867015846,1.77740429211042,2,evening_commute
ST-2731,0.208179560792619,1.05098227269747,2,evening_commute
ST-2732,0.432742317769645,-0.130326161978062,4,evening_commute
ST-2733,0.138333540680546,0.859226288473558,2,evening_commute
ST-2734,-0.200725273491906,1.21588858859139,1,evening_commute
ST-2736,-0.488588191882504,0.708254697202213,1,evening_commute
ST-2737,-0.197323437008771,1.48961267466574,1,evening_commute
ST-2738,0.420397645603132,-0.0169530402032017,4,evening_commute
ST-2739,0.49982292681398,1.75866334886273,2,evening_commute
ST-274,-0.458000435930187,-0.288773677642501,1,evening_commute
ST-2740,0.702597433117963,-0.329154642995095,4,evening_commute
ST-2742,0.25566316164657,-0.0147250062953061,4,evening_commute
ST-2743,0.408137643810085,1.79109865819761,2,evening_commute
ST-2744,0.230287049527142,2.01302859387497,2,evening_commute
ST-2745,0.168800894254924,1.95732533696319,2,evening_commute
ST-2746,2.99642557838839,-0.381051002976098,4,evening_commute
ST-2747,0.486233009078362,0.0547119002818548,4,evening_commute
ST-2748,0.533140630084108,-0.208057622533079,4,evening_commute
ST-2749,0.343473842223454,0.161960037380708,4,evening_commute
ST-275,-0.378542902392178,-0.820013959786227,3,evening_commute
ST-2750,0.351012561051191,1.45065851434504,2,evening_commute
ST-2751,0.277440536989494,0.321225039187542,2,evening_commute
ST-2752,-2.56997071709518,-0.923052450178072,3,evening_commute
ST-2753,-1.38713229071006,0.308402333482435,1,evening_commute
ST-2754,-0.60962843202758,1.2445789476129,1,evening_commute
ST-2755,0.815617974349568,1.27964192489617,2,evening_commute
ST-2756,1.1256520827359,-0.395418632586419,4,evening_commute
ST-2757,0.899623299300878,-0.0736676112070306,4,evening_commute
ST-2759,-1.46340406268863,-1.50875001978231,3,evening_commute
ST-276,-0.261378373026564,-0.913788772151718,4,evening_commute
ST-2760,-1.24534288411267,-1.59823843559037,3,evening_commute
ST-2761,-1.20010033531572,-1.52305387196585,3,evening_commute
ST-2762,-1.16774473657262,-1.53285558402909,3,evening_commute
ST-2763,-1.11732832593121,-1.68671422363077,3,evening_commute
ST-2764,-1.3065190545611,-1.52432839171621,3,evening_commute
ST-2765,-1.28300600712502,-1.62589105432748,3,evening_commute
ST-2766,0.286996631361685,1.65542835815356,2,evening_commute
ST-2767,-1.61792770705474,-1.06540809189166,3,evening_commute
ST-2768,-1.44464428607119,-1.22008357059813,3,evening_commute
ST-2769,-2.30093733893388,-0.940553389590854,3,evening_commute
ST-277,-0.460464992243922,-2.06689456684427,3,evening_commute
ST-2770,-1.64465134160379,-1.13652947139377,3,evening_commute
ST-2771,-1.68398981436632,-1.33074816299863,3,evening_commute
ST-2772,-2.15154738053277,-0.814246686652473,3,evening_commute
ST-2773,-0.943895830088019,-1.258866968819,3,evening_commute
ST-2774,-1.20120488333698,-1.71408978507691,3,evening_commute
ST-2775,0.916276258168412,-0.139176941760785,4,evening_commute
ST-2776,0.747412384010056,0.229800891362417,2,evening_commute
ST-2777,0.522160260689981,-0.649110772810958,4,evening_commute
ST-2778,1.14766149386189,0.4793747247542,2,evening_commute
ST-2779,0.925214258720714,-0.436683369562621,4,evening_commute
ST-278,-0.696203361041987,-2.1537336033427,3,evening_commute
ST-2780,1.12833381704168,1.76221137799611,2,evening_commute
ST-2781,1.30353337735811,2.18820090838208,2,evening_commute
ST-2782,1.28699410793015,1.24603419029378,2,evening_commute
ST-2783,1.334642678741,1.03284827736432,2,evening_commute
ST-2784,0.225679125626397,1.29628753910485,2,evening_commute
ST-2785,0.498331699533748,-0.161661697154515,4,evening_commute
ST-2786,-0.836763701330534,0.139829375480594,1,evening_commute
ST-2787,0.0444869012668975,-0.440953984928565,4,evening_commute
ST-2788,1.74760222037788,1.06024613120461,2,evening_commute
ST-2789,-2.60564808942383,-0.98860130305086,3,evening_commute
ST-279,-0.858329604315528,-2.06092766461489,3,evening_commute
ST-2790,-2.56768820438524,-1.22164554838144,3,evening_commute
ST-2791,-0.129585783945725,0.818072667043306,1,evening_commute
ST-2792,-0.261619600672755,1.13228139273736,1,evening_commute
ST-2793,0.0366932937708382,0.93506309947328,1,evening_commute
ST-2794,-1.66397107779353,-0.826042040232528,3,evening_commute
ST-2795,-0.168223370168252,0.839834719100027,1,evening_commute
ST-2796,1.01547161631173,-0.0725710076731364,4,evening_commute
ST-2797,1.07261016084786,-0.425468317371789,4,evening_commute
ST-2798,0.584682900772942,0.358122334507497,2,evening_commute
ST-2799,0.149711166006357,1.53175123455423,2,evening_commute
ST-28,-0.230008914767134,-0.661673074239591,4,evening_commute
ST-280,-0.855027977495677,-1.96577538462245,3,evening_commute
ST-2800,-0.397428772698886,-0.791250712485359,3,evening_commute
ST-2801,-0.301058236217579,-0.863145723833253,3,evening_commute
ST-2802,0.81717502178109,2.88405420473919,2,evening_commute
ST-2803,0.208303950931957,-0.543652504096934,4,evening_commute
ST-2804,-0.42638845014447,1.86674027605201,1,evening_commute
ST-2805,-1.07941408277334,0.829429100873075,1,evening_commute
ST-2806,-0.746956062018749,-1.80201486843479,3,evening_commute
ST-2807,-0.612436453855268,-2.01476883409214,3,evening_commute
ST-2808,-0.710386813988772,-0.692259385917549,3,evening_commute
ST-2809,-0.605896269272021,-1.27373893194182,3,evening_commute
ST-281,-0.901594204971792,-1.89509008106299,3,evening_commute
ST-2810,-0.510206463563214,-1.7304283710622,3,evening_commute
ST-2811,-0.831035110649312,-2.06590672382463,3,evening_commute
ST-2812,-0.848242206097307,-1.97359446464107,3,evening_commute
ST-2813,-0.0929061684653297,-1.75614932619875,3,evening_commute
ST-2814,3.65183161991709e-05,-1.76034268848472,4,evening_commute
ST-2815,-0.726554378289331,-1.99258282893186,3,evening_commute
ST-2816,-0.725973694096661,-1.18119471400368,3,evening_commute
ST-2817,-0.820920816551519,-0.210715305702051,1,evening_commute
ST-2818,-1.09188451088967,-2.23268569917898,3,evening_commute
ST-2819,-0.892443767464648,-0.721489422717133,3,evening_commute
ST-282,-0.823108848895254,-1.93000173872952,3,evening_commute
ST-2820,-0.811911820668863,-1.97126758968472,3,evening_commute
ST-2821,-0.790672706993883,-0.992081310740769,3,evening_commute
ST-2822,-0.603101894767489,-1.92473654364728,3,evening_commute
ST-2823,-0.52902771205943,-0.500881566610716,3,evening_commute
ST-2824,1.24548973519915,1.77423394858209,2,evening_commute
ST-2825,0.882009104818932,-0.222914370901628,4,evening_commute
ST-2826,-1.53373914545665,2.23684128940479,1,evening_commute
ST-2827,0.680574336804422,-0.54875152527912,4,evening_commute
ST-2828,-1.33294368134932,0.274049324392535,1,evening_commute
ST-2829,-1.24516574845616,0.987888515634801,1,evening_commute
ST-283,-0.545675500119637,0.286017970603711,1,evening_commute
ST-2830,0.705078070823749,-1.59253078786445,4,evening_commute
ST-2831,-2.51871961029692,-0.949427678120489,3,evening_commute
ST-2832,-2.50569189402167,-1.15436672196078,3,evening_commute
ST-2833,1.42205888981181,-0.248043737156231,4,evening_commute
ST-2834,0.287657350664767,-1.15141333110798,4,evening_commute
ST-2835,-0.577625327654795,1.45049785136333,1,evening_commute
ST-2836,1.98722955028192,0.706538580516918,2,evening_commute
ST-2837,1.94561359942724,-0.277725492473254,4,evening_commute
ST-2838,1.09519547619653,1.68977176434022,2,evening_commute
ST-2839,1.75797131266748,-0.692526898923281,4,evening_commute
ST-284,-0.605721413110427,-0.798865034559816,3,evening_commute
ST-2840,0.68728770356782,2.40009455404724,2,evening_commute
ST-2841,0.179343014875864,1.26800106678201,2,evening_commute
ST-2842,-0.863705444252305,1.25221554646222,1,evening_commute
ST-2843,-0.22522308899213,-0.903833844269076,4,evening_commute
ST-2844,-1.14154411565823,-1.63158377783626,3,evening_commute
ST-2845,-1.61043870275406,0.638394633511372,1,evening_commute
ST-2846,-0.00919391153325951,-0.377957506386929,4,evening_commute
ST-2847,1.3992056420014,0.69599460894774,2,evening_commute
ST-2848,2.18107182212238,2.40441325851167,2,evening_commute
ST-2849,0.289704826231957,1.74283988314257,2,evening_commute
ST-285,-0.887545431693078,-1.81311898119669,3,evening_commute
ST-2850,3.54427708389311,-1.78652745468321,4,evening_commute
ST-2851,-0.664147638235661,0.474786068973849,1,evening_commute
ST-2852,-0.850610562255795,-2.0419420714347,3,evening_commute
ST-2853,1.22136449321819,1.75717244034305,2,evening_commute
ST-2854,0.205592259616725,1.86072704364877,2,evening_commute
ST-2855,-1.39161538183874,-0.0222525489551161,1,evening_commute
ST-2856,2.43834570658849,-0.832368567273459,4,evening_commute
ST-2857,-2.61844541893172,-1.02345924794197,3,evening_commute
ST-2858,-2.41545782916415,-1.2646837085795,3,evening_commute
ST-2859,-0.362690543754575,1.1429104645262,1,evening_commute
ST-286,-0.491552408129512,-0.260932886999297,1,evening_commute
ST-2860,-0.26790291329097,0.145655478649395,1,evening_commute
ST-2861,0.540442727853949,0.882340173291578,2,evening_commute
ST-2862,-0.134125734063363,1.5236708041871,1,evening_commute
ST-2865,0.694564475032092,-1.80614762149145,4,evening_commute
ST-2866,0.315880688683577,-0.156968025526131,4,evening_commute
ST-2867,1.50569153352406,0.622055106584636,2,evening_commute
ST-2868,0.988423330488386,1.32222424360666,2,evening_commute
ST-2869,1.19927543654134,1.33786850818664,2,evening_commute
ST-287,-0.750787683533231,-2.09614456051313,3,evening_commute
ST-2870,2.07875797640339,0.861436277690546,2,evening_commute
ST-2871,-2.58042743762596,-1.21584088974077,3,evening_commute
ST-2872,-0.594179579342407,1.08518619582906,1,evening_commute
ST-2873,-1.09781647022405,0.323065645312607,1,evening_commute
ST-2874,1.2964708572712,-1.29904585595046,4,evening_commute
ST-2875,1.64136637611029,1.80468324915588,2,evening_commute
ST-2876,1.20355326601508,-0.379180338307867,4,evening_commute
ST-2877,0.758044948464069,0.0793423431395351,4,evening_commute
ST-2878,0.869023113269778,0.385304192162795,2,evening_commute
ST-2879,-1.13119215780866,-1.82887230696712,3,evening_commute
ST-288,-0.653151965237083,-2.10521546816213,3,evening_commute
ST-2880,1.15893519127437,-0.604994742316105,4,evening_commute
ST-2881,-2.15019821038688,1.6108407684328,1,evening_commute
ST-2882,1.8172187731713,0.30112333129275,2,evening_commute
ST-2883,-2.52143657169506,-0.916542639362548,3,evening_commute
ST-2884,-2.62027224669491,-1.23887625342147,3,evening_commute
ST-2885,-3.03013581535791,-2.72600271806935,3,evening_commute
ST-2886,-2.57370984791188,-1.31281520660942,3,evening_commute
ST-2887,-1.14181797008266,-1.32605936048317,3,evening_commute
ST-2888,-2.34202089142515,-1.32318146336169,3,evening_commute
ST-2889,-2.70389459514433,-1.14131092419356,3,evening_commute
ST-289,-0.808051724122366,-1.97094874521844,3,evening_commute
ST-2890,-0.370269032587486,2.85263109062073,1,evening_commute
ST-2891,0.616738002595847,-1.9224879458357,4,evening_commute
ST-2892,-0.92470612432542,-0.791533234261165,3,evening_commute
ST-2893,-1.94592057897732,0.896831463296103,1,evening_commute
ST-2894,-1.56429866446765,2.82811835777456,1,evening_commute
ST-2895,-2.05685048578268,0.884465245123892,1,evening_commute
ST-2896,-0.0702866139538116,0.763430143359828,1,evening_commute
ST-2897,1.04680874742954,-1.05660472777948,4,evening_commute
ST-2898,0.0814523961771631,0.383283446342507,1,evening_commute
ST-2899,-0.605083703566465,-1.74310253121958,3,evening_commute
ST-29,0.359530671471914,-0.435833863603849,4,evening_commute
ST-290,-0.985870198643191,-1.12196820231852,3,evening_commute
ST-2900,0.737240279657468,-2.27177938109733,4,evening_commute
ST-2901,-0.493615201515986,-0.559357773823724,3,evening_commute
ST-2902,-0.565358199190665,-1.19127402757676,3,evening_commute
ST-2903,-0.989908501404273,0.0682610945051909,1,evening_commute
ST-2904,0.0913394239815426,-0.542835295118729,4,evening_commute
ST-2905,0.960958332831813,-0.995875678146462,4,evening_commute
ST-2906,0.0618605936918659,0.27856217946555,1,evening_commute
ST-2907,0.630150104428593,1.61283444551087,2,evening_commute
ST-2908,0.0404328817883093,1.94614662250376,2,evening_commute
ST-2909,0.241021858388715,2.29395282424474,2,evening_commute
ST-291,-0.760630832874523,-1.20043634702448,3,evening_commute
ST-2910,-1.82279553024026,1.07264714922366,1,evening_commute
ST-2911,-1.78819294992193,1.35539821000027,1,evening_commute
ST-2912,-1.942450737098,0.887075464167431,1,evening_commute
ST-2913,-1.94249821914546,1.32771416763476,1,evening_commute
ST-2914,0.203722932650591,1.3642722493154,2,evening_commute
ST-2915,0.726420555240521,0.161099486082098,4,evening_commute
ST-2916,1.67586454677629,0.176714895591422,2,evening_commute
ST-2917,1.03175760415035,1.12978338381546,2,evening_commute
ST-2918,-0.533390988839296,1.04678787323275,1,evening_commute
ST-292,-0.814201823039188,-2.11877802441679,3,evening_commute
ST-2920,-0.723737047706111,-2.01918633492001,3,evening_commute
ST-2921,-0.173428473695691,-0.155088439259342,1,evening_commute
ST-2922,-0.191907736930758,-0.149814295179596,1,evening_commute
ST-2923,-1.47880167356334,0.451423321290285,1,evening_commute
ST-2924,0.888721745625898,-0.592613885114965,4,evening_commute
ST-2925,1.67517256234487,1.56109950376144,2,evening_commute
ST-2926,1.51883090643265,1.4199632571414,2,evening_commute
ST-2927,1.58989414686928,1.28923737753743,2,evening_commute
ST-2928,-1.49139209045748,1.32185137677608,1,evening_commute
ST-2929,0.603840022935411,-0.156151252770549,4,evening_commute
ST-293,-0.706302014833762,-1.9186266744484,3,evening_commute
ST-2931,-1.76596766853365,0.184841186849945,1,evening_commute
ST-2932,-2.02716029104193,0.840773813260563,1,evening_commute
ST-2933,2.73113266988112,1.02335368155207,2,evening_commute
ST-2934,1.72825083032863,0.0609278918593446,4,evening_commute
ST-2935,-0.526325171586154,-0.211778274667798,1,evening_commute
ST-2936,0.772895067532653,0.723482974133163,2,evening_commute
ST-2937,0.540971677834732,1.33018733417698,2,evening_commute
ST-2938,0.927712079964063,0.503054923258629,2,evening_commute
ST-2939,0.604764671036407,1.26045211090845,2,evening_commute
ST-294,-0.754030772281093,-2.13585484770285,3,evening_commute
ST-2940,0.639437872885824,-0.427134389842386,4,evening_commute
ST-2941,1.13368781758868,-0.102854662570591,4,evening_commute
ST-2942,0.293181748017922,1.06623438195095,2,evening_commute
ST-2943,-2.26339120708037,-1.24823502784313,3,evening_commute
ST-2944,-1.93608215717659,-1.48286364103286,3,evening_commute
ST-2945,-2.57336833362801,-1.27303202029723,3,evening_commute
ST-2946,-1.41362772824929,-1.75350885499183,3,evening_commute
ST-2947,-2.52325755410213,-1.08297865369493,3,evening_commute
ST-2948,1.58601531319581,0.635305768688661,2,evening_commute
ST-2949,-1.11427540324156,0.385833231431409,1,evening_commute
ST-295,-0.684451234692509,-1.94259348912934,3,evening_commute
ST-2950,-2.7762977806931,1.34631736492522,1,evening_commute
ST-2951,0.677851992960079,2.68112748295741,2,evening_commute
ST-2952,-0.319251866845703,0.328247076802723,1,evening_commute
ST-2953,-0.658620063171615,-0.168865104262597,1,evening_commute
ST-2954,-0.522279291708379,1.90138591101721,1,evening_commute
ST-2955,2.01262136485444,0.423725687344176,2,evening_commute
ST-2956,1.35737037808551,0.0807674638379815,4,evening_commute
ST-2957,0.483305658062594,0.784812744721864,2,evening_commute
ST-2958,-0.968698819038281,-1.85678953947402,3,evening_commute
ST-2959,-0.589144994984181,-0.900145227113321,3,evening_commute
ST-296,-0.238165059906973,-1.69653819599234,3,evening_commute
ST-2960,-1.30187345754668,-1.58675713236221,3,evening_commute
ST-2961,-1.00574444920127,-2.03083102858524,3,evening_commute
ST-2962,2.01278659631489,0.809057926564851,2,evening_commute
ST-2964,-1.65458856466254,-0.580131815932511,3,evening_commute
ST-2965,-2.5682979197774,-1.20816184350517,3,evening_commute
ST-2966,0.0647909747578823,1.96843473474018,2,evening_commute
ST-2967,-0.179033519348748,1.12968641145477,1,evening_commute
ST-2969,-0.352063690313579,-0.269912628521485,1,evening_commute
ST-297,0.815718238979276,-1.09519080915762,4,evening_commute
ST-2970,0.237767934019343,0.957018615693057,2,evening_commute
ST-2971,0.69552347555981,1.2007433300012,2,evening_commute
ST-2972,0.726021716211929,0.709081311380118,2,evening_commute
ST-2973,-3.8668958175973,-0.0566610441305075,3,evening_commute
ST-2974,0.53005138239783,-1.20727458619569,4,evening_commute
ST-2975,0.687441864979466,-0.749393199358106,4,evening_commute
ST-2976,-0.852973143710378,0.384263482805592,1,evening_commute
ST-2977,1.06056929571887,-1.33028285853188,4,evening_commute
ST-2978,0.00564603830411507,-0.694279774730552,4,evening_commute
ST-2979,1.09840047832538,-1.06320657888191,4,evening_commute
ST-298,-0.240497814699181,-0.760199259831413,4,evening_commute
ST-2980,-0.778449772458525,-0.281358105855776,1,evening_commute
ST-2981,0.777086883939483,-1.17717949305651,4,evening_commute
ST-2982,1.30093810638194,1.02594532014321,2,evening_commute
ST-2983,-0.66003564864098,-0.202973811186368,1,evening_commute
ST-2984,0.796924386344903,1.00858749376669,2,evening_commute
ST-2985,1.08779812313007,0.804038201415495,2,evening_commute
ST-2986,1.4950626425994,0.382813356914813,2,evening_commute
ST-2987,0.594066778554146,0.844192965467444,2,evening_commute
ST-2988,0.951180275863465,1.13936342517862,2,evening_commute
ST-2989,1.18506972376754,1.26769376555431,2,evening_commute
ST-299,-0.437328872532092,-0.267796486972345,1,evening_commute
ST-2990,0.974915280114464,2.6339104510062,2,evening_commute
ST-2991,1.60894982791148,-0.827663146472504,4,evening_commute
ST-2992,-2.1752751969246,-1.02112840295113,3,evening_commute
ST-2993,-2.52214939728877,-1.22002865890365,3,evening_commute
ST-2994,-1.55471843207752,-1.76693161506442,3,evening_commute
ST-2995,-0.98184982452626,0.996861413489646,1,evening_commute
ST-2996,-0.769913896795857,0.290757067764465,1,evening_commute
ST-2997,-1.24533206135527,-0.00936594923784751,1,evening_commute
ST-2998,0.573402946559549,3.15823287202419,2,evening_commute
ST-2999,-1.7729788990086,-0.55229667841143,3,evening_commute
ST-3,3.04105842677644,-0.860458124699757,4,evening_commute
ST-30,0.719704942365237,-0.732650658005234,4,evening_commute
ST-300,-0.479947433767475,-0.527761940447566,3,evening_commute
ST-3000,0.333710597958763,1.98372337626503,2,evening_commute
ST-3002,0.685381775835944,-1.7843659850944,4,evening_commute
ST-3003,0.451476402804347,-1.7613892104052,4,evening_commute
ST-3004,0.994449624643142,0.987156815981913,2,evening_commute
ST-3005,0.201272181933878,-0.344197952262137,4,evening_commute
ST-3006,-0.0480218888730217,0.372131162547807,1,evening_commute
ST-3007,-0.752358013647593,1.21738004541565,1,evening_commute
ST-3008,-0.0639709788693714,-0.483588459994072,4,evening_commute
ST-3009,1.89142614836624,-0.0243932956643897,4,evening_commute
ST-301,-1.1283208091367,0.416439536777097,1,evening_commute
ST-3010,4.69214253880117,-1.31944486370473,4,evening_commute
ST-3011,-0.741100154806012,-2.10811219362267,3,evening_commute
ST-3012,1.01965149486935,-2.05378281032818,4,evening_commute
ST-3013,-1.18967009947132,-0.583639170146007,3,evening_commute
ST-3014,-1.71064388512146,2.13536947180394,1,evening_commute
ST-3015,-0.583784396481309,1.34770732571922,1,evening_commute
ST-3017,1.01038118194358,-0.88789082037422,4,evening_commute
ST-3018,-2.9356750663109,-0.154571475703819,3,evening_commute
ST-3019,0.592232979958725,-1.12737546019281,4,evening_commute
ST-302,-0.653414239781353,-1.03861435522649,3,evening_commute
ST-3020,-0.526408789876251,-0.125927721689374,1,evening_commute
ST-3021,0.00687353766761127,-0.418055743075908,4,evening_commute
ST-3022,1.41900013404554,2.47424378112431,2,evening_commute
ST-3023,0.0359660412371175,0.444141440353222,1,evening_commute
ST-3024,0.112072532112603,0.708479955738831,2,evening_commute
ST-3025,-0.304487080560425,-0.37433688847138,4,evening_commute
ST-3026,-0.202735253228749,1.64388101367676,1,evening_commute
ST-3027,-0.654337995625087,-0.103925554910898,1,evening_commute
ST-3028,1.51735324668953,1.54055627884158,2,evening_commute
ST-3029,-1.79211637607901,0.415975008424819,1,evening_commute
ST-303,-0.634800579126796,-1.13527030577093,3,evening_commute
ST-3030,-0.736271475086515,-1.99971142718255,3,evening_commute
ST-3031,-2.62083879665407,-1.19689274745583,3,evening_commute
ST-3032,-1.85368031868407,-0.462809321941048,3,evening_commute
ST-3033,1.28507740441448,-0.884136736522981,4,evening_commute
ST-3034,1.79992763873042,3.02235946925352,2,evening_commute
ST-3035,0.224271874803349,0.627032717727716,2,evening_commute
ST-3036,-0.305783566027688,0.867390995742355,1,evening_commute
ST-3037,-0.961290907069296,0.856213888907925,1,evening_commute
ST-3038,-0.190387678627108,1.17763939004732,1,evening_commute
ST-3039,-0.346969349370761,0.829185537708303,1,evening_commute
ST-304,-0.832956005868075,-1.0903632729602,3,evening_commute
ST-3040,-0.828146757172216,-0.75243429039512,3,evening_commute
ST-3041,-1.08806639446444,-0.300576229093738,1,evening_commute
ST-3042,0.450870389200389,-1.3608495551066,4,evening_commute
ST-3043,0.485802743383554,-1.85981464651058,4,evening_commute
ST-3044,0.265478744722758,-1.89497038496352,4,evening_commute
ST-3045,0.214496097718979,1.4779874351147,2,evening_commute
ST-3046,-0.22785675878105,0.162768381757955,1,evening_commute
ST-3047,-1.20157398462493,-1.63967586953891,3,evening_commute
ST-3048,-1.77707360092541,-0.775705793192835,3,evening_commute
ST-3049,1.79570188848838,0.493542666027093,2,evening_commute
ST-305,2.76925391299618,-0.99938212399946,4,evening_commute
ST-3050,-0.0663013465575081,1.8448021174158,2,evening_commute
ST-3051,-0.977033407647602,0.24446679478271,1,evening_commute
ST-3052,-1.66122481081276,0.707370892174782,1,evening_commute
ST-3053,-0.918049369238939,0.197138516804057,1,evening_commute
ST-3054,0.737084225021098,-0.18381920732908,4,evening_commute
ST-3055,-1.51694231411252,-0.489715365599825,3,evening_commute
ST-3056,0.830602274168348,-0.345379990520469,4,evening_commute
ST-3057,2.90725596836283,1.70797765335971,2,evening_commute
ST-3058,0.927927528267903,1.55860805143076,2,evening_commute
ST-3059,-1.33298849815891,-1.79093899412827,3,evening_commute
ST-306,-0.518307374644802,-1.46778638173681,3,evening_commute
ST-3060,-2.75331207775196,-1.67933181368883,3,evening_commute
ST-3061,-0.642678303221495,-1.87440052244838,3,evening_commute
ST-3062,1.12721302808941,-0.949521483053441,4,evening_commute
ST-3063,-0.725423783044877,1.26143109100438,1,evening_commute
ST-3064,0.629946577939563,-0.287314584171506,4,evening_commute
ST-3065,2.33479342920359,0.240375838576442,2,evening_commute
ST-3066,1.48085288107442,-0.693186598489002,4,evening_commute
ST-3067,-1.80927580126868,0.911848918409899,1,evening_commute
ST-3068,-1.45262094796051,-1.6842637156405,3,evening_commute
ST-3069,1.10041832695849,-0.179630034440714,4,evening_commute
ST-307,-0.159939195244748,-1.79244777815981,3,evening_commute
ST-3070,0.765458907870968,-0.663786522968799,4,evening_commute
ST-3071,0.958280247509444,1.07509849089261,2,evening_commute
ST-3072,-0.672271036164827,-2.24298346031319,3,evening_commute
ST-3073,-1.32318237870292,-2.58612904678103,3,evening_commute
ST-3075,-1.45785278523129,0.0652202673665861,1,evening_commute
ST-3076,1.22245032870541,0.396964971261153,2,evening_commute
ST-3077,1.94017203156332,-0.000522872969293151,4,evening_commute
ST-3078,2.09139469124505,-0.503686806031738,4,evening_commute
ST-3079,1.67365797740234,-0.288702116962381,4,evening_commute
ST-308,-0.492228758663991,-1.67727297513794,3,evening_commute
ST-3080,0.176800840563183,0.264211500968999,4,evening_commute
ST-3081,0.925651019945587,-0.345749016995045,4,evening_commute
ST-3082,-0.132442854385244,-0.538272838396078,4,evening_commute
ST-3083,1.67259030321362,-0.423075413315001,4,evening_commute
ST-3084,-2.01041364143099,-1.492753007761,3,evening_commute
ST-3085,-0.00499459387070377,1.10218569503485,1,evening_commute
ST-3086,2.12306922999422,0.385274407421806,2,evening_commute
ST-3087,0.271565927223707,1.86376644030305,2,evening_commute
ST-3088,-1.54735818093558,-0.0686827771597787,1,evening_commute
ST-3089,-1.41080078124405,-1.52250977862963,3,evening_commute
ST-309,-1.16258359742497,-1.7511199228101,3,evening_commute
ST-3090,-1.90993053008474,0.282726066348725,1,evening_commute
ST-3091,-0.0522896167998019,2.35339683059574,2,evening_commute
ST-3092,0.845474365487975,1.19241555432338,2,evening_commute
ST-3093,-0.235969985002712,2.3454951620492,1,evening_commute
ST-3094,-2.01102771580589,-1.54974037009723,3,evening_commute
ST-3095,0.801752119775967,-1.06284478333795,4,evening_commute
ST-3096,1.50697832767935,-0.791586635772173,4,evening_commute
ST-3097,-0.456807270538531,1.70113169466079,1,evening_commute
ST-3098,0.352715967962707,-0.0824317132575543,4,evening_commute
ST-3099,-0.226582165673889,-1.230231335381,3,evening_commute
ST-31,0.464534053082051,-0.908099145006274,4,evening_commute
ST-310,-1.33966852032616,-1.71998255914916,3,evening_commute
ST-3100,-2.2032225078522,-1.31534508698519,3,evening_commute
ST-3101,0.190303515799622,1.06121405633611,2,evening_commute
ST-3102,-0.0910176916525402,-1.16817569148062,4,evening_commute
ST-3103,-1.0069209070089,0.909575761351579,1,evening_commute
ST-3104,-1.15280159277147,-1.75542969731101,3,evening_commute
ST-3105,-0.534844329322294,-0.0146321306562961,1,evening_commute
ST-3106,1.72446533310078,-0.284191788089456,4,evening_commute
ST-3107,-1.04316076210428,0.244944940238886,1,evening_commute
ST-3108,2.26223271176111,0.185140023355881,2,evening_commute
ST-3109,2.00782247858325,0.772074044962692,2,evening_commute
ST-311,-1.25558411502,-1.7371872555009,3,evening_commute
ST-3110,-0.524962621357709,1.3888071936692,1,evening_commute
ST-3111,1.59045006964278,-0.496378770377185,4,evening_commute
ST-3112,1.85078915901808,-0.216825380303106,4,evening_commute
ST-3113,0.861376179182929,-0.837774239732432,4,evening_commute
ST-3114,1.08991016174365,-0.52751458081562,4,evening_commute
ST-3115,1.75231763249998,1.02197374125629,2,evening_commute
ST-3116,-0.494073470487308,1.4138070418125,1,evening_commute
ST-3117,-0.616263959123891,-0.289468990842904,1,evening_commute
ST-3118,-1.77404955321225,-1.52615321933734,3,evening_commute
ST-3119,0.195855179092896,1.80637392585533,2,evening_commute
ST-312,-0.98627612983106,-1.80914698743157,3,evening_commute
ST-3120,0.252969566865296,-1.38821155351596,4,evening_commute
ST-3121,0.460125336267338,-1.82026766559017,4,evening_commute
ST-3122,-0.0658675064537607,0.885406101713329,1,evening_commute
ST-3123,-0.762821963520758,1.61018821160866,1,evening_commute
ST-3124,-1.44511309884359,-1.2865383894164,3,evening_commute
ST-3125,-1.32091716778601,-1.90575363407543,3,evening_commute
ST-3126,1.28424356666859,2.0174549534125,2,evening_commute
ST-3127,1.3901910446124,-0.06097834943017,4,evening_commute
ST-3128,-2.60422379458108,-1.27920161223443,3,evening_commute
ST-3129,-2.46782979841952,-0.994136336173988,3,evening_commute
ST-313,-1.6786999797746,-1.19845549216429,3,evening_commute
ST-3130,0.181485135330631,-0.526190800795956,4,evening_commute
ST-3131,1.07639431265549,-0.618952941095041,4,evening_commute
ST-3132,0.340171147263333,-0.202202986651487,4,evening_commute
ST-3133,0.915681801579429,-0.28944027019104,4,evening_commute
ST-3134,-0.780851031096908,1.80195805227366,1,evening_commute
ST-3135,0.323388491769755,0.209232523522428,4,evening_commute
ST-3136,-1.33936942406364,-2.44318999005929,3,evening_commute
ST-3137,-2.60157415945451,-1.18563627910693,3,evening_commute
ST-3138,0.395404767842464,-0.129269548701615,4,evening_commute
ST-3139,1.01918962589441,-0.948520130026241,4,evening_commute
ST-314,-1.09517974118916,3.00374814688758,1,evening_commute
ST-3140,0.754368725831335,-1.24884395736537,4,evening_commute
ST-3141,1.12686939930956,-0.761932388481992,4,evening_commute
ST-3142,-0.538072778955342,-1.78237987131004,3,evening_commute
ST-3143,-0.776336703666217,0.40981622653986,1,evening_commute
ST-3144,1.73128121517731,1.111037043196,2,evening_commute
ST-3145,-2.57141969312134,-1.50880150848569,3,evening_commute
ST-3146,-1.56969788550991,-0.88835644823348,3,evening_commute
ST-3147,0.51567638591725,0.641627040195334,2,evening_commute
ST-3148,0.904462182765819,-0.426848786758956,4,evening_commute
ST-3149,-0.988443919103071,1.54118459175212,1,evening_commute
ST-315,-1.24225930441587,-1.66246805946292,3,evening_commute
ST-3150,0.675159688329364,-0.0209122379795262,4,evening_commute
ST-3151,0.682087543966047,-0.0465822046808433,4,evening_commute
ST-3152,0.632890515850044,1.08031668383476,2,evening_commute
ST-3153,1.36445967802501,-0.0734355389982297,4,evening_commute
ST-3154,0.982133536885373,1.0468493029236,2,evening_commute
ST-3155,-0.561797953403451,-0.30270916676392,1,evening_commute
ST-3156,-1.56816952578382,1.82138541303729,1,evening_commute
ST-3157,1.27332972703771,1.56897069242213,2,evening_commute
ST-3158,-0.853607051616667,0.302017060411107,1,evening_commute
ST-3159,0.112795645665553,0.390933574138659,1,evening_commute
ST-316,-1.91191647117333,-0.911518303486095,3,evening_commute
ST-3160,0.129713210678533,-1.54335016977851,4,evening_commute
ST-3161,-0.542082545694073,-0.242511117806963,1,evening_commute
ST-3162,1.49083758974047,-0.465866631165177,4,evening_commute
ST-3163,-1.35481643982946,-1.87522384118266,3,evening_commute
ST-3164,1.54561494335107,-1.24628212571471,4,evening_commute
ST-3165,-0.980931730487402,-0.0737620297006334,1,evening_commute
ST-3166,-0.706345993647402,1.17482721953689,1,evening_commute
ST-3167,0.146870262649688,0.990617964510203,2,evening_commute
ST-3168,-0.140969426699837,0.147888348993485,1,evening_commute
ST-3169,1.13429613476963,0.0412299211827939,4,evening_commute
ST-317,-1.14277307520218,-1.62874018588546,3,evening_commute
ST-3170,-0.312809603476617,-1.21207150043638,3,evening_commute
ST-3171,-0.418039635238741,-1.22120980127663,3,evening_commute
ST-3172,0.321525685695377,1.68651672009383,2,evening_commute
ST-3173,0.0764987322316009,0.563892913645308,1,evening_commute
ST-3174,0.0406654370819925,1.16352378241288,2,evening_commute
ST-3175,-0.346097440444541,1.12782028016683,1,evening_commute
ST-3176,-0.139783901950662,1.50245342018592,1,evening_commute
ST-3177,-0.0628702878741705,0.96989755150465,1,evening_commute
ST-3178,1.96058156179296,0.66812142115263,2,evening_commute
ST-3179,1.63047073548531,0.570921716977057,2,evening_commute
ST-318,-1.41043078026322,-1.27886683079773,3,evening_commute
ST-3180,1.47003953274869,0.660623354074368,2,evening_commute
ST-3181,1.52122393264739,1.06833355151431,2,evening_commute
ST-3182,-1.29767476775748,-0.926770090904827,3,evening_commute
ST-3183,0.828564462129207,2.79803791711784,2,evening_commute
ST-3184,1.08255944956548,1.34278146513345,2,evening_commute
ST-3185,1.75945014659242,1.06983623409164,2,evening_commute
ST-3186,0.927971092763272,2.56491541370471,2,evening_commute
ST-3187,-0.759302904576657,-2.08990392436587,3,evening_commute
ST-3188,0.591419558843866,-1.90086652600828,4,evening_commute
ST-3189,-1.14828230659394,0.849072954279164,1,evening_commute
ST-319,-1.63236030490589,-0.966815016658321,3,evening_commute
ST-3192,0.834145802805144,1.36135744767219,2,evening_commute
ST-3193,0.639826912743696,1.20546644173256,2,evening_commute
ST-3194,-1.52570086114077,-0.840182821067367,3,evening_commute
ST-3195,-1.54045954663447,-0.634006342174187,3,evening_commute
ST-3196,-1.71933279704697,0.74711504059051,1,evening_commute
ST-3197,0.240241613016132,1.81395388661543,2,evening_commute
ST-3198,-0.733567739305855,-0.199553849777701,1,evening_commute
ST-3199,1.61510462011024,-1.72789603604304,4,evening_commute
ST-32,0.689265656591696,-0.772066201953748,4,evening_commute
ST-320,-1.82555906013333,-1.08383705804909,3,evening_commute
ST-3200,-0.662231506479904,-1.3874327245303,3,evening_commute
ST-3201,1.3451195104453,1.74288917604733,2,evening_commute
ST-3202,-1.23088237807351,0.250503120898701,1,evening_commute
ST-3203,-0.105953998552915,0.222306084913545,1,evening_commute
ST-3204,-0.501313828000879,-1.6445723861157,3,evening_commute
ST-3205,0.645544874823164,-1.9087928293756,4,evening_commute
ST-3206,-1.52675298321261,0.241201360277911,1,evening_commute
ST-3207,1.82801423651859,0.49228498892051,2,evening_commute
ST-3208,1.85770275137047,-0.62611628372298,4,evening_commute
ST-3209,0.524680332690041,-0.0275570389552817,4,evening_commute
ST-321,-1.69012922571092,-0.975559856378402,3,evening_commute
ST-3210,-0.953944836627434,0.107393529673398,1,evening_commute
ST-3211,-0.638350561384072,1.73168432710656,1,evening_commute
ST-3212,-0.842046517645436,-1.91612285252166,3,evening_commute
ST-3213,-0.448634175073103,-0.609043397902668,3,evening_commute
ST-3214,1.20554646243783,-0.246732471371775,4,evening_commute
ST-3215,-1.5393623047215,-1.17290681994391,3,evening_commute
ST-3216,1.59057994323591,1.69443193639654,2,evening_commute
ST-3217,1.52394523161465,0.947595901404498,2,evening_commute
ST-3218,-0.29843502238401,1.72035010073012,1,evening_commute
ST-3219,-1.80772557584998,0.564027225637341,1,evening_commute
ST-322,0.32291972135111,0.0463187544394588,4,evening_commute
ST-3220,2.10428922730291,0.592542531862694,2,evening_commute
ST-3221,1.93664894859534,1.05525652703538,2,evening_commute
ST-3222,-1.22738287839402,-0.0745969893997235,1,evening_commute
ST-3223,-1.40852598179103,0.328912823993879,1,evening_commute
ST-3224,-1.60713830151104,-1.11829877009745,3,evening_commute
ST-3225,-1.51220834824327,-0.755145320977726,3,evening_commute
ST-3226,-2.2641060036983,-1.37778120433359,3,evening_commute
ST-3227,-0.844546765895696,-1.6340092875201,3,evening_commute
ST-3228,-1.03532250641001,-0.741536379268294,3,evening_commute
ST-3229,-1.42864552159903,2.59467653498496,1,evening_commute
ST-3230,0.859050435259398,0.753439613909165,2,evening_commute
ST-3231,-0.767835731341334,2.43985225742241,1,evening_commute
ST-3232,0.810089765776935,0.0305289353849186,4,evening_commute
ST-3233,0.247706429812787,-0.249895452647369,4,evening_commute
ST-3234,0.694090701316051,0.157770347901876,4,evening_commute
ST-3235,-0.509774896444782,-1.74520080672428,3,evening_commute
ST-3236,-1.81104983403898,0.557446338655227,1,evening_commute
ST-3237,-1.31248630132403,-0.519465428940926,3,evening_commute
ST-3238,-0.68672291230415,-1.76076943642556,3,evening_commute
ST-3239,0.164723977017782,-1.28578727755851,4,evening_commute
ST-324,1.32874749689249,-0.224365580212751,4,evening_commute
ST-3240,1.69196635145616,0.0495030652671337,4,evening_commute
ST-3241,-1.08890607939488,-1.54228828463541,3,evening_commute
ST-3242,0.834355794427568,0.743252648743388,2,evening_commute
ST-3243,1.59376235476721,-0.40628740430671,4,evening_commute
ST-3244,0.654293280292212,-1.23854040080514,4,evening_commute
ST-3245,0.936040240298817,1.51287489110151,2,evening_commute
ST-3247,1.1756818536941,1.28914867992628,2,evening_commute
ST-3248,0.383459595031479,-0.0821202388714412,4,evening_commute
ST-3249,1.50508629453711,-0.743586797432883,4,evening_commute
ST-325,2.90812897724892,-0.777224866716972,4,evening_commute
ST-3250,-1.06422332475855,-0.91611258319971,3,evening_commute
ST-3251,-2.54812178368169,-1.35148418708613,3,evening_commute
ST-3252,-1.15066834157447,-0.72290194909066,3,evening_commute
ST-3253,0.28634668469987,0.566543684073246,2,evening_commute
ST-3254,1.81839166218641,-0.733441134170196,4,evening_commute
ST-3255,-0.733604890016278,0.135243194077924,1,evening_commute
ST-3256,-0.377231175825046,1.05131523251873,1,evening_commute
ST-3257,1.35558045616085,1.16698032388585,2,evening_commute
ST-3258,-0.967575411493361,-0.445318690518837,3,evening_commute
ST-3259,-2.54724241633079,-1.32275075431955,3,evening_commute
ST-326,0.195625139794152,0.192581008127653,4,evening_commute
ST-3260,-2.52473936427654,-1.31705434889085,3,evening_commute
ST-3261,-2.54591827170665,-1.21686485709637,3,evening_commute
ST-3262,-0.647286301096321,1.43632424607692,1,evening_commute
ST-3263,-2.50542477558764,-1.26270334586022,3,evening_commute
ST-3264,0.15147887180689,0.903784673388287,2,evening_commute
ST-3265,-0.0251412182072531,-1.48464427203692,4,evening_commute
ST-3266,-0.352476523319354,1.72723774787051,1,evening_commute
ST-3267,-0.313926758498835,-0.971029693818394,3,evening_commute
ST-3268,1.7740470934241,0.444622364923938,2,evening_commute
ST-3269,-0.093490351091516,1.63961129516749,1,evening_commute
ST-327,0.479438167770648,-0.064875616141785,4,evening_commute
ST-3270,0.872585176547367,2.34027582936371,2,evening_commute
ST-3271,-0.449452603860977,-0.610579962394636,3,evening_commute
ST-3272,0.966141934827231,-1.06069507552432,4,evening_commute
ST-3273,0.930081957465076,0.784700815149032,2,evening_commute
ST-3274,-0.535830306563439,1.56136907417146,1,evening_commute
ST-3275,-0.0489255978402509,0.362213383856576,1,evening_commute
ST-3276,-1.73790176430532,-0.897300203322881,3,evening_commute
ST-3277,-0.191712562529513,-1.03703311533743,4,evening_commute
ST-3278,-0.534159236991203,1.75122294807472,1,evening_commute
ST-3279,0.708317922632389,-1.21932640740139,4,evening_commute
ST-328,-0.215959224595138,-0.298272667274554,4,evening_commute
ST-3280,-0.37276727983008,1.69190677838899,1,evening_commute
ST-3281,-1.96175725765332,-1.36795813804706,3,evening_commute
ST-3282,0.109530427635991,0.879907217070013,2,evening_commute
ST-3283,-0.760932794402295,-1.04424888121383,3,evening_commute
ST-3284,-2.4648422143195,-1.05381207753806,3,evening_commute
ST-3285,0.898937466514284,1.37619233490863,2,evening_commute
ST-3286,-0.659002576191553,-0.405411149478006,3,evening_commute
ST-3287,-0.678632380734261,1.99818613548623,1,evening_commute
ST-3288,-0.434654108867229,1.81187176463083,1,evening_commute
ST-3289,-0.438849261585331,1.07707455026133,1,evening_commute
ST-329,1.22387982400814,-0.344989941476319,4,evening_commute
ST-3290,0.327798666125334,0.824637994126676,2,evening_commute
ST-3291,-0.781882249190765,0.44513856143876,1,evening_commute
ST-3292,-0.487991905861324,1.61752873365171,1,evening_commute
ST-3293,1.37224388762691,0.993543914142272,2,evening_commute
ST-3294,1.6389949013838,1.43435429815941,2,evening_commute
ST-3295,0.815530057376984,-0.449698134734419,4,evening_commute
ST-3296,2.14533733276011,2.39422485978666,2,evening_commute
ST-3297,-1.68477802827741,0.0195678257546497,1,evening_commute
ST-3298,1.85067278500685,1.45592728050035,2,evening_commute
ST-3299,0.217326886465729,2.30388318817655,2,evening_commute
ST-33,0.954500718902632,-1.01255751357582,4,evening_commute
ST-330,1.01502841537248,-0.325295338076076,4,evening_commute
ST-3300,0.847050767643394,-0.299483513941431,4,evening_commute
ST-3301,-0.401550241984452,1.76847373624732,1,evening_commute
ST-3302,1.52531822647281,1.17734870618137,2,evening_commute
ST-3303,-1.37046464582001,-1.07188439186832,3,evening_commute
ST-3304,-1.10682878005115,-1.62517602904258,3,evening_commute
ST-3305,-0.904411630103806,0.239013334833396,1,evening_commute
ST-3306,-1.4974719293473,-1.00484662077517,3,evening_commute
ST-3307,1.75339742445065,1.34639577897817,2,evening_commute
ST-3308,-0.654953270003142,2.99607545588981,1,evening_commute
ST-3309,0.729821828066487,-1.67688963201819,4,evening_commute
ST-331,0.880290265447349,-0.141261578405495,4,evening_commute
ST-3310,1.90956006180106,-0.270522471702655,4,evening_commute
ST-3311,-0.875352208901836,-0.998801307668209,3,evening_commute
ST-3312,0.27158210931668,0.181919797583699,4,evening_commute
ST-3313,-1.13612007671392,-1.84763361390432,3,evening_commute
ST-3314,-0.700799791171561,-1.61517883915136,3,evening_commute
ST-3315,-0.594872870180695,-1.85891424853974,3,evening_commute
ST-3316,-0.270599886867799,-0.863066079901216,4,evening_commute
ST-3317,-0.617002910139703,-0.41524620747508,3,evening_commute
ST-3318,-0.377748993642631,-2.12275748286726,3,evening_commute
ST-3319,-0.0475763018762803,-1.29002206354442,4,evening_commute
ST-332,0.69607266032331,0.0948100143715009,4,evening_commute
ST-3320,-0.789731088114001,-0.795824996498483,3,evening_commute
ST-3321,-0.257828810738068,0.122669837417186,1,evening_commute
ST-3322,-0.756432806718244,-1.88535375538907,3,evening_commute
ST-3323,-0.582679714281497,-1.81705416400093,3,evening_commute
ST-3324,-2.49776495328242,-1.2150720371729,3,evening_commute
ST-3325,0.60222109826839,-1.81710680654769,4,evening_commute
ST-3326,0.505473215863003,-1.95509642096365,4,evening_commute
ST-3327,-2.05391719692856,-0.890437491174276,3,evening_commute
ST-3328,-0.223584729239908,-0.958220944348907,4,evening_commute
ST-3329,0.430021967730137,0.648706706010884,2,evening_commute
ST-333,1.31167531254762,1.49880246286307,2,evening_commute
ST-3330,-0.718811524308197,-1.8561598702539,3,evening_commute
ST-3331,-0.874878552013029,-1.83862387993108,3,evening_commute
ST-3332,2.17388572362465,0.0286890225061497,4,evening_commute
ST-3333,-0.878467756086702,-0.178518027908362,1,evening_commute
ST-3334,0.0990206937901352,-1.10165447814018,4,evening_commute
ST-3335,-0.291169983293428,1.48190168364117,1,evening_commute
ST-3336,-0.286642743983709,1.6585962248335,1,evening_commute
ST-3337,-2.01425556005205,-1.44796006594716,3,evening_commute
ST-3338,-0.323602755532896,1.73613458479538,1,evening_commute
ST-3339,-0.840687347793289,1.62399517350113,1,evening_commute
ST-334,0.361781537844416,-0.166664501138801,4,evening_commute
ST-3340,0.504924926477636,-1.86437767128004,4,evening_commute
ST-3341,-1.55034258229802,-0.857414907037313,3,evening_commute
ST-3342,-0.491899447793733,0.218184996934892,1,evening_commute
ST-3343,1.0925804545114,0.0932722836320257,4,evening_commute
ST-3344,0.0689873909557162,0.442406445790282,1,evening_commute
ST-3345,-0.241854942048604,-0.0690961264478674,1,evening_commute
ST-3346,0.141770780267249,0.46472162647999,1,evening_commute
ST-3347,0.816111880637832,-0.928816398838104,4,evening_commute
ST-3348,1.72006381814071,0.187203688076996,2,evening_commute
ST-3349,1.35565384840839,-1.24689330751461,4,evening_commute
ST-335,1.13909575269545,-0.363294311525603,4,evening_commute
ST-3350,1.92889882566561,0.726086380577179,2,evening_commute
ST-3351,0.189003668616383,-1.94591116304592,4,evening_commute
ST-3352,-0.121838049207563,1.34732739589689,1,evening_commute
ST-3353,0.0420201107678787,-1.03418873195361,4,evening_commute
ST-3354,-1.39123326821474,0.111189577982663,1,evening_commute
ST-3355,0.187816991837091,-0.406850161469753,4,evening_commute
ST-3356,-1.15088324800957,-0.0306270277451065,1,evening_commute
ST-3357,0.0706085059847473,0.848897425758988,2,evening_commute
ST-3358,-0.276336995599114,1.57834572264189,1,evening_commute
ST-3359,-0.775444701621028,-0.905446783378836,3,evening_commute
ST-336,-1.37330729223633,0.0262540141021507,1,evening_commute
ST-3360,2.481364935506,0.208868837508208,2,evening_commute
ST-3361,2.04788424505067,0.783643358480104,2,evening_commute
ST-3362,-0.592201545177041,-0.220523976785892,1,evening_commute
ST-3363,-0.487076052219738,-0.653432881390766,3,evening_commute
ST-3364,1.75164881411086,1.2611576221329,2,evening_commute
ST-3365,-2.02088240978366,-1.4100579879705,3,evening_commute
ST-3366,-0.0553414836681055,1.79446894395115,2,evening_commute
ST-3367,0.908998112982122,-1.94644504645598,4,evening_commute
ST-3368,0.252362788443,1.8538132965716,2,evening_commute
ST-3369,1.0724926674373,-1.17114054469233,4,evening_commute
ST-337,-0.0267958319554301,2.08356335931044,2,evening_commute
ST-3370,-2.51027028291931,-1.22919147788779,3,evening_commute
ST-3371,-2.51324121667589,-1.31672081452528,3,evening_commute
ST-3372,-0.1926945943518,1.62618585211357,1,evening_commute
ST-3373,-0.034480164003812,1.78366604150551,2,evening_commute
ST-3374,-0.634756404038122,-1.83271909666075,3,evening_commute
ST-3375,-0.00891153071302849,-1.86746903123942,4,evening_commute
ST-3376,0.744605074383644,1.23812106176232,2,evening_commute
ST-3377,-0.480693489459123,-2.04750084278623,3,evening_commute
ST-3378,-0.174957237154108,0.262926131967946,1,evening_commute
ST-3379,2.27568337345434,0.319951007982204,2,evening_commute
ST-338,-1.04354444787302,-0.18946545657532,1,evening_commute
ST-3380,-0.0230791916304764,-0.566745049280943,4,evening_commute
ST-3381,-1.07385348646018,0.176953124071715,1,evening_commute
ST-3382,-0.537735407173875,-0.380620180741723,1,evening_commute
ST-3383,-0.765680650760612,-1.87549498803405,3,evening_commute
ST-3384,1.15349254831681,0.762607942076745,2,evening_commute
ST-3385,1.80945115675767,1.09788114415633,2,evening_commute
ST-3386,1.96542198325667,-0.874516280954057,4,evening_commute
ST-3388,0.9602866194646,-0.771866110372171,4,evening_commute
ST-3389,1.8302660606226,-0.60687693687704,4,evening_commute
ST-339,0.618038461698962,-0.686887409669592,4,evening_commute
ST-3390,0.884530473628612,-1.63654422297542,4,evening_commute
ST-3391,1.52140829728542,-0.543122134642817,4,evening_commute
ST-3392,-0.444926659706853,0.303880891630828,1,evening_commute
ST-3393,0.914213004988942,-0.934993655606014,4,evening_commute
ST-3394,2.08716580212879,-0.442792737625017,4,evening_commute
ST-3396,-3.05850426622799,2.12571101327731,1,evening_commute
ST-3397,0.311520051999383,-2.13003673632509,4,evening_commute
ST-3398,-0.871243209279519,-1.68577713055427,3,evening_commute
ST-3399,0.806785185889176,1.8525969228338,2,evening_commute
ST-34,2.82182398075308,0.442370281934931,2,evening_commute
ST-340,1.27117379685517,-1.20097978243236,4,evening_commute
ST-3400,-2.03143033078051,-0.0318429306277535,1,evening_commute
ST-3401,3.41683055328072,-1.20814428439503,4,evening_commute
ST-3402,3.56434554478876,-1.20023515781979,4,evening_commute
ST-3403,3.77133751801468,-0.856283779765223,4,evening_commute
ST-3404,-3.40885829165314,0.238443491991396,1,evening_commute
ST-3405,-1.23567902895231,0.20005799632262,1,evening_commute
ST-3406,-2.54969858514814,0.700460100737668,1,evening_commute
ST-3407,-1.24024184854641,2.73496647531702,1,evening_commute
ST-3408,-0.397779226051509,3.08736042192457,1,evening_commute
ST-3409,0.423927944632514,2.61934876749008,2,evening_commute
ST-341,1.20825241462031,-1.12915210110805,4,evening_commute
ST-3410,-0.550665828041027,2.19568507432821,1,evening_commute
ST-3411,1.1004801231193,3.06764635078287,2,evening_commute
ST-3412,0.872106019905582,2.75907544855405,2,evening_commute
ST-3413,-0.730146475534649,2.81702564480794,1,evening_commute
ST-3414,-1.21956835841884,2.9113836785217,1,evening_commute
ST-3415,-2.0402682063313,1.42152837709892,1,evening_commute
ST-3416,-0.895985096183187,2.97849615296746,1,evening_commute
ST-3417,-3.33746242678582,1.29099068398127,1,evening_commute
ST-3418,-1.22782876570985,2.87281324124566,1,evening_commute
ST-3419,-1.63181062107558,2.22948551921651,1,evening_commute
ST-342,1.10679568200147,-1.12264292874481,4,evening_commute
ST-3420,2.09117136506756,1.60864912738405,2,evening_commute
ST-3421,-2.86680519168977,-0.929829431771376,3,evening_commute
ST-3422,-1.26870673685149,2.24039591096562,1,evening_commute
ST-3423,-1.91553805656026,1.02415557723949,1,evening_commute
ST-3424,-2.66477450902196,0.837791561678018,1,evening_commute
ST-343,0.292436040473257,-1.03882673881445,4,evening_commute
ST-344,1.180763960824,-1.25552053334701,4,evening_commute
ST-345,0.772296183346916,-1.1767615014072,4,evening_commute
ST-346,0.86629779515452,-0.459503278378984,4,evening_commute
ST-347,1.01070532006537,-0.778842172520016,4,evening_commute
ST-348,1.35251304854387,-0.912755811039617,4,evening_commute
ST-349,1.08705531212898,-1.00868302336,4,evening_commute
ST-35,0.96531277408522,-0.92336393349365,4,evening_commute
ST-350,0.807292366000999,-1.1167490561351,4,evening_commute
ST-351,1.32055004098301,-1.00947604395654,4,evening_commute
ST-352,1.38801961468298,-1.27322198776327,4,evening_commute
ST-354,-1.02658446313936,0.178278772987677,1,evening_commute
ST-357,0.804955185398566,-0.413889640562235,4,evening_commute
ST-358,-0.707561717244028,0.0377298093231668,1,evening_commute
ST-359,-0.668617089945764,-0.729795939784764,3,evening_commute
ST-36,0.455702071840188,-0.85172531047932,4,evening_commute
ST-360,0.133498275933436,-0.56913362053303,4,evening_commute
ST-361,0.339217139711771,-1.41529332539537,4,evening_commute
ST-362,0.639912258590581,-1.64600645552086,4,evening_commute
ST-363,1.25018946645045,3.12939356462304,2,evening_commute
ST-364,0.423803769922946,-1.767244855958,4,evening_commute
ST-365,1.80416420050269,-0.656138715420825,4,evening_commute
ST-366,0.70240844444861,-0.699592572652171,4,evening_commute
ST-368,-2.3078217584736,0.244094563406457,1,evening_commute
ST-369,-0.924023979614752,-0.00550133033772648,1,evening_commute
ST-37,1.08335765327258,-0.927541724286317,4,evening_commute
ST-370,-0.024757322670564,-0.438768325577103,4,evening_commute
ST-371,-0.144635632774852,-1.38095431839369,4,evening_commute
ST-372,-0.0861108271172203,-0.994056723323767,4,evening_commute
ST-373,2.377196271298,0.358615856628837,2,evening_commute
ST-374,-0.075913130230751,0.393460035684979,1,evening_commute
ST-375,0.603701234266302,-1.82183048152002,4,evening_commute
ST-376,-0.176728699380313,-0.346899989077442,4,evening_commute
ST-377,0.895480676153497,-2.00442487100762,4,evening_commute
ST-378,0.833539827502246,-2.05925592850139,4,evening_commute
ST-379,0.0165324759989542,-0.811889312837842,4,evening_commute
ST-38,0.843645488670715,3.16549998349403,2,evening_commute
ST-380,-2.30305126227104,-0.229251732230864,3,evening_commute
ST-381,0.517862526720156,-1.50685060816007,4,evening_commute
ST-382,0.345127625518481,-1.9797791292639,4,evening_commute
ST-383,0.848337669874921,2.549180153689,2,evening_commute
ST-384,0.631677201486526,-1.93721050123967,4,evening_commute
ST-385,0.665219662309733,-1.26940301424163,4,evening_commute
ST-386,-0.0892292892832024,-1.03480566565659,4,evening_commute
ST-387,0.870465764636561,-1.87638497756811,4,evening_commute
ST-388,0.804767583170321,-1.64624287333195,4,evening_commute
ST-389,-0.507281078908673,-0.466702806492186,3,evening_commute
ST-39,0.872359537174479,0.0202833348058451,4,evening_commute
ST-390,-0.407043268226014,-0.691187128935008,3,evening_commute
ST-391,-0.452204399094976,-0.400720615926842,1,evening_commute
ST-392,-0.823992036354315,-0.380182816296967,3,evening_commute
ST-393,-1.38187313661955,0.748392643932471,1,evening_commute
ST-394,0.145029488547575,-0.894749077002865,4,evening_commute
ST-395,-0.0112014877388561,-0.91360797241821,4,evening_commute
ST-396,-0.108241358485832,-0.272694580408006,4,evening_commute
ST-397,-0.759640199012654,-0.391132302962908,3,evening_commute
ST-398,-0.594078984162264,-0.46740137804602,3,evening_commute
ST-4,1.14553487653381,-1.18214659489137,4,evening_commute
ST-40,1.13549115826628,-0.794944315028674,4,evening_commute
ST-400,-0.633160106610588,-0.269477964354075,1,evening_commute
ST-401,-0.327968160570512,-0.0481526250899795,1,evening_commute
ST-402,-0.509467981461958,-0.26164177385828,1,evening_commute
ST-403,-0.488263267564737,-0.30017263291165,1,evening_commute
ST-404,-0.649546983914006,0.103400569166605,1,evening_commute
ST-405,-0.470669340535422,-0.548218362710467,3,evening_commute
ST-406,-0.579809255418566,-0.612639061353394,3,evening_commute
ST-407,-0.617201397855182,-0.0647979099397049,1,evening_commute
ST-408,-0.587997315329939,-0.296418183793945,1,evening_commute
ST-409,-0.595831673642634,-0.442610621304515,3,evening_commute
ST-41,0.228778219124067,-0.548409327015253,4,evening_commute
ST-410,0.0200670432795235,-0.961973049216033,4,evening_commute
ST-413,-0.865420665230718,-1.98618213277307,3,evening_commute
ST-414,-0.83835570091895,-1.80061850937167,3,evening_commute
ST-416,-0.851053883075493,-3.25809345552715,3,evening_commute
ST-417,-0.987707265001941,-1.75049989390167,3,evening_commute
ST-418,-0.891392050167198,-1.97255952045998,3,evening_commute
ST-419,-0.864411160405527,-1.93186234073698,3,evening_commute
ST-42,0.692504076730819,-0.772574436300455,4,evening_commute
ST-420,-0.886846450729736,-2.03761046162926,3,evening_commute
ST-421,-0.618876587242447,-2.10141375254029,3,evening_commute
ST-422,-0.723464970689235,-2.10389659514401,3,evening_commute
ST-424,-0.081707048990409,-1.96553576182884,3,evening_commute
ST-425,0.711287984140297,-0.976291728494413,4,evening_commute
ST-426,-0.533534470897377,-1.77224759342726,3,evening_commute
ST-428,-1.22024790971359,-1.95618168894488,3,evening_commute
ST-43,0.985216992366924,-0.681825143653155,4,evening_commute
ST-431,-0.979914119159203,-1.73394857262926,3,evening_commute
ST-432,-1.65049885834679,-0.719727170596532,3,evening_commute
ST-435,0.469530536362621,-0.0938127921244377,4,evening_commute
ST-436,0.601608811669659,-0.185497949816368,4,evening_commute
ST-437,-0.197167852377166,0.00734027112463908,1,evening_commute
ST-438,0.161755808175876,0.116592901757448,4,evening_commute
ST-439,-0.416722542512691,-0.175243156395881,1,evening_commute
ST-440,0.448572529589083,-0.101618690384276,4,evening_commute
ST-441,0.236863846521619,0.277332702075831,2,evening_commute
ST-442,1.13561698767383,-0.506495681577198,4,evening_commute
ST-443,1.22076935739827,-1.10510803066795,4,evening_commute
ST-444,-1.69808418202444,0.460681748015896,1,evening_commute
ST-445,0.245790233384037,-1.73587436825886,4,evening_commute
ST-446,0.682592243882508,-1.85722733529467,4,evening_commute
ST-447,-0.20225234659375,-0.959831153152171,4,evening_commute
ST-448,0.921732728829926,0.187971683333329,4,evening_commute
ST-449,0.214104412508963,2.00994537537649,2,evening_commute
ST-45,-1.1597362527014,-1.51353220136802,3,evening_commute
ST-450,1.38200903216352,1.79018899645733,2,evening_commute
ST-451,1.26604567532654,2.01853921065625,2,evening_commute
ST-452,1.23549685860414,2.00609981959366,2,evening_commute
ST-453,1.36833035566904,1.98715785949405,2,evening_commute
ST-454,1.21530372130214,0.163762288347163,4,evening_commute
ST-455,0.933874294225531,-0.0736531205846921,4,evening_commute
ST-456,1.25280203127721,0.166920487997658,4,evening_commute
ST-457,0.857831510023317,-0.354768205418008,4,evening_commute
ST-459,0.965260389032305,-0.0525811175680426,4,evening_commute
ST-46,0.0483577439258943,-1.59907374078531,4,evening_commute
ST-460,0.765418405809431,-0.628740801179107,4,evening_commute
ST-461,0.890791732120449,-0.0455839771513267,4,evening_commute
ST-462,1.14719131416439,-0.753587002227272,4,evening_commute
ST-463,1.01898235228264,-0.550149031106339,4,evening_commute
ST-464,0.957911924906181,0.19233157071119,4,evening_commute
ST-465,0.797107343016847,0.121486405495833,4,evening_commute
ST-467,0.882553426854801,0.410875335675278,2,evening_commute
ST-469,0.995992929949835,1.8639382926137,2,evening_commute
ST-47,-0.55941051608764,-1.81186603934033,3,evening_commute
ST-470,1.24629428172303,0.850042092395966,2,evening_commute
ST-471,1.71013541642345,1.45668076802527,2,evening_commute
ST-472,0.929443423032613,0.915266108598876,2,evening_commute
ST-473,0.652849892835642,0.408004223224539,2,evening_commute
ST-474,2.02514297875491,2.03715586874396,2,evening_commute
ST-475,1.24201591359495,0.427407365488617,2,evening_commute
ST-476,1.48115318622609,1.80189325911548,2,evening_commute
ST-478,0.85747931324247,-0.506402520375367,4,evening_commute
ST-479,1.04231223482806,0.00950646680491992,4,evening_commute
ST-48,-2.6457917427886,-0.360960731741214,3,evening_commute
ST-480,1.09346548593332,0.0383735041989724,4,evening_commute
ST-481,1.24341404534538,0.127458669179133,4,evening_commute
ST-482,0.801532378577375,-2.12708412503321,4,evening_commute
ST-483,0.847483064089496,-1.92662739936686,4,evening_commute
ST-484,-2.82484649892429,1.40554893044982,1,evening_commute
ST-485,0.340293907007684,0.737793177920649,2,evening_commute
ST-486,0.259717011872606,0.459030651529625,2,evening_commute
ST-487,0.338167054760452,0.180325946575096,4,evening_commute
ST-488,0.112596096236714,0.901393198452078,2,evening_commute
ST-490,0.111381671246149,1.44777345800695,2,evening_commute
ST-491,0.455966273146907,1.14535929707115,2,evening_commute
ST-492,0.225527720527009,0.332466466062275,2,evening_commute
ST-493,0.339636078898888,-0.0388341710152201,4,evening_commute
ST-494,0.295574054217813,-0.0502188211057478,4,evening_commute
ST-495,0.542054605125849,-0.20990449576428,4,evening_commute
ST-496,0.789040801985256,-0.619750954506034,4,evening_commute
ST-497,0.787968912932847,-0.587657733679194,4,evening_commute
ST-498,1.61549997496739,2.52279525785034,2,evening_commute
ST-499,0.435755717444683,1.08042706494356,2,evening_commute
ST-5,1.15268678793046,-1.33116583052675,4,evening_commute
ST-50,-0.690994233395286,-1.85954463211831,3,evening_commute
ST-500,0.0898579139884352,1.99710587031395,2,evening_commute
ST-501,0.108600373955855,0.0791652232743109,4,evening_commute
ST-502,0.689192012226915,-0.364587321813016,4,evening_commute
ST-503,0.713168047467298,-0.401832560498326,4,evening_commute
ST-504,0.137563836597331,1.89315393501314,2,evening_commute
ST-505,0.391742516074418,-0.340535850136459,4,evening_commute
ST-506,0.615223052967268,-1.8071565602631,4,evening_commute
ST-507,-2.44930894244918,-0.856036192866623,3,evening_commute
ST-508,-2.53328459416597,-0.986640731045642,3,evening_commute
ST-509,-2.49236409697329,-1.03321341259475,3,evening_commute
ST-51,-0.565861847045709,-1.84376996709352,3,evening_commute
ST-510,-2.53314138236182,-0.663245895449782,3,evening_commute
ST-511,-2.63996622023578,-0.780449176587226,3,evening_commute
ST-512,-2.44917664961,-1.22182589150082,3,evening_commute
ST-513,-2.55628775415797,-1.13691111209474,3,evening_commute
ST-514,-2.4776181396084,-1.17436156237997,3,evening_commute
ST-515,0.978084441284565,-2.39562007293083,4,evening_commute
ST-516,-1.93715924480287,-1.68482883136553,3,evening_commute
ST-517,-1.2577469997802,-1.74671840379663,3,evening_commute
ST-518,-1.98441391815015,-1.49147851127734,3,evening_commute
ST-519,-1.75577794940534,-1.74462376118808,3,evening_commute
ST-52,-0.318722762895554,-1.9734224872095,3,evening_commute
ST-520,2.81581225893971,-2.34995041721786,4,evening_commute
ST-522,-2.25672294371819,-1.37094076477044,3,evening_commute
ST-523,-2.22307621132146,-1.34049514090881,3,evening_commute
ST-524,-1.68420161355407,-0.848199507251088,3,evening_commute
ST-525,-2.03087491748291,-1.18532253411457,3,evening_commute
ST-526,-1.98965984991264,-1.33667260318942,3,evening_commute
ST-527,3.47788177549412,-0.400322163692239,4,evening_commute
ST-528,-1.38048250449221,-1.61291759553583,3,evening_commute
ST-53,-0.679154218719807,-1.8262389215173,3,evening_commute
ST-530,-1.54138534016968,-1.5526538839905,3,evening_commute
ST-531,-1.16096539448661,-1.4493490143764,3,evening_commute
ST-532,-0.910126082128911,-1.57516104618215,3,evening_commute
ST-533,-1.15921301871939,-1.48432124899098,3,evening_commute
ST-534,-1.06540029911472,-1.5737711155547,3,evening_commute
ST-535,-1.13677763454127,-1.34705231847359,3,evening_commute
ST-536,-1.53413872560591,-1.05450873582816,3,evening_commute
ST-537,2.54566071291842,-0.385338251282984,4,evening_commute
ST-538,-2.012165899564,-1.24497747162689,3,evening_commute
ST-539,1.75361638768081,-0.428891247115559,4,evening_commute
ST-540,1.85654266701168,-0.431364105141671,4,evening_commute
ST-541,0.797295339976571,-0.547231347673128,4,evening_commute
ST-542,1.09726488151876,-0.51137802322309,4,evening_commute
ST-543,0.682862676855147,0.63055549571341,2,evening_commute
ST-544,0.645288146307006,-0.107289785240099,4,evening_commute
ST-545,0.785103875992366,1.22878548605688,2,evening_commute
ST-546,1.71839358526889,-0.547814688472897,4,evening_commute
ST-547,1.73363518944393,-0.790295723744917,4,evening_commute
ST-548,1.69997997237282,-0.83909446435952,4,evening_commute
ST-549,0.954435105526242,1.19083570929053,2,evening_commute
ST-55,-0.359706139324653,-1.85156342208805,3,evening_commute
ST-550,1.56113924848379,-0.718509173195514,4,evening_commute
ST-551,1.57586130398447,-0.606574842057644,4,evening_commute
ST-553,1.57006708559672,-0.60787729928273,4,evening_commute
ST-555,1.26368371326198,-0.973485850799082,4,evening_commute
ST-558,0.103378104948799,0.345913736626066,1,evening_commute
ST-559,-0.572980690409274,0.628737221854505,1,evening_commute
ST-56,0.61095368813459,-2.959027848718,4,evening_commute
ST-560,-0.0680152434920383,0.178689912374343,1,evening_commute
ST-561,-0.344191354885641,-0.375101236070273,1,evening_commute
ST-562,0.257242492377383,0.108906956531859,4,evening_commute
ST-563,0.084645818068709,0.133999663176436,4,evening_commute
ST-564,-0.0102819759224274,0.191255575983682,1,evening_commute
ST-565,-0.439650292800365,0.261525846705106,1,evening_commute
ST-566,-0.378750389835838,-0.110315033136575,1,evening_commute
ST-567,2.65438832504246,-1.32383069221224,4,evening_commute
ST-568,-0.399033961373576,0.113169962485925,1,evening_commute
ST-569,0.454216092285443,1.60397584431186,2,evening_commute
ST-57,-1.64640080472898,-1.88808742763414,3,evening_commute
ST-570,0.376630325435262,0.501626103456517,2,evening_commute
ST-571,0.0819308629354359,0.259990129198608,1,evening_commute
ST-572,0.315961349750312,0.376434113428469,2,evening_commute
ST-573,0.0353052409845429,0.307909279090511,1,evening_commute
ST-574,0.0565656979932924,0.397962703399905,1,evening_commute
ST-575,3.69972908440624,-0.765653886947475,4,evening_commute
ST-577,2.10577206376734,-2.0872181088085,4,evening_commute
ST-578,-0.139626360493584,0.747104968765801,1,evening_commute
ST-579,-0.0921988390699252,0.59332430271898,1,evening_commute
ST-58,-1.40763005240661,2.2098576433723,1,evening_commute
ST-580,0.0101503156488748,0.767273361882205,1,evening_commute
ST-583,0.236524428731277,0.55004296134949,2,evening_commute
ST-584,0.59248546053552,0.984517705735996,2,evening_commute
ST-585,0.236133798328,0.672537780143066,2,evening_commute
ST-586,0.151873305067373,0.517531169340899,2,evening_commute
ST-587,0.349341437003677,0.502562751483007,2,evening_commute
ST-588,0.169580990542782,0.545527632143899,2,evening_commute
ST-589,-0.22965131815234,-0.487437945941623,4,evening_commute
ST-59,-0.568891139652251,-1.85525699109283,3,evening_commute
ST-590,0.0121889406284615,-0.658836788331242,4,evening_commute
ST-592,4.20467906640985,-0.848232728813464,4,evening_commute
ST-593,0.0722464809188925,0.93302330355539,2,evening_commute
ST-594,-0.267323232301225,0.559501574291732,1,evening_commute
ST-595,0.156911484521192,-0.566855580973802,4,evening_commute
ST-596,0.209928990598339,0.752141419627588,2,evening_commute
ST-597,2.01517178047252,1.3072722975716,2,evening_commute
ST-598,-2.62870728875943,1.97364864626655,1,evening_commute
ST-599,-0.226010003455939,-0.0968718780209952,1,evening_commute
ST-6,1.1756757748863,-1.50170866967522,4,evening_commute
ST-60,-0.309281196945653,-1.79836130929949,3,evening_commute
ST-600,0.0510959388095092,0.96866176961254,2,evening_commute
ST-601,3.06702084334288,-0.751875209475321,4,evening_commute
ST-602,-0.312691912334004,0.712235632203352,1,evening_commute
ST-603,0.29621287701867,0.762532160107197,2,evening_commute
ST-604,-0.0368227193304925,1.06215787988247,1,evening_commute
ST-605,-0.176030832788358,0.821004659779143,1,evening_commute
ST-606,-0.32766241088036,1.21859347052301,1,evening_commute
ST-607,-2.17952943775526,1.3406748517223,1,evening_commute
ST-608,-0.672658906450838,1.72075162219866,1,evening_commute
ST-609,-0.644034416363645,1.77666998482746,1,evening_commute
ST-61,-2.25422825644824,-0.442829426561649,3,evening_commute
ST-610,-0.631156511202673,1.20895115992693,1,evening_commute
ST-611,-0.564038221490817,1.33077781167411,1,evening_commute
ST-612,-0.0631754161804338,1.8488025398453,2,evening_commute
ST-613,0.373792615185558,1.64232413287109,2,evening_commute
ST-614,0.0615560663022648,1.77382792170147,2,evening_commute
ST-615,0.312028733307528,1.90104825341231,2,evening_commute
ST-616,0.428681368667962,1.68542242911342,2,evening_commute
ST-618,-2.85815102562021,-2.37255897154692,3,evening_commute
ST-619,-1.78176886293542,-0.374556757769954,3,evening_commute
ST-62,-0.242706266928621,-1.85111154789186,3,evening_commute
ST-620,-1.64113090502627,-0.603133647533339,3,evening_commute
ST-621,-1.59881338270476,-0.893019003376331,3,evening_commute
ST-622,-1.79608825133796,-0.460209319027239,3,evening_commute
ST-623,-1.86062316707931,-0.540387208560573,3,evening_commute
ST-624,-1.87614907279542,0.614030935153233,1,evening_commute
ST-625,-1.76241415395368,0.606694070793663,1,evening_commute
ST-626,1.29629465977077,1.40858751597904,2,evening_commute
ST-628,-1.62861999074999,-0.0814250686381183,1,evening_commute
ST-629,-1.99541542070624,0.855663375660262,1,evening_commute
ST-63,-0.210797237835082,-1.80774484115738,3,evening_commute
ST-630,2.76249416341187,1.63993000625752,2,evening_commute
ST-631,-1.89034939690179,0.926570618923349,1,evening_commute
ST-632,-1.66157747496413,-0.440034885817041,3,evening_commute
ST-633,-1.66651425645635,0.120473224684757,1,evening_commute
ST-634,-1.86744427761985,-0.197780165956406,3,evening_commute
ST-635,-0.789586327888198,-0.0562611062228884,1,evening_commute
ST-636,-1.91497167367825,0.877117599862439,1,evening_commute
ST-637,-1.83644001272971,0.540816604956355,1,evening_commute
ST-638,-1.68672052132018,0.672065196845649,1,evening_commute
ST-639,-1.98772432438534,0.785285452047341,1,evening_commute
ST-64,0.217983239996813,-1.57394855780243,4,evening_commute
ST-640,-1.25150674442759,-0.904515096256073,3,evening_commute
ST-641,-1.82449223815138,-0.92963554439335,3,evening_commute
ST-642,-1.9681702312876,0.980857365667828,1,evening_commute
ST-643,0.982907121524095,1.00356799711608,2,evening_commute
ST-644,0.533472014911463,1.15136698739795,2,evening_commute
ST-645,1.07781846639037,1.04107500029659,2,evening_commute
ST-646,1.11313889280828,0.959821625818354,2,evening_commute
ST-647,1.72439971842254,0.423033312627443,2,evening_commute
ST-648,0.798605742073381,0.23808025663185,2,evening_commute
ST-65,1.44842691918607,-0.8924859030708,4,evening_commute
ST-650,0.684502199503104,0.948199865169466,2,evening_commute
ST-651,1.08397609799863,1.18748938105094,2,evening_commute
ST-652,1.15453884509069,1.11552522381174,2,evening_commute
ST-654,0.98333585155242,0.954331201359981,2,evening_commute
ST-655,-0.425337901284938,0.0431939516595147,1,evening_commute
ST-657,-0.0626219908230054,1.50512633133824,1,evening_commute
ST-658,0.0883788987429271,1.91058115574933,2,evening_commute
ST-66,-0.10414531822254,-1.87859389661881,3,evening_commute
ST-660,-1.6837004549193,-0.349526247236785,3,evening_commute
ST-661,-1.88368709191034,1.04053848306454,1,evening_commute
ST-662,-1.45094295603635,-1.19486998602448,3,evening_commute
ST-663,-1.37385236722006,-1.28229630837278,3,evening_commute
ST-664,-1.20855991243983,-1.32529328368991,3,evening_commute
ST-665,-1.48617342040827,-0.819569073467305,3,evening_commute
ST-666,-1.40453348915321,-0.781574914977498,3,evening_commute
ST-667,-1.14844707432057,-0.22821030834875,1,evening_commute
ST-668,-1.15814424744383,-0.0409064182159596,1,evening_commute
ST-669,-1.09493495522464,-0.623105483908528,3,evening_commute
ST-67,-0.0186172745922517,-1.64247603271885,4,evening_commute
ST-670,2.47327334276964,-0.0276061393494307,4,evening_commute
ST-671,-1.34289936909233,-0.803874422725246,3,evening_commute
ST-673,-1.0542247243606,-0.990732542693568,3,evening_commute
ST-674,-1.38261574487861,0.43227039759555,1,evening_commute
ST-675,-1.41322833077953,-0.741993798580783,3,evening_commute
ST-676,-1.1670872843614,-1.04025768140778,3,evening_commute
ST-677,-1.42051210885465,-0.584592910466938,3,evening_commute
ST-678,-1.44382478831428,-0.432639667423777,3,evening_commute
ST-679,-1.17188315468017,0.286803211556913,1,evening_commute
ST-68,-0.144696544445971,-1.84541976950013,3,evening_commute
ST-683,0.9985942771599,-0.591342011739255,4,evening_commute
ST-685,-1.53766421838353,-1.0081462253934,3,evening_commute
ST-686,-0.530857548507417,-0.167872734913357,1,evening_commute
ST-687,0.216970317359581,-0.583659606330513,4,evening_commute
ST-688,-0.141571406361599,-0.0157612333288622,1,evening_commute
ST-69,-0.154031908510131,-1.84113385063602,3,evening_commute
ST-690,0.370154281471929,-1.02135368865761,4,evening_commute
ST-691,0.767272737727254,0.0218031106454904,4,evening_commute
ST-692,1.48689660839315,-0.670341884366698,4,evening_commute
ST-693,1.87144762366024,-0.855968270862325,4,evening_commute
ST-694,2.15555781711632,0.231088954421199,2,evening_commute
ST-695,1.65467609062962,-1.07991294773662,4,evening_commute
ST-696,2.23190029821453,0.346076043507622,2,evening_commute
ST-697,1.99335445858162,-0.466367511597181,4,evening_commute
ST-699,0.21475358096548,-0.692780247123196,4,evening_commute
ST-7,1.39913092371634,-1.17096657879799,4,evening_commute
ST-70,-0.0634635398589242,-1.7803250329074,4,evening_commute
ST-700,0.569030371191937,-0.455547063855407,4,evening_commute
ST-701,0.610245044731413,-0.459989016718552,4,evening_commute
ST-702,-0.720101246259038,0.296976660394091,1,evening_commute
ST-703,-0.659908917328472,0.263842430064869,1,evening_commute
ST-704,-0.763514431118773,0.355738667556408,1,evening_commute
ST-705,-0.984361733622606,0.368373674241697,1,evening_commute
ST-707,-0.936264360543861,0.589477610750962,1,evening_commute
ST-708,-1.31672496117914,-1.02008678871926,3,evening_commute
ST-709,-1.29222762263073,0.656864749677241,1,evening_commute
ST-71,-0.153867820488327,-1.85455918053161,3,evening_commute
ST-712,1.87337419483894,0.603156722657438,2,evening_commute
ST-713,2.71156712349483,-0.460112274546799,4,evening_commute
ST-714,-0.557822129126255,0.847372219771895,1,evening_commute
ST-715,-0.526248509836981,1.07611201573874,1,evening_commute
ST-717,-0.918869091627811,1.21087824359453,1,evening_commute
ST-719,-0.622520878838915,1.34166512884429,1,evening_commute
ST-72,-0.119605618916392,-1.78733982586176,3,evening_commute
ST-720,-0.841905634005999,1.42996243611457,1,evening_commute
ST-721,-0.67940074895522,1.81879494881345,1,evening_commute
ST-722,0.0909947420940933,1.3202942746173,2,evening_commute
ST-723,-0.851092389541958,1.07635739534768,1,evening_commute
ST-724,-0.74306309669446,0.673194176267815,1,evening_commute
ST-725,-0.649902999509304,0.469722897083937,1,evening_commute
ST-726,-0.147833833560711,-0.210542516204597,4,evening_commute
ST-727,-1.02227543680068,-0.145742167408129,1,evening_commute
ST-728,-0.0282388113551812,-0.517976501068263,4,evening_commute
ST-729,2.09539930956824,0.426556506593124,2,evening_commute
ST-73,0.15860739926056,-1.44586479869775,4,evening_commute
ST-731,2.06058456362861,0.334580978409322,2,evening_commute
ST-732,2.27726495848444,0.67484104698408,2,evening_commute
ST-733,-0.582124322837324,0.198980117713739,1,evening_commute
ST-735,0.0153828948686937,0.956036199917755,1,evening_commute
ST-736,-0.427704068714737,1.43052028367569,1,evening_commute
ST-737,0.84797399094363,0.661202582935029,2,evening_commute
ST-738,0.99004252240924,0.389506074565835,2,evening_commute
ST-739,-0.992195127719913,-2.61082737267604,3,evening_commute
ST-74,-2.24801546737048,1.63481800158803,1,evening_commute
ST-740,0.654722330916677,-0.0712423047069273,4,evening_commute
ST-741,2.56675187041695,0.621020978656915,2,evening_commute
ST-742,1.64042491624449,1.49016858128664,2,evening_commute
ST-743,1.59963752453525,1.58171342867717,2,evening_commute
ST-744,1.68332015046149,1.66524327458627,2,evening_commute
ST-745,1.95199911807432,-0.188534336753815,4,evening_commute
ST-746,2.33334131285263,0.359289453879384,2,evening_commute
ST-747,1.81168772654787,0.0721409909534462,4,evening_commute
ST-748,1.5338539594173,-0.508376921181812,4,evening_commute
ST-749,1.78548122393826,-0.291436740469142,4,evening_commute
ST-750,1.94848763389842,-0.222283908159238,4,evening_commute
ST-751,2.58848368914393,-0.93857915577468,4,evening_commute
ST-752,1.91471953673744,0.565503575631809,2,evening_commute
ST-753,2.16106779147894,0.44812412523091,2,evening_commute
ST-754,2.08047785378184,0.52965492956073,2,evening_commute
ST-755,2.07430262806266,0.893478915306409,2,evening_commute
ST-756,2.13256577006368,0.891534809638744,2,evening_commute
ST-757,2.19153376207632,0.421072625480503,2,evening_commute
ST-758,2.00283312219753,0.284623641729827,2,evening_commute
ST-759,2.30155499395193,0.250342699970768,2,evening_commute
ST-76,0.521835672352415,-1.39949755582995,4,evening_commute
ST-760,2.14023536557462,0.315948561235673,2,evening_commute
ST-761,2.18556950172052,0.443644381189578,2,evening_commute
ST-762,2.18170524767254,1.04952835694371,2,evening_commute
ST-763,1.90978673369128,0.87451521030524,2,evening_commute
ST-764,1.96885339067957,0.982254593902389,2,evening_commute
ST-765,2.30929862976212,0.37303284691858,2,evening_commute
ST-766,1.83548115122648,1.10656216139786,2,evening_commute
ST-767,1.57579497493075,1.21473678413117,2,evening_commute
ST-768,1.68582341319247,1.29018154582857,2,evening_commute
ST-769,2.04012437914629,0.986613020872714,2,evening_commute
ST-77,0.513423162827526,-1.40545954825518,4,evening_commute
ST-770,1.63668008144234,1.02340268616105,2,evening_commute
ST-771,1.8384649905693,1.09050214225677,2,evening_commute
ST-772,1.60300630413855,1.21421250013234,2,evening_commute
ST-773,0.923998546522963,0.857848741090126,2,evening_commute
ST-774,1.35792448031923,1.32504972531404,2,evening_commute
ST-775,1.71017529560607,1.58966159436707,2,evening_commute
ST-776,3.64413580811455,-2.74922531718548,4,evening_commute
ST-777,2.11153130881018,-0.470401523480957,4,evening_commute
ST-778,1.01126625103977,0.325291437541277,2,evening_commute
ST-779,0.8066716434192,1.51800806468112,2,evening_commute
ST-78,0.471986558670472,-1.17691693668538,4,evening_commute
ST-780,1.98488280504203,-0.251374513345175,4,evening_commute
ST-781,1.69327816005243,1.33582373580758,2,evening_commute
ST-782,2.05047883121628,0.704200860905747,2,evening_commute
ST-783,2.02461249589604,-0.448237115929881,4,evening_commute
ST-784,1.88069015620478,-0.543753668882513,4,evening_commute
ST-786,1.60871379646573,-0.000715263802987301,4,evening_commute
ST-787,2.13250173202755,-0.0270770581223498,4,evening_commute
ST-788,2.0447730051803,-0.156959782879509,4,evening_commute
ST-789,2.21979124139585,-0.0195118578136965,4,evening_commute
ST-790,1.53910753155481,-1.5609942996599,4,evening_commute
ST-791,1.86725222029088,-0.76897630240901,4,evening_commute
ST-792,2.11334573382869,-0.675883597011266,4,evening_commute
ST-793,1.50222110551367,-0.6971011744074,4,evening_commute
ST-794,1.91908522260416,-0.655817600671808,4,evening_commute
ST-795,1.41214179271246,-0.94482926233271,4,evening_commute
ST-796,1.27230446447293,-1.13921171284819,4,evening_commute
ST-797,1.88283409714079,-0.204947720565034,4,evening_commute
ST-798,3.34084326021156,-1.10320027573724,4,evening_commute
ST-799,1.7059738237776,-0.398168690865499,4,evening_commute
ST-8,0.926329511842562,-1.01216922667426,4,evening_commute
ST-80,0.449768731763401,-1.52999919796495,4,evening_commute
ST-800,1.39787459825785,0.0065348167242397,4,evening_commute
ST-801,1.96523155269634,-0.274143502223529,4,evening_commute
ST-802,1.84537160582741,-0.096880515735091,4,evening_commute
ST-803,1.96544723388661,0.538685945275802,2,evening_commute
ST-804,1.82150114785445,0.756928688954762,2,evening_commute
ST-805,2.6809316549993,1.6898404055341,2,evening_commute
ST-806,-1.16385676529416,-1.91118312268643,3,evening_commute
ST-807,1.71775272108255,0.404515988336361,2,evening_commute
ST-808,1.96264133701027,0.467098355329299,2,evening_commute
ST-809,2.22988502840737,0.3465100976468,2,evening_commute
ST-81,0.357947447135579,-1.33412323243657,4,evening_commute
ST-810,2.18546184843719,0.641129534983167,2,evening_commute
ST-811,1.94055944094341,0.352725561385654,2,evening_commute
ST-812,1.20934110268003,0.642312025143106,2,evening_commute
ST-813,2.04662177712847,0.84863850172545,2,evening_commute
ST-814,1.83234029909762,0.752612307611642,2,evening_commute
ST-815,1.8492208188733,0.106101235596805,4,evening_commute
ST-816,1.9885527847114,0.677594882984998,2,evening_commute
ST-817,1.75133719660691,0.863802377636212,2,evening_commute
ST-818,1.76431998216658,1.24218509072803,2,evening_commute
ST-819,1.99140442288437,0.048560813682511,4,evening_commute
ST-82,1.04838297601851,-1.14607509264251,4,evening_commute
ST-820,1.81550196296784,1.30341455113162,2,evening_commute
ST-821,1.82190330110207,1.17320762812719,2,evening_commute
ST-822,1.43511678168902,1.26431884793463,2,evening_commute
ST-823,1.60137209873374,0.401645220457502,2,evening_commute
ST-824,-2.5308040751121,-1.09664949941703,3,evening_commute
ST-825,-1.18960425946768,0.659242116024021,1,evening_commute
ST-826,-1.09014664579656,1.2301110955413,1,evening_commute
ST-827,-1.17267931443956,-0.00294882839304373,1,evening_commute
ST-828,-2.57266216257417,-0.955989356978789,3,evening_commute
ST-829,-1.68899941403109,-0.797865457160006,3,evening_commute
ST-83,0.0563074140991201,-1.32203229175987,4,evening_commute
ST-830,0.526947020715363,-0.0832276963503254,4,evening_commute
ST-831,-2.52292231464124,-0.957493311027716,3,evening_commute
ST-833,-1.55187817306145,0.764640945862675,1,evening_commute
ST-834,-2.26560103287816,-1.51341049058651,3,evening_commute
ST-835,0.644841527267582,-2.86941150363097,4,evening_commute
ST-838,0.937288813637386,0.153252432245772,4,evening_commute
ST-839,1.16993985523102,-0.066869543117799,4,evening_commute
ST-84,0.705921629269077,-1.1970816054292,4,evening_commute
ST-840,1.47051801385063,-1.03973561761972,4,evening_commute
ST-842,-0.999667863275066,0.338061438499469,1,evening_commute
ST-847,-0.107952116220484,0.230051551220338,1,evening_commute
ST-849,0.130518085155512,-0.614723587759445,4,evening_commute
ST-85,0.883237911703193,-1.3446193077892,4,evening_commute
ST-850,-0.251321515064585,-0.197993700381083,1,evening_commute
ST-852,-0.30490230940928,-0.732109929274404,4,evening_commute
ST-853,0.301929167635827,0.676268579790606,2,evening_commute
ST-854,0.11073868545751,0.238799670412403,1,evening_commute
ST-855,-0.274895751412112,0.284443467993608,1,evening_commute
ST-856,0.0309406736815667,0.458918367411179,1,evening_commute
ST-857,-0.00204362533132993,0.214054147101442,1,evening_commute
ST-859,0.502227341258318,1.04816955973668,2,evening_commute
ST-86,0.567967333104072,-1.28495725974395,4,evening_commute
ST-860,1.24277347522598,1.02468144322875,2,evening_commute
ST-861,0.0136286626494673,3.19269116033503,2,evening_commute
ST-862,0.843786041844997,1.02928034182515,2,evening_commute
ST-863,0.64119620641028,0.890215670021716,2,evening_commute
ST-864,2.28679755623152,-1.0524342071256,4,evening_commute
ST-866,-0.0876491942196609,0.916061168239295,1,evening_commute
ST-867,-0.854692620983113,1.38708994274304,1,evening_commute
ST-868,-0.425191695680299,1.77736104721633,1,evening_commute
ST-869,-0.54568343271071,1.7382770012374,1,evening_commute
ST-87,1.04065046666582,-1.07563094507822,4,evening_commute
ST-870,-1.40251610940481,0.289538320927937,1,evening_commute
ST-871,-1.3861119297644,0.526724385649208,1,evening_commute
ST-872,-1.36084245192981,-0.311948331328143,3,evening_commute
ST-873,-1.48959465362695,-0.912184682037107,3,evening_commute
ST-874,-1.34277721644135,0.719058437895405,1,evening_commute
ST-875,-1.34453506951188,0.447259261538436,1,evening_commute
ST-876,-1.38308456704805,0.688878286115922,1,evening_commute
ST-877,0.949810829649738,-0.727959080486183,4,evening_commute
ST-879,1.89341031452965,1.47561253808663,2,evening_commute
ST-88,0.828955573959645,-1.00217662241748,4,evening_commute
ST-880,2.0350027175403,1.12072819672789,2,evening_commute
ST-881,1.80371344541196,1.20185687754935,2,evening_commute
ST-882,-0.828693763425262,1.0000709077092,1,evening_commute
ST-883,-1.24013950645431,0.130356142445653,1,evening_commute
ST-884,-0.15922597663092,1.05426535203129,1,evening_commute
ST-885,0.912915981679035,1.13690571307744,2,evening_commute
ST-886,-1.13548235844814,0.144714931261667,1,evening_commute
ST-887,-0.450845890674339,1.3916640275354,1,evening_commute
ST-889,1.51752462840513,1.15152228794057,2,evening_commute
ST-89,1.05095603508645,-0.831993465976823,4,evening_commute
ST-890,1.7039861980714,1.22976166545554,2,evening_commute
ST-891,1.31610107819688,-0.318585514024606,4,evening_commute
ST-892,0.779668029459479,-0.161131773454132,4,evening_commute
ST-894,1.15226378898067,-0.624681184567134,4,evening_commute
ST-895,1.00133848934165,1.11350095171521,2,evening_commute
ST-896,0.865411336909159,0.166999648105342,4,evening_commute
ST-897,0.438291617263716,0.721574471196173,2,evening_commute
ST-899,0.883650760418407,1.02765099732014,2,evening_commute
ST-9,1.13729110277081,-1.12987466290023,4,evening_commute
ST-90,0.726086957514358,-1.32974836206132,4,evening_commute
ST-900,0.627804955660868,0.896797473442898,2,evening_commute
ST-901,0.772629481591274,1.13468002940998,2,evening_commute
ST-902,0.611764674995579,1.39722436623531,2,evening_commute
ST-903,0.830069870823826,1.22118016469642,2,evening_commute
ST-904,0.772011748263553,1.02502748870395,2,evening_commute
ST-905,0.639876355992036,1.25706905726517,2,evening_commute
ST-906,1.00390007795883,1.18809945609458,2,evening_commute
ST-907,0.84107596627516,1.19124148404674,2,evening_commute
ST-908,0.981788825789751,-0.0034313788315453,4,evening_commute
ST-909,1.02953447185194,2.18837631359642,2,evening_commute
ST-91,0.824739386469852,-1.27368162366939,4,evening_commute
ST-910,0.0179941433415374,0.363906644162547,1,evening_commute
ST-912,-0.262049187635995,-0.335455993846773,4,evening_commute
ST-913,-0.15748282898201,1.00715445660026,1,evening_commute
ST-914,-0.700703515627219,1.47786832473675,1,evening_commute
ST-915,-0.0724041223502323,1.87678492867838,2,evening_commute
ST-916,0.174568512107662,1.75701072561916,2,evening_commute
ST-918,-1.09712504267111,-0.620676831416502,3,evening_commute
ST-919,-1.3705217027419,-0.718258742396647,3,evening_commute
ST-92,1.2490655268761,-1.37247362874003,4,evening_commute
ST-920,-1.48918186405708,-0.761420078749905,3,evening_commute
ST-923,2.17429825704592,0.477153428638079,2,evening_commute
ST-924,1.94452955142726,0.545168432844862,2,evening_commute
ST-925,1.7073041983199,1.71073253485945,2,evening_commute
ST-926,1.96564233318,1.2654734373608,2,evening_commute
ST-927,2.32173772660576,0.275883822772189,2,evening_commute
ST-928,2.09644515472919,0.219793833145523,2,evening_commute
ST-929,1.68263804560226,1.81904829165869,2,evening_commute
ST-93,0.756009369491805,-1.10288522140859,4,evening_commute
ST-930,0.942657722376768,0.863204509625704,2,evening_commute
ST-931,-1.15618513975386,0.642870742891168,1,evening_commute
ST-932,1.7463777886534,-0.599348455479097,4,evening_commute
ST-933,1.52543182584961,-0.418867163609815,4,evening_commute
ST-934,2.40609572590123,-1.26327016527377,4,evening_commute
ST-935,2.15975804003225,0.29155867618195,2,evening_commute
ST-936,-1.19321486324988,0.167426140256044,1,evening_commute
ST-937,1.12327082069366,1.27478748276445,2,evening_commute
ST-938,0.395417063825767,-0.268445048564669,4,evening_commute
ST-939,1.41118225788793,-0.0979928008001509,4,evening_commute
ST-94,0.734788089506619,-1.19507402173009,4,evening_commute
ST-941,1.05463977841941,-1.042012595141,4,evening_commute
ST-942,-0.0497403911726587,-0.237774621302241,4,evening_commute
ST-943,-1.3076432094271,0.105110199549978,1,evening_commute
ST-944,-1.22704534387769,0.308496720627527,1,evening_commute
ST-946,-0.920238312562411,0.146819540543693,1,evening_commute
ST-947,-1.06670006561308,0.162124201790905,1,evening_commute
ST-948,0.966620574984587,0.818019561194724,2,evening_commute
ST-949,2.14266629641243,0.315261704474449,2,evening_commute
ST-95,0.643423305218181,-1.27134015151352,4,evening_commute
ST-950,-1.24452907369395,0.154329202691664,1,evening_commute
ST-951,-0.849909274252276,0.108441636451359,1,evening_commute
ST-952,-0.914518303225431,0.268806163888935,1,evening_commute
ST-953,2.06804310884645,-0.373432277909451,4,evening_commute
ST-954,1.99754625864155,-0.215020938467326,4,evening_commute
ST-955,2.20638416066002,2.28389535248745,2,evening_commute
ST-956,1.96815263358501,0.968689510913378,2,evening_commute
ST-957,1.80790864287944,1.59211187939371,2,evening_commute
ST-958,1.91842516291379,1.18656800411708,2,evening_commute
ST-959,2.08037443378233,0.498107041324594,2,evening_commute
ST-96,0.432514554995158,-1.09230608318128,4,evening_commute
ST-960,2.03422304618907,0.663025556672544,2,evening_commute
ST-961,2.1826617075244,-0.321721925339161,4,evening_commute
ST-962,2.02895874027735,-0.294834981389787,4,evening_commute
ST-963,2.00624354341119,-0.356552298903556,4,evening_commute
ST-964,0.595379003881086,0.885260478289736,2,evening_commute
ST-965,-0.515384002609643,1.26747481243882,1,evening_commute
ST-966,1.39604010377031,-0.191244576864317,4,evening_commute
ST-967,-0.0553312690621365,-1.08465808078505,4,evening_commute
ST-968,1.19802863824649,-1.23534939754701,4,evening_commute
ST-97,0.443293725792039,-2.01012373259688,4,evening_commute
ST-970,0.266990783960487,0.921129269591213,2,evening_commute
ST-971,0.0590695213407242,0.640722715404024,1,evening_commute
ST-972,0.275414045853757,-2.090305959827,4,evening_commute
ST-973,0.325016474031482,-1.93103810455359,4,evening_commute
ST-974,0.293756816692602,-2.01476146822918,4,evening_commute
ST-975,-2.55359781763632,-1.13552716881422,3,evening_commute
ST-976,-0.694344116761962,0.915803941082043,1,evening_commute
ST-977,-1.92933300587715,0.318348768439146,1,evening_commute
ST-978,-1.64682567448181,0.291215055220137,1,evening_commute
ST-979,-1.9612577894449,0.575427136530867,1,evening_commute
ST-98,0.886860735768688,-1.75475605660409,4,evening_commute
ST-980,0.834599982051287,-1.84095564869823,4,evening_commute
ST-981,0.944269266682664,0.971654016713829,2,evening_commute
ST-983,-0.135483933591168,-0.946447498764903,4,evening_commute
ST-984,0.80747853980111,-2.09856564556316,4,evening_commute
ST-985,-0.235456270055888,-0.899469362517463,4,evening_commute
ST-986,0.830453608096667,-1.51049192634696,4,evening_commute
ST-987,0.721565462089323,-1.89111894579947,4,evening_commute
ST-988,0.762947613271702,-1.89672650799557,4,evening_commute
ST-99,0.719740841783242,-1.77807234741016,4,evening_commute
ST-990,0.0158022788345322,-1.35935304899904,4,evening_commute
ST-991,0.868130010654313,-1.53967170129043,4,evening_commute
ST-992,-0.474104171987459,-0.633478513974765,3,evening_commute
ST-993,-1.15507718967947,-1.63846814435652,3,evening_commute
ST-994,-1.04361077174181,-1.62997095195469,3,evening_commute
ST-995,-1.36546962056605,-0.564927488784655,3,evening_commute
ST-996,-1.45890891678228,-1.03063836292681,3,evening_commute
ST-997,-1.0073066782251,-1.56327251424221,3,evening_commute
